time_utc,potential_m2_s2,eps_NN,eps_EE,eps_NE,areal_strain
2026-06-16 23:48:00+00:00,3.075285008850759,1.4180313896068061e-08,2.043152863949852e-08,7.82367535094761e-10,3.461184253556658e-08
2026-06-16 23:49:00+00:00,3.051437704755856,1.4010491492004317e-08,2.033295258591035e-08,7.728245881634369e-10,3.434344407791467e-08
2026-06-16 23:50:00+00:00,3.027502280117747,1.3840103302215403e-08,2.0233951161875674e-08,7.630196253338719e-10,3.4074054464091074e-08
2026-06-16 23:51:00+00:00,3.0034800580387135,1.3669160078211473e-08,2.013452907221025e-08,7.529519025113963e-10,3.380368915042172e-08
2026-06-16 23:52:00+00:00,2.9793723652918858,1.3497671592179079e-08,2.0034688964712247e-08,7.426212774655192e-10,3.353236055689133e-08
2026-06-16 23:53:00+00:00,2.955180532503999,1.3325647772916643e-08,1.9934435806824232e-08,7.320270483338914e-10,3.326008357974087e-08
2026-06-16 23:54:00+00:00,2.930905893889894,1.3153101449155277e-08,1.9833775971394733e-08,7.211688016726915e-10,3.298687742055001e-08
2026-06-16 23:55:00+00:00,2.9065497708469503,1.298004156514102e-08,1.973271114136442e-08,7.100463046194296e-10,3.271275270650544e-08
2026-06-16 23:56:00+00:00,2.882113537300639,1.280647990057105e-08,1.9631247740391196e-08,6.986590326940986e-10,3.243772764096225e-08
2026-06-16 23:57:00+00:00,2.8575985214280406,1.2632425763648662e-08,1.9529388981787674e-08,6.870066100883625e-10,3.2161814745436335e-08
2026-06-16 23:58:00+00:00,2.8330060711314324,1.2457890921461416e-08,1.9427140107979357e-08,6.750887254333637e-10,3.188503102944077e-08
2026-06-16 23:59:00+00:00,2.808337537453666,1.2282885559719184e-08,1.932450511869439e-08,6.629050419770754e-10,3.1607390678413574e-08
2026-06-17 00:00:00+00:00,2.7835942745377937,1.2107420550704382e-08,1.9221488775696845e-08,6.504554189039904e-10,3.1328909326401224e-08
2026-06-17 00:01:00+00:00,2.7587776395809143,1.1931507094667101e-08,1.9118094505887714e-08,6.377392657921415e-10,3.1049601600554815e-08
2026-06-17 00:02:00+00:00,2.7338889925610874,1.1755155284551236e-08,1.901432868217518e-08,6.247566674349018e-10,3.076948396672641e-08
2026-06-17 00:03:00+00:00,2.7089296964278415,1.1578376495561288e-08,1.8910195065706028e-08,6.115072221495286e-10,3.048857156126732e-08
2026-06-17 00:04:00+00:00,2.6839011168251647,1.1401180994759958e-08,1.8805696716879273e-08,5.979907608024651e-10,3.0206877711639235e-08
2026-06-17 00:05:00+00:00,2.6588046220445034,1.1223580388033812e-08,1.8700840734271843e-08,5.842070148967356e-10,2.992442112230566e-08
2026-06-17 00:06:00+00:00,2.6336415660931474,1.1045585128501641e-08,1.8595629510915792e-08,5.701561939153981e-10,2.9641214639417432e-08
2026-06-17 00:07:00+00:00,2.6084133559483043,1.0867206001888561e-08,1.8490069637013948e-08,5.5583778235344e-10,2.9357275638902507e-08
2026-06-17 00:08:00+00:00,2.583121350511366,1.0688454284601183e-08,1.838416346575024e-08,5.412518273361408e-10,2.9072617750351424e-08
2026-06-17 00:09:00+00:00,2.557766927774145,1.0509340482367677e-08,1.8277917194817307e-08,5.263981234543355e-10,2.8787257677184985e-08
2026-06-17 00:10:00+00:00,2.532351467930339,1.0329875838504232e-08,1.8171335130861917e-08,5.112767714454901e-10,2.850121096936615e-08
2026-06-17 00:11:00+00:00,2.5068763533291305,1.015007197530785e-08,1.8064421511825274e-08,4.958876617828776e-10,2.8214493487133123e-08
2026-06-17 00:12:00+00:00,2.481342968192398,9.96993772758697e-09,1.795718086848003e-08,4.802307512033852e-10,2.7927118596067e-08
2026-06-17 00:13:00+00:00,2.4557526988108833,9.78948654650869e-09,1.7849617479619964e-08,4.643061181672735e-10,2.7639104026128654e-08
2026-06-17 00:14:00+00:00,2.4301069332650456,9.608727602620893e-09,1.7741737465324812e-08,4.4811383365642076e-10,2.7350465067945703e-08
2026-06-17 00:15:00+00:00,2.4044070613786817,9.427673008276993e-09,1.7633544320454783e-08,4.316538688475808e-10,2.7061217328731776e-08
2026-06-17 00:16:00+00:00,2.378654474678871,9.246333399954913e-09,1.752504292447557e-08,4.1492613220691313e-10,2.6771376324430483e-08
2026-06-17 00:17:00+00:00,2.352850548783001,9.064719678298171e-09,1.741623753554405e-08,3.979310678970664e-10,2.6480957213842223e-08
2026-06-17 00:18:00+00:00,2.326996712858476,8.882843738785112e-09,1.7307133241164736e-08,3.806685706684383e-10,2.6189976979949848e-08
2026-06-17 00:19:00+00:00,2.3010943455076363,8.700714839485127e-09,1.7197734238563254e-08,3.6313908775751995e-10,2.589844907804838e-08
2026-06-17 00:20:00+00:00,2.2751448439040116,8.518345939760668e-09,1.7088046193437025e-08,3.453422759528663e-10,2.5606392133197695e-08
2026-06-17 00:21:00+00:00,2.249149606470222,8.335747145768475e-09,1.697807286991214e-08,3.2727885401236573e-10,2.5313820015680614e-08
2026-06-17 00:22:00+00:00,2.2231100325833912,8.152929169817362e-09,1.686781904400509e-08,3.089488137725947e-10,2.502074821382245e-08
2026-06-17 00:23:00+00:00,2.1970275227826708,7.969904108384005e-09,1.6757289867754806e-08,2.90352434618643e-10,2.4727193976138813e-08
2026-06-17 00:24:00+00:00,2.1709034784803007,7.786681977118345e-09,1.6646489407796842e-08,2.7149002507523685e-10,2.4433171384915186e-08
2026-06-17 00:25:00+00:00,2.144739301914952,7.603275306766442e-09,1.6535423470390693e-08,2.5236168318875234e-10,2.4138698777157135e-08
2026-06-17 00:26:00+00:00,2.118536396117147,7.419693949531239e-09,1.6424095134850632e-08,2.3296799729437344e-10,2.3843789084381873e-08
2026-06-17 00:27:00+00:00,2.0922961646128155,7.235949195037213e-09,1.631250985449308e-08,2.1330916070520362e-10,2.3548459049530295e-08
2026-06-17 00:28:00+00:00,2.066020011634211,7.052052518811349e-09,1.6200673180208882e-08,1.9338546983550446e-10,2.325272569902023e-08
2026-06-17 00:29:00+00:00,2.0397093241687156,6.868014155319425e-09,1.6088588295731e-08,1.7319742801816075e-10,2.2956602451050425e-08
2026-06-17 00:30:00+00:00,2.013365542521739,6.683846644870619e-09,1.597626157953838e-08,1.5274547731991963e-10,2.2660108224409e-08
2026-06-17 00:31:00+00:00,1.986990054409298,6.499559512651313e-09,1.5863696084055898e-08,1.3202999494173574e-10,2.236325559670721e-08
2026-06-17 00:32:00+00:00,1.960584265213784,6.315165319775689e-09,1.5750897777959988e-08,1.1105154159340598e-10,2.2066063097735678e-08
2026-06-17 00:33:00+00:00,1.9341495805692788,6.130674809147772e-09,1.563787080846606e-08,8.981032008662749e-11,2.1768545617613834e-08
2026-06-17 00:34:00+00:00,1.9076874060638975,5.946097559210861e-09,1.5524619685640367e-08,6.830713411482387e-11,2.147071724485123e-08
2026-06-17 00:35:00+00:00,1.8811991472001777,5.761446191932905e-09,1.5411149874293375e-08,4.65423002648672e-11,2.117259606622628e-08
2026-06-17 00:36:00+00:00,1.8546862093553305,5.576731835742137e-09,1.529746542388095e-08,2.451653328513767e-11,2.0874197259623088e-08
2026-06-17 00:37:00+00:00,1.8281499974824118,5.391964779265191e-09,1.5183571471690365e-08,2.2303558403367596e-12,2.0575536250955556e-08
2026-06-17 00:38:00+00:00,1.8015919163302905,5.207156950718248e-09,1.5069473242567104e-08,-2.0315624727807778e-11,2.0276630193285353e-08
2026-06-17 00:39:00+00:00,1.7750133701450663,5.022318094660327e-09,1.495517353926031e-08,-4.3120808637593314e-11,1.9977491633920637e-08
2026-06-17 00:40:00+00:00,1.7484157447896433,4.837460852267932e-09,1.4840679529963675e-08,-6.61845703728047e-11,1.967814038223161e-08
2026-06-17 00:41:00+00:00,1.721800479056025,4.6525952421179866e-09,1.4725994234695585e-08,-8.950623464416401e-11,1.9378589476813572e-08
2026-06-17 00:42:00+00:00,1.6951689573604072,4.4677327870883715e-09,1.4611123071494192e-08,-1.1308492385755615e-10,1.9078855858582564e-08
2026-06-17 00:43:00+00:00,1.6685225812863638,4.282884310341807e-09,1.4496071542993666e-08,-1.3692033558370165e-10,1.8778955853335472e-08
2026-06-17 00:44:00+00:00,1.6418627514572304,4.098060297452774e-09,1.4380842223412288e-08,-1.6101133582457504e-10,1.8478902520865062e-08
2026-06-17 00:45:00+00:00,1.615190867503473,3.913272925659853e-09,1.4265441912979431e-08,-1.8535739721527653e-10,1.8178714838639283e-08
2026-06-17 00:46:00+00:00,1.58850832796718,3.728532541046497e-09,1.4149874755506434e-08,-2.0995749273744826e-10,1.787840729655293e-08
2026-06-17 00:47:00+00:00,1.5618165302641929,3.5438507920662748e-09,1.4034145792535567e-08,-2.3481109132861547e-10,1.7577996584601844e-08
2026-06-17 00:48:00+00:00,1.535116870390702,3.3592371346585715e-09,1.3918257815805468e-08,-2.599172266756212e-10,1.727749495046404e-08
2026-06-17 00:49:00+00:00,1.5084107431342604,3.174703609740008e-09,1.3802218751968544e-08,-2.8527494894561367e-10,1.697692236170855e-08
2026-06-17 00:50:00+00:00,1.4816995417871779,2.9902612886926627e-09,1.3686030631268373e-08,-3.1088349992228193e-10,1.6676291919961035e-08
2026-06-17 00:51:00+00:00,1.4549846401884392,2.8059206371286664e-09,1.3569699610197023e-08,-3.3674203709910944e-10,1.6375620247325688e-08
2026-06-17 00:52:00+00:00,1.428267464342069,2.621692594724292e-09,1.3453229008825979e-08,-3.6284944607719435e-10,1.607492160355027e-08
2026-06-17 00:53:00+00:00,1.4015493846421112,2.437588548904399e-09,1.3336625262233428e-08,-3.8920498183922106e-10,1.5774213811137826e-08
2026-06-17 00:54:00+00:00,1.374831787741306,2.253619417373522e-09,1.3219893558057555e-08,-4.1580762880460834e-10,1.547351297543108e-08
2026-06-17 00:55:00+00:00,1.3481160583467875,2.0697952334909016e-09,1.3103035506688754e-08,-4.4265624935352645e-10,1.5172830740179657e-08
2026-06-17 00:56:00+00:00,1.3214035791771368,1.88612750373558e-09,1.2986059166587148e-08,-4.697500078333303e-10,1.4872186670322727e-08
2026-06-17 00:57:00+00:00,1.2946957309316318,1.7026266107567521e-09,1.286896628374972e-08,-4.970877528043744e-10,1.4571592894506471e-08
2026-06-17 00:58:00+00:00,1.267993891992677,1.5193042280723535e-09,1.2751764684161644e-08,-5.246684779643001e-10,1.4271068912233998e-08
2026-06-17 00:59:00+00:00,1.241299438644889,1.3361697107490585e-09,1.263445683743369e-08,-5.524910362917114e-10,1.397062654818275e-08
2026-06-17 01:00:00+00:00,1.2146137447834924,1.153235226197424e-09,1.25170486491163e-08,-5.805543981431859e-10,1.3670283875313723e-08
2026-06-17 01:01:00+00:00,1.1879381818726809,9.705108290837068e-10,1.2399543581444597e-08,-6.088574575898304e-10,1.3370054410528304e-08
2026-06-17 01:02:00+00:00,1.1612741010395946,7.880072730170558e-10,1.2281947208477374e-08,-6.373989471636979e-10,1.3069954481494429e-08
2026-06-17 01:03:00+00:00,1.1346229042933038,6.057356538896915e-10,1.216426380191299e-08,-6.661778334980216e-10,1.276999945580268e-08
2026-06-17 01:04:00+00:00,1.1079859374555516,4.2370568912379974e-10,1.2046499011575588e-08,-6.951927333740602e-10,1.2470204700699387e-08
2026-06-17 01:05:00+00:00,1.0813645614075524,2.419293308757441e-10,1.1928655859191178e-08,-7.244427236912712e-10,1.2170585190066923e-08
2026-06-17 01:06:00+00:00,1.0547601341644215,6.041668297408783e-11,1.1810740523700945e-08,-7.539263252855648e-10,1.1871157206675033e-08
2026-06-17 01:07:00+00:00,1.0281740108420847,-1.208225369175523e-10,1.1692756234253773e-08,-7.836423050345009e-10,1.1571933697336222e-08
2026-06-17 01:08:00+00:00,1.0016075433621474,-3.017764631920272e-10,1.1574709191433229e-08,-8.135895097376804e-10,1.1272932728241201e-08
2026-06-17 01:09:00+00:00,0.9750620806782975,-4.824353481727754e-10,1.1456603146495841e-08,-8.437664927605707e-10,1.0974167798323065e-08
2026-06-17 01:10:00+00:00,0.948538968482044,-6.627884907584675e-10,1.1338443317448537e-08,-8.741719564168906e-10,1.067565482669007e-08
2026-06-17 01:11:00+00:00,0.9220395491703012,-8.428257290652263e-10,1.1220233426491274e-08,-9.04804664375066e-10,1.0377407697426047e-08
2026-06-17 01:12:00+00:00,0.8955651618053921,-1.0225355007851752e-09,1.1101978912349576e-08,-9.35663215632786e-10,1.00794434115644e-08
2026-06-17 01:13:00+00:00,0.8691171418350555,-1.2019090990290438e-09,1.0983683668962307e-08,-9.667460813444999e-10,9.781774569933262e-09
2026-06-17 01:14:00+00:00,0.8426968035990985,-1.3809347376847563e-09,1.0865352486397668e-08,-9.980519129833775e-10,9.484417748712911e-09
2026-06-17 01:15:00+00:00,0.8163055108940088,-1.5596026749282302e-09,1.0746990521284334e-08,-1.0295794016459822e-09,9.187387846356104e-09
2026-06-17 01:16:00+00:00,0.789944570631191,-1.7379021664191563e-09,1.0628602069301002e-08,-1.061327002887648e-09,8.890699902881846e-09
2026-06-17 01:17:00+00:00,0.7636153036983058,-1.9158231088186646e-09,1.0510192180622852e-08,-1.093293187396542e-09,8.594369071804187e-09
2026-06-17 01:18:00+00:00,0.7373190269427408,-2.0933562138277764e-09,1.0391764105340452e-08,-1.1254765741672773e-09,8.298407891512676e-09
2026-06-17 01:19:00+00:00,0.7110570533932054,-2.2704900661585122e-09,1.027332314643836e-08,-1.1578755386449918e-09,8.002833080279849e-09
2026-06-17 01:20:00+00:00,0.6848306919696882,-2.4472146034624437e-09,1.0154874537705023e-08,-1.1904887380557704e-09,7.70765993424258e-09
2026-06-17 01:21:00+00:00,0.658641247459118,-2.623519952549131e-09,1.0036421871211941e-08,-1.2233143277650672e-09,7.41290191866281e-09
2026-06-17 01:22:00+00:00,0.6324900204777015,-2.7993959223580435e-09,9.917970172924218e-09,-1.256350869231251e-09,7.118574250566175e-09
2026-06-17 01:23:00+00:00,0.6063783071912542,-2.9748327528246876e-09,9.799524076897377e-09,-1.2895968781220352e-09,6.8246913240726895e-09
2026-06-17 01:24:00+00:00,0.5803073995287417,-3.1498200681874536e-09,9.681087554029769e-09,-1.3230505154788696e-09,6.531267485842316e-09
2026-06-17 01:25:00+00:00,0.554278567468335,-3.3243482867362506e-09,9.562665006930975e-09,-1.3567103724131464e-09,6.238316720194724e-09
2026-06-17 01:26:00+00:00,0.5282931287909695,-3.4984068128277895e-09,9.44426157261008e-09,-1.3905746213016204e-09,5.945854759782291e-09
2026-06-17 01:27:00+00:00,0.5023523443239626,-3.6719858845293657e-09,9.325881823883617e-09,-1.4246416230611278e-09,5.653895939354251e-09
2026-06-17 01:28:00+00:00,0.4764574875039409,-3.845076252343069e-09,9.20752901062474e-09,-1.4589096562445777e-09,5.362452758281672e-09
2026-06-17 01:29:00+00:00,0.45060982713390557,-4.017667540053164e-09,9.08920895075482e-09,-1.4933771536914635e-09,5.071541410701656e-09
2026-06-17 01:30:00+00:00,0.42481062709997364,-4.189749941255864e-09,8.970925903045457e-09,-1.528042229725077e-09,4.7811759617895925e-09
2026-06-17 01:31:00+00:00,0.39906114634434353,-4.361314115157435e-09,8.85268361489597e-09,-1.5629031273350215e-09,4.491369499738535e-09
2026-06-17 01:32:00+00:00,0.37336263883051113,-4.532350313897704e-09,8.7344864954307e-09,-1.5979580128906116e-09,4.202136181532995e-09
2026-06-17 01:33:00+00:00,0.34771635327588213,-4.702848191130221e-09,8.616339874726822e-09,-1.6332052801807285e-09,3.9134916835966e-09
2026-06-17 01:34:00+00:00,0.322123533364019,-4.872798598228506e-09,8.498248069124715e-09,-1.6686430779550362e-09,3.625449470896209e-09
2026-06-17 01:35:00+00:00,0.29658541747239264,-5.042192378129403e-09,8.380213466942196e-09,-1.7042694203482462e-09,3.3380210888127933e-09
2026-06-17 01:36:00+00:00,0.27110322157079025,-5.211019590365964e-09,8.262243121765934e-09,-1.7400825034513222e-09,3.05122353139997e-09
2026-06-17 01:37:00+00:00,0.2456782075149473,-5.379270716766983e-09,8.144340356039244e-09,-1.7760804893736543e-09,2.765069639272261e-09
2026-06-17 01:38:00+00:00,0.2203115802415977,-5.546936609915428e-09,8.02650856774129e-09,-1.812261572000934e-09,2.479571957825862e-09
2026-06-17 01:39:00+00:00,0.19500455637766811,-5.714007830388318e-09,7.90875288590273e-09,-1.8486236684715938e-09,2.1947450555144125e-09
2026-06-17 01:40:00+00:00,0.169758346857665,-5.8804747699016995e-09,7.791077646602806e-09,-1.8851650355642967e-09,1.910602876701107e-09
2026-06-17 01:41:00+00:00,0.14457415690527475,-6.046328517039258e-09,7.673487532038244e-09,-1.9218835043071413e-09,1.6271590149989861e-09
2026-06-17 01:42:00+00:00,0.11945318600159338,-6.211559693542525e-09,7.55598599784615e-09,-1.9587773142936153e-09,1.3444263043036244e-09
2026-06-17 01:43:00+00:00,0.09439662762098966,-6.3761590090241944e-09,7.438578004752081e-09,-1.9958443850731224e-09,1.0624189957278862e-09
2026-06-17 01:44:00+00:00,0.06940566944113657,-6.540117781254405e-09,7.321267354632417e-09,-2.0330826573111183e-09,7.811495733780119e-10
2026-06-17 01:45:00+00:00,0.04448149308485261,-6.7034259090869875e-09,7.204058579093104e-09,-2.0704902032421675e-09,5.006326700061169e-10
2026-06-17 01:46:00+00:00,0.01962527409019965,-6.866075708034049e-09,7.086955002278138e-09,-2.1080649960063408e-09,2.2087929424408889e-10
2026-06-17 01:47:00+00:00,-0.005161834710331159,-7.028057698297705e-09,6.969962240967911e-09,-2.1458050439497426e-09,-5.809545732979406e-11
2026-06-17 01:48:00+00:00,-0.029878637015407383,-7.18936271141528e-09,6.8530837254503395e-09,-2.1837079863454764e-09,-3.3627898596494044e-10
2026-06-17 01:49:00+00:00,-0.05452399256596885,-7.349982075518751e-09,6.736322926575616e-09,-2.2217720294184354e-09,-6.136591489431348e-10
2026-06-17 01:50:00+00:00,-0.07909675087661727,-7.509906811028294e-09,6.619685508446204e-09,-2.2599949330938098e-09,-8.9022130258209e-10
2026-06-17 01:51:00+00:00,-0.1035957679012458,-7.6691284109577e-09,6.503174625033609e-09,-2.298374634172626e-09,-1.1659537859240905e-09
2026-06-17 01:52:00+00:00,-0.12801990606128427,-7.827638177100778e-09,6.386794736472378e-09,-2.336908955788085e-09,-1.4408434406284002e-09
2026-06-17 01:53:00+00:00,-0.15236803449481867,-7.985427573135166e-09,6.270549464592127e-09,-2.375595798391202e-09,-1.7148781085430395e-09
2026-06-17 01:54:00+00:00,-0.17663902884948873,-8.142487334685937e-09,6.154443452043407e-09,-2.414432863304973e-09,-1.98804388264253e-09
2026-06-17 01:55:00+00:00,-0.2008317715361615,-8.298810075890308e-09,6.0384803316826695e-09,-2.4534180442262737e-09,-2.260329744207639e-09
2026-06-17 01:56:00+00:00,-0.22494515175477126,-8.454386364821777e-09,5.922664617507862e-09,-2.4925490998356204e-09,-2.531721747313915e-09
2026-06-17 01:57:00+00:00,-0.24897806550834956,-8.609208379831889e-09,5.806999892992975e-09,-2.531823872651559e-09,-2.802208486838914e-09
2026-06-17 01:58:00+00:00,-0.2729294158593557,-8.763267636224535e-09,5.691490711017007e-09,-2.571240074402839e-09,-3.071776925207528e-09
2026-06-17 01:59:00+00:00,-0.2967981286947715,-8.916555802632127e-09,5.576140167824848e-09,-2.6107955330600458e-09,-3.3404156348072793e-09
2026-06-17 02:00:00+00:00,-0.3205830890131528,-9.069064525789942e-09,5.460952607084062e-09,-2.6504878174326512e-09,-3.60811191870588e-09
2026-06-17 02:01:00+00:00,-0.3442832369731784,-9.220785761426914e-09,5.345932606282771e-09,-2.690314786250046e-09,-3.874853155144142e-09
2026-06-17 02:02:00+00:00,-0.3678975038381343,-9.371711476344486e-09,5.231083765250378e-09,-2.730274051161372e-09,-4.140627711094108e-09
2026-06-17 02:03:00+00:00,-0.3914248282525729,-9.521833462412326e-09,5.116409715505666e-09,-2.7703632835270825e-09,-4.40542374690666e-09
2026-06-17 02:04:00+00:00,-0.4148641560392427,-9.671144013616427e-09,5.0019139513516724e-09,-2.810580203031358e-09,-4.669230062264755e-09
2026-06-17 02:05:00+00:00,-0.43821444043615093,-9.819634958335201e-09,4.88760182118225e-09,-2.850922563484215e-09,-4.932033137152951e-09
2026-06-17 02:06:00+00:00,-0.46147464211885003,-9.967298659415254e-09,4.7734757308172046e-09,-2.891387876160187e-09,-5.193822928598049e-09
2026-06-17 02:07:00+00:00,-0.48464372921578003,-1.0114127477081125e-08,4.659539745976861e-09,-2.9319737277322153e-09,-5.454587731104263e-09
2026-06-17 02:08:00+00:00,-0.5077206775522947,-1.0260112928126626e-08,4.5457981657080705e-09,-2.9726777937762094e-09,-5.714314762418555e-09
2026-06-17 02:09:00+00:00,-0.5307044704375193,-1.0405248556589397e-08,4.432254180085898e-09,-3.013497693685758e-09,-5.9729943765034994e-09
2026-06-17 02:10:00+00:00,-0.5535941142253895,-1.0549525913009673e-08,4.318912516967186e-09,-3.0544310392246297e-09,-6.230613396042487e-09
2026-06-17 02:11:00+00:00,-0.5763885769927544,-1.0692937401883504e-08,4.20577593194683e-09,-3.0954752154890445e-09,-6.487161469936674e-09
2026-06-17 02:12:00+00:00,-0.599086880657696,-1.0835476186582223e-08,4.09284840965148e-09,-3.1366279215504793e-09,-6.7426277769307426e-09
2026-06-17 02:13:00+00:00,-0.6216880397433484,-1.0977134329335404e-08,3.980134569658079e-09,-3.177886706428958e-09,-6.996999759677325e-09
2026-06-17 02:14:00+00:00,-0.644191076560447,-1.1117904654071697e-08,3.867636962234236e-09,-3.2192490529062128e-09,-7.250267691837461e-09
2026-06-17 02:15:00+00:00,-0.6665950214371258,-1.1257780002474112e-08,3.7553596205909284e-09,-3.2607125339446696e-09,-7.502420381883184e-09
2026-06-17 02:16:00+00:00,-0.6888989127367263,-1.1396753189382182e-08,3.6433061238511523e-09,-3.3022745589655888e-09,-7.75344706553103e-09
2026-06-17 02:17:00+00:00,-0.711101796864538,-1.1534817092396809e-08,3.5314802577224163e-09,-3.343932668816398e-09,-8.003336834674393e-09
2026-06-17 02:18:00+00:00,-0.7332027284987801,-1.1671965012270527e-08,3.4198851007022184e-09,-3.3856843832162034e-09,-8.252079911568309e-09
2026-06-17 02:19:00+00:00,-0.755200770387311,-1.1808189163691352e-08,3.308525031213311e-09,-3.4275270626417955e-09,-8.499664132478041e-09
2026-06-17 02:20:00+00:00,-0.7770949935777578,-1.1943483154772084e-08,3.197403173224977e-09,-3.4694582536835755e-09,-8.746079981547106e-09
2026-06-17 02:21:00+00:00,-0.7988844919979167,-1.2077840292331223e-08,3.086523142460603e-09,-3.5114753969613956e-09,-8.99131714987062e-09
2026-06-17 02:22:00+00:00,-0.8205683240957438,-1.2211253421068102e-08,2.975888100130385e-09,-3.5535757591316156e-09,-9.235365320937717e-09
2026-06-17 02:23:00+00:00,-0.8421456007269355,-1.2343716056093453e-08,2.865501860964311e-09,-3.5957569771575177e-09,-9.478214195129143e-09
2026-06-17 02:24:00+00:00,-0.8636154264442892,-1.2475221711325595e-08,2.755367927861215e-09,-3.638016298711068e-09,-9.71985378346438e-09
2026-06-17 02:25:00+00:00,-0.8849769143556429,-1.260576356547181e-08,2.645489640197033e-09,-3.6803511474689915e-09,-9.960273925274777e-09
2026-06-17 02:26:00+00:00,-0.906229186137701,-1.2735335297866189e-08,2.535870447094774e-09,-3.7227589109435736e-09,-1.0199464850771415e-08
2026-06-17 02:27:00+00:00,-0.9273713720434431,-1.2863930402069824e-08,2.4265137021987388e-09,-3.765236991051955e-09,-1.0437416699871085e-08
2026-06-17 02:28:00+00:00,-0.9484026111185185,-1.2991542740122918e-08,2.317422707044913e-09,-3.807782752998722e-09,-1.0674120033078005e-08
2026-06-17 02:29:00+00:00,-0.9693220509994087,-1.3118165630274314e-08,2.208601214359233e-09,-3.850393437867067e-09,-1.090956441591508e-08
2026-06-17 02:30:00+00:00,-0.9901288481292141,-1.3243793624937583e-08,2.1000516029283617e-09,-3.893066540202205e-09,-1.114374202200922e-08
2026-06-17 02:31:00+00:00,-1.0108221677620783,-1.3368420078237365e-08,1.991778090364156e-09,-3.935799323867522e-09,-1.137664198787321e-08
2026-06-17 02:32:00+00:00,-1.0314011977368602,-1.3492039099703573e-08,1.883783202074749e-09,-3.978588979904503e-09,-1.1608255897628825e-08
2026-06-17 02:33:00+00:00,-1.0518650935513103,-1.3614644486453227e-08,1.7760711841497496e-09,-4.021433026527994e-09,-1.1838573302303479e-08
2026-06-17 02:34:00+00:00,-1.0722130609755538,-1.3736230774926995e-08,1.6686441575514642e-09,-4.064328602900811e-09,-1.206758661737553e-08
2026-06-17 02:35:00+00:00,-1.0924443009762106,-1.3856791917925536e-08,1.5615058288995592e-09,-4.1072730762712084e-09,-1.2295286089025977e-08
2026-06-17 02:36:00+00:00,-1.1125580235639214,-1.3976322164540219e-08,1.4546594397300813e-09,-4.150263660598624e-09,-1.2521662724810137e-08
2026-06-17 02:37:00+00:00,-1.1325534477919448,-1.409481617952587e-08,1.3481081310160098e-09,-4.193297610095314e-09,-1.274670804850986e-08
2026-06-17 02:38:00+00:00,-1.152429801957436,-1.4212267970768184e-08,1.2418547588643525e-09,-4.236372338613718e-09,-1.2970413211903833e-08
2026-06-17 02:39:00+00:00,-1.1721863234106835,-1.432867223053715e-08,1.1359023520690144e-09,-4.279484912771609e-09,-1.3192769878468135e-08
2026-06-17 02:40:00+00:00,-1.1918222587554077,-1.4444023501717612e-08,1.0302543835177678e-09,-4.322632678425804e-09,-1.3413769118199844e-08
2026-06-17 02:41:00+00:00,-1.2113368638444966,-1.4558316625466819e-08,9.24913813194806e-10,-4.365812845678326e-09,-1.3633402812272013e-08
2026-06-17 02:42:00+00:00,-1.230729403787719,-1.4671546323436784e-08,8.198832703499806e-10,-4.409022590144841e-09,-1.3851663053086805e-08
2026-06-17 02:43:00+00:00,-1.249999153138127,-1.478370699064885e-08,7.151662364786941e-10,-4.452259264588453e-09,-1.4068540754170155e-08
2026-06-17 02:44:00+00:00,-1.269145408509166,-1.4894794070930538e-08,6.107650993032101e-10,-4.49551995145751e-09,-1.4284028971627328e-08
2026-06-17 02:45:00+00:00,-1.2881674374820538,-1.500480216057498e-08,5.066833831910818e-10,-4.538801915941486e-09,-1.44981187773839e-08
2026-06-17 02:46:00+00:00,-1.3070645556459803,-1.5113726468861957e-08,4.0292362974631614e-10,-4.5821022623275715e-09,-1.4710802839115641e-08
2026-06-17 02:47:00+00:00,-1.3258360751569591,-1.5221562112213825e-08,2.9948890272346976e-10,-4.625418285675695e-09,-1.4922073209490355e-08
2026-06-17 02:48:00+00:00,-1.3444813178031627,-1.5328304359792108e-08,1.9638184008919783e-10,-4.668747116059334e-09,-1.513192251970291e-08
2026-06-17 02:49:00+00:00,-1.3629996148173722,-1.5433948363066532e-08,9.360547609875641e-11,-4.712085930812337e-09,-1.5340342886967775e-08
2026-06-17 02:50:00+00:00,-1.3813903070609146,-1.5538489694830325e-08,-8.837626411617333e-12,-4.755431880349249e-09,-1.5547327321241942e-08
2026-06-17 02:51:00+00:00,-1.3996527450193732,-1.564192381192029e-08,-1.1094437342379233e-10,-4.798782106423456e-09,-1.575286818534408e-08
2026-06-17 02:52:00+00:00,-1.4177862888055528,-1.57442459955523e-08,-2.1271223353441676e-10,-4.842133871104068e-09,-1.5956958229086716e-08
2026-06-17 02:53:00+00:00,-1.43579030832535,-1.584545206924156e-08,-3.1413841931730453e-10,-4.885484187490387e-09,-1.6159590488558865e-08
2026-06-17 02:54:00+00:00,-1.4536641831044954,-1.594553783004388e-08,-4.1522038695334576e-10,-4.928830271714587e-09,-1.6360758216997224e-08
2026-06-17 02:55:00+00:00,-1.4714073143120867,-1.6044498985622693e-08,-5.15955359807512e-10,-4.972169305513832e-09,-1.6560454345430203e-08
2026-06-17 02:56:00+00:00,-1.489019077254873,-1.6142331202739013e-08,-6.163405993154048e-10,-5.01549830503071e-09,-1.6758671802054418e-08
2026-06-17 02:57:00+00:00,-1.5064988927576581,-1.6239030677394863e-08,-7.163736836933577e-10,-5.05881439582007e-09,-1.695540436108822e-08
2026-06-17 02:58:00+00:00,-1.5238461796499174,-1.63345933475449e-08,-8.160519126121666e-10,-5.1021148009498235e-09,-1.7150645260157066e-08
2026-06-17 02:59:00+00:00,-1.5410603665323837,-1.64290153350732e-08,-9.153728310019955e-10,-5.145396558251599e-09,-1.7344388166075197e-08
2026-06-17 03:00:00+00:00,-1.5581408919439084,-1.652229294740513e-08,-1.014333820539988e-09,-5.188656796456377e-09,-1.7536626767945117e-08
2026-06-17 03:01:00+00:00,-1.5750872043486148,-1.6614422349070845e-08,-1.1129326008362192e-09,-5.231892615219523e-09,-1.7727354949907065e-08
2026-06-17 03:02:00+00:00,-1.5918987621341314,-1.6705399949693808e-08,-1.211166363606066e-09,-5.2751011587088496e-09,-1.7916566313299873e-08
2026-06-17 03:03:00+00:00,-1.6085750337645552,-1.6795222107002562e-08,-1.309032822298562e-09,-5.318279486074939e-09,-1.8104254929301124e-08
2026-06-17 03:04:00+00:00,-1.6251154976149547,-1.6883885662470514e-08,-1.406529709264533e-09,-5.3614246914957095e-09,-1.8290415371735047e-08
2026-06-17 03:05:00+00:00,-1.641519642119544,-1.6971386987656686e-08,-1.5036545949052169e-09,-5.404533857599457e-09,-1.8475041582561903e-08
2026-06-17 03:06:00+00:00,-1.657786976629153,-1.7057722626326605e-08,-1.6004047630579946e-09,-5.44760410308617e-09,-1.86581273893846e-08
2026-06-17 03:07:00+00:00,-1.6739169878584448,-1.714288979897941e-08,-1.6967784830047283e-09,-5.490632474544468e-09,-1.883966828198414e-08
2026-06-17 03:08:00+00:00,-1.689909205488055,-1.7226885036839087e-08,-1.7927730815598902e-09,-5.533616085062266e-09,-1.9019658118398978e-08
2026-06-17 03:09:00+00:00,-1.705763158266931,-1.7309705488907787e-08,-1.8883863026471955e-09,-5.5765519693908866e-09,-1.9198091791554983e-08
2026-06-17 03:10:00+00:00,-1.721478385116027,-1.7391348103982746e-08,-1.9836161851624526e-09,-5.6194372234755125e-09,-1.93749642891452e-08
2026-06-17 03:11:00+00:00,-1.7370544351149944,-1.7471809988686675e-08,-2.0784600602876774e-09,-5.662268967398132e-09,-1.9550270048974353e-08
2026-06-17 03:12:00+00:00,-1.7524908674954272,-1.7551088467095685e-08,-2.1729161464811807e-09,-5.705044142459223e-09,-1.9724004613576866e-08
2026-06-17 03:13:00+00:00,-1.7677872517725113,-1.7629180902931523e-08,-2.266982183565808e-09,-5.747759971625539e-09,-1.989616308649733e-08
2026-06-17 03:14:00+00:00,-1.782943167587724,-1.7706084399576242e-08,-2.3606560692792296e-09,-5.7904134250378285e-09,-2.006674046885547e-08
2026-06-17 03:15:00+00:00,-1.797958204843316,-1.778179675646189e-08,-2.4539356327098264e-09,-5.833001579068391e-09,-2.0235732389171717e-08
2026-06-17 03:16:00+00:00,-1.8128319636922852,-1.785631533480357e-08,-2.5468188620717115e-09,-5.875521533210423e-09,-2.040313419687528e-08
2026-06-17 03:17:00+00:00,-1.8275640643515332,-1.7929637868711815e-08,-2.6393039052034266e-09,-5.91797036453603e-09,-2.056894177391524e-08
2026-06-17 03:18:00+00:00,-1.84215410781223,-1.8001761966271064e-08,-2.731388110143388e-09,-5.960345041363833e-09,-2.073315007641445e-08
2026-06-17 03:19:00+00:00,-1.8566017349564534,-1.807268559106262e-08,-2.823070309339464e-09,-6.0026426860359806e-09,-2.0895755900402083e-08
2026-06-17 03:20:00+00:00,-1.870906587076319,-1.8142406591242406e-08,-2.9143481719540205e-09,-6.044860387008127e-09,-2.1056754763196428e-08
2026-06-17 03:21:00+00:00,-1.8850683157791195,-1.821092306384314e-08,-3.005219845957327e-09,-6.086995116518101e-09,-2.1216142909800466e-08
2026-06-17 03:22:00+00:00,-1.8990865829758394,-1.8278232847271537e-08,-3.095683320025916e-09,-6.129044016248157e-09,-2.1373916167297454e-08
2026-06-17 03:23:00+00:00,-1.9129610609983398,-1.834433420891167e-08,-3.1857369715217445e-09,-6.1710041110148875e-09,-2.1530071180433414e-08
2026-06-17 03:24:00+00:00,-1.9266914324507898,-1.8409225545223963e-08,-3.275378744810639e-09,-6.21287246572764e-09,-2.16846042900346e-08
2026-06-17 03:25:00+00:00,-1.9402773903224924,-1.847290505452274e-08,-3.3646070637562182e-09,-6.254646138800844e-09,-2.1837512118278956e-08
2026-06-17 03:26:00+00:00,-1.953718637973007,-1.85353713039175e-08,-3.4534200568917838e-09,-6.296322191220166e-09,-2.1988791360809283e-08
2026-06-17 03:27:00+00:00,-1.9670148891384818,-1.859662257274934e-08,-3.5418158764579158e-09,-6.3378976955604976e-09,-2.2138438449207254e-08
2026-06-17 03:28:00+00:00,-1.9801658679171044,-1.865665759861492e-08,-3.629793108441431e-09,-6.379369698962373e-09,-2.228645070705635e-08
2026-06-17 03:29:00+00:00,-1.993171317544406,-1.87154750353571e-08,-3.717349713167894e-09,-6.420735296344241e-09,-2.2432824748524994e-08
2026-06-17 03:30:00+00:00,-2.0060309654624886,-1.87730737125677e-08,-3.804484302118327e-09,-6.4619915569977925e-09,-2.2577558014686026e-08
2026-06-17 03:31:00+00:00,-2.018744575753267,-1.8829452425771048e-08,-3.891195294269786e-09,-6.503135422557242e-09,-2.2720647720040833e-08
2026-06-17 03:32:00+00:00,-2.0313119141377274,-1.8884610374330374e-08,-3.9774809159016184e-09,-6.544164177098217e-09,-2.286209129023199e-08
2026-06-17 03:33:00+00:00,-2.0437327567207504,-1.8938546111752054e-08,-4.063339508216712e-09,-6.585074718624993e-09,-2.3001885619968765e-08
2026-06-17 03:34:00+00:00,-2.05600689009316,-1.899125906884711e-08,-4.148769984020112e-09,-6.62586420396029e-09,-2.3140029052867224e-08
2026-06-17 03:35:00+00:00,-2.068134111188073,-1.9042748418173413e-08,-4.233770550375895e-09,-6.666529698628047e-09,-2.327651896854931e-08
2026-06-17 03:36:00+00:00,-2.0801142273818587,-1.9093013552556257e-08,-4.3183398944095e-09,-6.707068250108217e-09,-2.3411353446965757e-08
2026-06-17 03:37:00+00:00,-2.091947056465819,-1.914205372665584e-08,-4.402476271585745e-09,-6.7474769614529374e-09,-2.3544529998241585e-08
2026-06-17 03:38:00+00:00,-2.1036324266268522,-1.918986841493943e-08,-4.486178599253214e-09,-6.7877529727018e-09,-2.3676047014192644e-08
2026-06-17 03:39:00+00:00,-2.115170176535234,-1.9236457133449843e-08,-4.569445454854752e-09,-6.827893312859765e-09,-2.3805902588304596e-08
2026-06-17 03:40:00+00:00,-2.126560162798767,-1.9281819690891495e-08,-4.652275232831743e-09,-6.8678950564182246e-09,-2.393409492372324e-08
2026-06-17 03:41:00+00:00,-2.1378022295939205,-1.9325955477417183e-08,-4.73466687891413e-09,-6.907755343097543e-09,-2.4060622356331314e-08
2026-06-17 03:42:00+00:00,-2.1488962544708996,-1.9368864921885642e-08,-4.816619292499121e-09,-6.947471301266767e-09,-2.4185484214384764e-08
2026-06-17 03:43:00+00:00,-2.1598421176763254,-1.941054728533955e-08,-4.898130781763415e-09,-6.9870399389421895e-09,-2.4308678067102965e-08
2026-06-17 03:44:00+00:00,-2.170639709923675,-1.9451002825328152e-08,-4.979200135045271e-09,-7.026458465493726e-09,-2.4430202960373423e-08
2026-06-17 03:45:00+00:00,-2.1812889322563525,-1.9490231779800748e-08,-5.059826710719495e-09,-7.0657239600401585e-09,-2.4550058490520244e-08
2026-06-17 03:46:00+00:00,-2.1917896961297765,-1.952823406943385e-08,-5.1400088885089785e-09,-7.104833518405767e-09,-2.466824295794283e-08
2026-06-17 03:47:00+00:00,-2.202141923381813,-1.9565009953970357e-08,-5.219745254032666e-09,-7.143784326760606e-09,-2.4784755208003023e-08
2026-06-17 03:48:00+00:00,-2.2123455462085273,-1.9600560031985307e-08,-5.299035601163301e-09,-7.1825734402017605e-09,-2.489959563314861e-08
2026-06-17 03:49:00+00:00,-2.22240050723051,-1.9634884584901813e-08,-5.377878107120774e-09,-7.221198040415331e-09,-2.5012762692022587e-08
2026-06-17 03:50:00+00:00,-2.232306759368144,-1.9667984113024605e-08,-5.4562722479451114e-09,-7.259655269939649e-09,-2.5124256360969717e-08
2026-06-17 03:51:00+00:00,-2.242064272403245,-1.969985892137971e-08,-5.534216301976441e-09,-7.297942277132353e-09,-2.5234075223356153e-08
2026-06-17 03:52:00+00:00,-2.2516730068783115,-1.9730510121139445e-08,-5.611709863098634e-09,-7.336056218589072e-09,-2.534221998423808e-08
2026-06-17 03:53:00+00:00,-2.2611329533224476,-1.975993833713355e-08,-5.6887518946394635e-09,-7.373994218297743e-09,-2.5448690231773012e-08
2026-06-17 03:54:00+00:00,-2.27044410604275,-1.9788144350073262e-08,-5.765341509494052e-09,-7.4117534803102225e-09,-2.5553485859567314e-08
2026-06-17 03:55:00+00:00,-2.279606469593248,-1.9815129278427125e-08,-5.8414772958964785e-09,-7.449331150073161e-09,-2.5656606574323605e-08
2026-06-17 03:56:00+00:00,-2.2886200588379975,-1.9840893982098867e-08,-5.917159231900739e-09,-7.486724461411387e-09,-2.5758053213999607e-08
2026-06-17 03:57:00+00:00,-2.2974848989144854,-1.9865439599312342e-08,-5.992385859622855e-09,-7.523930570461866e-09,-2.5857825458935195e-08
2026-06-17 03:58:00+00:00,-2.306201025204774,-1.9888767426946473e-08,-6.067156836938012e-09,-7.560946629295217e-09,-2.5955924263884485e-08
2026-06-17 03:59:00+00:00,-2.314768483386156,-1.9910878682251905e-08,-6.141470750403545e-09,-7.597769896016072e-09,-2.605234943265545e-08
2026-06-17 04:00:00+00:00,-2.3231873293157985,-1.9931774561429855e-08,-6.2153274840132126e-09,-7.634397587541433e-09,-2.6147102045443068e-08
2026-06-17 04:01:00+00:00,-2.3314576290780686,-1.9951456896714068e-08,-6.288726305468778e-09,-7.67082682374203e-09,-2.6240183202182844e-08
2026-06-17 04:02:00+00:00,-2.339579464348948,-1.9969927014327413e-08,-6.361666091075334e-09,-7.707055023201247e-09,-2.6331593105402748e-08
2026-06-17 04:03:00+00:00,-2.3475529106750392,-1.998718642005604e-08,-6.4341464287591155e-09,-7.743079278464052e-09,-2.6421332848815156e-08
2026-06-17 04:04:00+00:00,-2.355378070196978,-2.0003237175048457e-08,-6.506167058639624e-09,-7.778896812985308e-09,-2.650940423368808e-08
2026-06-17 04:05:00+00:00,-2.363055049647709,-2.0018080549110274e-08,-6.577726512360349e-09,-7.814504983765256e-09,-2.6595807061470624e-08
2026-06-17 04:06:00+00:00,-2.3705839658930317,-2.0031718865020393e-08,-6.648825165083254e-09,-7.849900994433454e-09,-2.6680544030103646e-08
2026-06-17 04:07:00+00:00,-2.377964945893468,-2.004415388644727e-08,-6.719461953942084e-09,-7.885082097946248e-09,-2.6763615840389354e-08
2026-06-17 04:08:00+00:00,-2.385198126670622,-2.0055387593635035e-08,-6.789636200581746e-09,-7.920045596463621e-09,-2.684502379421678e-08
2026-06-17 04:09:00+00:00,-2.392283655337263,-2.0065422422466775e-08,-6.859348067001976e-09,-7.954788840837898e-09,-2.6924770489468753e-08
2026-06-17 04:10:00+00:00,-2.3992216889916413,-2.0074260248659834e-08,-6.928596367232212e-09,-7.989308991175105e-09,-2.7002856615892046e-08
2026-06-17 04:11:00+00:00,-2.4060123947489407,-2.008190358193294e-08,-6.997381757494818e-09,-8.023603514181875e-09,-2.7079285339427756e-08
2026-06-17 04:12:00+00:00,-2.4126559497045794,-2.008835461056104e-08,-7.065702543238863e-09,-8.057669592961759e-09,-2.7154057153799903e-08
2026-06-17 04:13:00+00:00,-2.4191525408928083,-2.0093615857600194e-08,-7.1335592359065725e-09,-8.091504680124387e-09,-2.7227175093506765e-08
2026-06-17 04:14:00+00:00,-2.425502369522175,-2.0097690162108682e-08,-7.200951666294221e-09,-8.12510608208525e-09,-2.7298641828402904e-08
2026-06-17 04:15:00+00:00,-2.431705633937548,-2.010057955947072e-08,-7.267878771965253e-09,-8.158471071046646e-09,-2.7368458331435976e-08
2026-06-17 04:16:00+00:00,-2.43776255519411,-2.0102287378927547e-08,-7.334340967258816e-09,-8.191597122561742e-09,-2.7436628346186362e-08
2026-06-17 04:17:00+00:00,-2.44367335988239,-2.0102815869021365e-08,-7.400337285811652e-09,-8.224481492442318e-09,-2.7503153154833018e-08
2026-06-17 04:18:00+00:00,-2.4494382843976874,-2.0102168268405244e-08,-7.465868327709009e-09,-8.257121649671109e-09,-2.756803659611425e-08
2026-06-17 04:19:00+00:00,-2.455057574954265,-2.01003473733443e-08,-7.530933525150767e-09,-8.289514980860923e-09,-2.7631280898495067e-08
2026-06-17 04:20:00+00:00,-2.4605314874892885,-2.009735613371938e-08,-7.595532599945862e-09,-8.321658901163456e-09,-2.7692888733665243e-08
2026-06-17 04:21:00+00:00,-2.4658602876743485,-2.00931979516042e-08,-7.65966583689173e-09,-8.35355078001331e-09,-2.7752863788495933e-08
2026-06-17 04:22:00+00:00,-2.4710442508743653,-2.0087875725777746e-08,-7.723332625037309e-09,-8.38518812539598e-09,-2.7811208350815057e-08
2026-06-17 04:23:00+00:00,-2.4760836621044655,-2.0081392806398317e-08,-7.786533188998136e-09,-8.416568344037129e-09,-2.7867925995396453e-08
2026-06-17 04:24:00+00:00,-2.4809788160383004,-2.007375251753858e-08,-7.849267495114849e-09,-8.447688906823483e-09,-2.7923020012653426e-08
2026-06-17 04:25:00+00:00,-2.485730020049957,-2.006495854472918e-08,-7.911535998014503e-09,-8.47854728487422e-09,-2.7976494542743684e-08
2026-06-17 04:26:00+00:00,-2.4903375815735735,-2.0055013917456068e-08,-7.97333783492693e-09,-8.509140929453111e-09,-2.8028351752382998e-08
2026-06-17 04:27:00+00:00,-2.494801827173717,-2.0043922626014962e-08,-8.034673307267949e-09,-8.539467328771429e-09,-2.807859593328291e-08
2026-06-17 04:28:00+00:00,-2.499123089662315,-2.00316883031985e-08,-8.095543075170859e-09,-8.569524062198905e-09,-2.812723137836936e-08
2026-06-17 04:29:00+00:00,-2.5033017113279254,-2.001831443457028e-08,-8.155946444689521e-09,-8.599308624813283e-09,-2.81742608792598e-08
2026-06-17 04:30:00+00:00,-2.507338043849339,-2.0003805073948202e-08,-8.215884283752105e-09,-8.628818483009972e-09,-2.8219689357700307e-08
2026-06-17 04:31:00+00:00,-2.511232448291393,-1.998816412704609e-08,-8.27535601416707e-09,-8.658051332164042e-09,-2.826352014121316e-08
2026-06-17 04:32:00+00:00,-2.514985295059814,-1.9971395291344305e-08,-8.334362527760858e-09,-8.68700463550782e-09,-2.8305757819105163e-08
2026-06-17 04:33:00+00:00,-2.518596963852641,-1.9953503070404255e-08,-8.392903724996141e-09,-8.715675937520331e-09,-2.8346406795400398e-08
2026-06-17 04:34:00+00:00,-2.5220678436507917,-1.993449110236875e-08,-8.450979699543098e-09,-8.744062918736556e-09,-2.8385470801911846e-08
2026-06-17 04:35:00+00:00,-2.525398332633926,-1.9914364009637222e-08,-8.508590919907571e-09,-8.772163137895365e-09,-2.8422954929544793e-08
2026-06-17 04:36:00+00:00,-2.528588840262917,-1.9893125687880603e-08,-8.565737780248505e-09,-8.799974318291434e-09,-2.8458863468129106e-08
2026-06-17 04:37:00+00:00,-2.5316397787643887,-1.9870780895191048e-08,-8.622420480317554e-09,-8.827493937868226e-09,-2.8493201375508602e-08
2026-06-17 04:38:00+00:00,-2.5345515759209323,-1.9847333823612363e-08,-8.678639160235494e-09,-8.854719733090724e-09,-2.8525972983847857e-08
2026-06-17 04:39:00+00:00,-2.537324666400765,-1.982278903016882e-08,-8.734394781087909e-09,-8.881649362539505e-09,-2.8557183811256728e-08
2026-06-17 04:40:00+00:00,-2.539959493863564,-1.9797151099048437e-08,-8.789687218172044e-09,-8.908280509604984e-09,-2.858683831722048e-08
2026-06-17 04:41:00+00:00,-2.5424565109416113,-1.9770424641420815e-08,-8.844517083455914e-09,-8.934610900440395e-09,-2.8614941724876727e-08
2026-06-17 04:42:00+00:00,-2.544816179188796,-1.974261465310348e-08,-8.89888526933761e-09,-8.96063819320022e-09,-2.864149992244109e-08
2026-06-17 04:43:00+00:00,-2.547038969030601,-1.9713725379908655e-08,-8.95279121639368e-09,-8.986360180820649e-09,-2.8666516596302333e-08
2026-06-17 04:44:00+00:00,-2.5491253597374737,-1.9683762227567283e-08,-9.006236467490468e-09,-9.011774550785868e-09,-2.868999869505775e-08
2026-06-17 04:45:00+00:00,-2.5510758393492807,-1.965272973143166e-08,-9.059221112638115e-09,-9.036879106702072e-09,-2.8711950844069778e-08
2026-06-17 04:46:00+00:00,-2.5528909046478017,-1.96206332873115e-08,-9.11174588477289e-09,-9.061671620312872e-09,-2.8732379172084392e-08
2026-06-17 04:47:00+00:00,-2.554571062185534,-1.9587477788469346e-08,-9.163811243673324e-09,-9.086149897958332e-09,-2.875128903214267e-08
2026-06-17 04:48:00+00:00,-2.556116823819118,-1.955326853756438e-08,-9.215418120052525e-09,-9.110311717125754e-09,-2.8768686657616905e-08
2026-06-17 04:49:00+00:00,-2.5575287134310782,-1.9518010416186535e-08,-9.266566617209672e-09,-9.134154930112771e-09,-2.8784577033396206e-08
2026-06-17 04:50:00+00:00,-2.55880726226514,-1.9481709093352403e-08,-9.317257573498317e-09,-9.157677401116219e-09,-2.879896666685072e-08
2026-06-17 04:51:00+00:00,-2.55995301006193,-1.944436978291959e-08,-9.367492285158633e-09,-9.180876961608346e-09,-2.8811862068078224e-08
2026-06-17 04:52:00+00:00,-2.560966505003471,-1.940599801906167e-08,-9.417270774025738e-09,-9.203751502465482e-09,-2.882326879308741e-08
2026-06-17 04:53:00+00:00,-2.56184830366123,-1.9366599237914176e-08,-9.466594430158103e-09,-9.226298936967177e-09,-2.883319366807228e-08
2026-06-17 04:54:00+00:00,-2.562598970951605,-1.932617889653095e-08,-9.51546327682831e-09,-9.248517145042007e-09,-2.884164217335926e-08
2026-06-17 04:55:00+00:00,-2.563219080071663,-1.9284742830422354e-08,-9.563878339833696e-09,-9.270404121062071e-09,-2.884862117025605e-08
2026-06-17 04:56:00+00:00,-2.5637092124553735,-1.9242296715893992e-08,-9.611841191085064e-09,-9.29195777052716e-09,-2.8854137906979056e-08
2026-06-17 04:57:00+00:00,-2.5640699577164985,-1.919884624857456e-08,-9.659351578294705e-09,-9.313176112842532e-09,-2.8858197826869264e-08
2026-06-17 04:58:00+00:00,-2.5643019135949747,-1.9154397202591042e-08,-9.706411070150387e-09,-9.33405702305459e-09,-2.8860808272741427e-08
2026-06-17 04:59:00+00:00,-2.564405685931291,-1.910895590786651e-08,-9.753020579212519e-09,-9.354598668085371e-09,-2.886197648707903e-08
2026-06-17 05:00:00+00:00,-2.5643818884155816,-1.9062527815060453e-08,-9.79918051362086e-09,-9.37479897750031e-09,-2.8861708328681312e-08
2026-06-17 05:01:00+00:00,-2.564231142950761,-1.9015119289871556e-08,-9.844892509129414e-09,-9.394655976120406e-09,-2.886001179900097e-08
2026-06-17 05:02:00+00:00,-2.5639540792322597,-1.896673635542153e-08,-9.890157482483483e-09,-9.414167807907196e-09,-2.885689383790501e-08
2026-06-17 05:03:00+00:00,-2.563551334804974,-1.8917385170350535e-08,-9.9349756162675e-09,-9.433332526991545e-09,-2.8852360786618036e-08
2026-06-17 05:04:00+00:00,-2.563023555002521,-1.8867071968537278e-08,-9.979348636675042e-09,-9.452148207921217e-09,-2.884642060521232e-08
2026-06-17 05:05:00+00:00,-2.562371392893406,-1.8815803118272092e-08,-1.002327753455399e-08,-9.47061296432863e-09,-2.8839080652826083e-08
2026-06-17 05:06:00+00:00,-2.5615955092205116,-1.876358500228611e-08,-1.006676338484962e-08,-9.48872498541233e-09,-2.8830348387135733e-08
2026-06-17 05:07:00+00:00,-2.560696572342661,-1.871042377841413e-08,-1.0109807254861898e-08,-9.506482443637036e-09,-2.8820231033276027e-08
2026-06-17 05:08:00+00:00,-2.559675258177706,-1.865632627444227e-08,-1.0152410021345788e-08,-9.523883420908648e-09,-2.880873629578806e-08
2026-06-17 05:09:00+00:00,-2.558532250134424,-1.86012987338937e-08,-1.0194573007596065e-08,-9.5409261663219e-09,-2.8795871741489764e-08
2026-06-17 05:10:00+00:00,-2.5572682381751677,-1.8545348060530278e-08,-1.0236297411007905e-08,-9.557608999677368e-09,-2.878164547153818e-08
2026-06-17 05:11:00+00:00,-2.5558839222202554,-1.848848065737553e-08,-1.0277584493542468e-08,-9.573930052700302e-09,-2.8766065150918e-08
2026-06-17 05:12:00+00:00,-2.5543800070010683,-1.8430703630552303e-08,-1.0318435523168644e-08,-9.589887554938758e-09,-2.8749139153720945e-08
2026-06-17 05:13:00+00:00,-2.5527572053115533,-1.8372023268669836e-08,-1.0358851598325222e-08,-9.605479925886658e-09,-2.873087486699506e-08
2026-06-17 05:14:00+00:00,-2.551016237126802,-1.8312446646024682e-08,-1.0398833622523411e-08,-9.620705401180634e-09,-2.871128026854809e-08
2026-06-17 05:15:00+00:00,-2.5491578295578687,-1.8251980726766836e-08,-1.0438383215503969e-08,-9.635562235640133e-09,-2.8690363942270805e-08
2026-06-17 05:16:00+00:00,-2.547182716776565,-1.819063248355954e-08,-1.047750216540248e-08,-9.650048850440896e-09,-2.866813464896202e-08
2026-06-17 05:17:00+00:00,-2.5450916399548933,-1.8128408777607933e-08,-1.0516191243224584e-08,-9.66416357484261e-09,-2.8644600020832518e-08
2026-06-17 05:18:00+00:00,-2.542885347204681,-1.8065316895314363e-08,-1.0554451842792445e-08,-9.677904812123806e-09,-2.8619768738106806e-08
2026-06-17 05:19:00+00:00,-2.5405645934967387,-1.8001363532713678e-08,-1.0592284794822627e-08,-9.691271002265139e-09,-2.8593648327536303e-08
2026-06-17 05:20:00+00:00,-2.538130140619959,-1.7936556526179895e-08,-1.0629692918725723e-08,-9.704260530032229e-09,-2.856624944490562e-08
2026-06-17 05:21:00+00:00,-2.535582755353344,-1.7870902626121024e-08,-1.0666676247639035e-08,-9.716871869119881e-09,-2.8537578873760058e-08
2026-06-17 05:22:00+00:00,-2.532923216313038,-1.780440935391587e-08,-1.0703236904155857e-08,-9.729103465091382e-09,-2.8507646258071728e-08
2026-06-17 05:23:00+00:00,-2.530152303640885,-1.7737083887522405e-08,-1.073937607004197e-08,-9.740953846030053e-09,-2.8476459957564375e-08
2026-06-17 05:24:00+00:00,-2.527270805674407,-1.766893366314779e-08,-1.0775095487585943e-08,-9.752421487067794e-09,-2.8444029150733734e-08
2026-06-17 05:25:00+00:00,-2.524279517239683,-1.7599966418450854e-08,-1.081039651434811e-08,-9.763505010294256e-09,-2.8410362932798964e-08
2026-06-17 05:26:00+00:00,-2.5211792395632218,-1.7530189176907006e-08,-1.0845280668882333e-08,-9.774202852485495e-09,-2.837546984578934e-08
2026-06-17 05:27:00+00:00,-2.5179707802090743,-1.7459609799223023e-08,-1.0879749356632944e-08,-9.784513652291652e-09,-2.8339359155855967e-08
2026-06-17 05:28:00+00:00,-2.5146549530159654,-1.7388235669480113e-08,-1.0913803960444947e-08,-9.794436047327982e-09,-2.8302039629925062e-08
2026-06-17 05:29:00+00:00,-2.511232578003687,-1.7316074768706664e-08,-1.094744675074429e-08,-9.803968618484882e-09,-2.8263521519450952e-08
2026-06-17 05:30:00+00:00,-2.5077044813404155,-1.7243134719471867e-08,-1.0980678698024048e-08,-9.8131100746135e-09,-2.8223813417495914e-08
2026-06-17 05:31:00+00:00,-2.5040714952485796,-1.7169422844669625e-08,-1.1013501385600764e-08,-9.821859012404455e-09,-2.818292423027039e-08
2026-06-17 05:32:00+00:00,-2.5003344553997415,-1.7094947634682312e-08,-1.1045917330688791e-08,-9.830214173223768e-09,-2.8140864965371103e-08
2026-06-17 05:33:00+00:00,-2.496494210945015,-1.7019716516240603e-08,-1.1077927328919602e-08,-9.838174245521279e-09,-2.8097643845160204e-08
2026-06-17 05:34:00+00:00,-2.4925516093786593,-1.694373737761537e-08,-1.1109533114797991e-08,-9.845738022270124e-09,-2.805327049241336e-08
2026-06-17 05:35:00+00:00,-2.4885075064640794,-1.686701824665003e-08,-1.1140736163635076e-08,-9.852904203964117e-09,-2.8007754410285107e-08
2026-06-17 05:36:00+00:00,-2.4843627636625945,-1.67895671465363e-08,-1.1171538833044723e-08,-9.859671636555699e-09,-2.7961105979581022e-08
2026-06-17 05:37:00+00:00,-2.48011824806825,-1.6711391796718683e-08,-1.1201942903928344e-08,-9.866039090141607e-09,-2.7913334700647026e-08
2026-06-17 05:38:00+00:00,-2.475774832343386,-1.6632500806135285e-08,-1.1231949215252305e-08,-9.872005406430812e-09,-2.786445002138759e-08
2026-06-17 05:39:00+00:00,-2.47133339461326,-1.6552902000791358e-08,-1.1261560397002679e-08,-9.877569424646481e-09,-2.7814462397794037e-08
2026-06-17 05:40:00+00:00,-2.466794818441311,-1.6472603617383592e-08,-1.1290778318130721e-08,-9.882730092402644e-09,-2.7763381935514314e-08
2026-06-17 05:41:00+00:00,-2.4621599927232585,-1.6391613765038644e-08,-1.1319603538350116e-08,-9.887486280991852e-09,-2.771121730338876e-08
2026-06-17 05:42:00+00:00,-2.4574298116213136,-1.630994078283662e-08,-1.134803959118308e-08,-9.891836840649478e-09,-2.7657980374019702e-08
2026-06-17 05:43:00+00:00,-2.45260517449881,-1.622759282132746e-08,-1.1376087058948672e-08,-9.895780840235975e-09,-2.7603679880276132e-08
2026-06-17 05:44:00+00:00,-2.4476869824801697,-1.6144578286845743e-08,-1.1403747986293379e-08,-9.899317198865305e-09,-2.7548326273139122e-08
2026-06-17 05:45:00+00:00,-2.4426761516851814,-1.6060905491807625e-08,-1.143102398767832e-08,-9.902444867761858e-09,-2.7491929479485945e-08
2026-06-17 05:46:00+00:00,-2.4375735933284575,-1.5976583298177214e-08,-1.1457918584432058e-08,-9.905162999802563e-09,-2.7434501882609274e-08
2026-06-17 05:47:00+00:00,-2.4323802267829593,-1.58916193931713e-08,-1.1484431208762742e-08,-9.907470541386986e-09,-2.737605060193404e-08
2026-06-17 05:48:00+00:00,-2.4270969762474572,-1.580602294325955e-08,-1.1510565720122323e-08,-9.90936660174003e-09,-2.731658866338187e-08
2026-06-17 05:49:00+00:00,-2.421724770630296,-1.571980202623572e-08,-1.1536323750251908e-08,-9.910850268255791e-09,-2.725612577648763e-08
2026-06-17 05:50:00+00:00,-2.4162645435325616,-1.5632965362156762e-08,-1.1561705888108382e-08,-9.911920643562639e-09,-2.7194671250265146e-08
2026-06-17 05:51:00+00:00,-2.410717233131448,-1.5545521595898166e-08,-1.1586715962137629e-08,-9.912576900589442e-09,-2.7132237558035795e-08
2026-06-17 05:52:00+00:00,-2.405083782113455,-1.5457479236815547e-08,-1.161135411267445e-08,-9.91281826404509e-09,-2.7068833349489995e-08
2026-06-17 05:53:00+00:00,-2.3993651376074374,-1.5368847135643156e-08,-1.16356239004272e-08,-9.912643770722863e-09,-2.7004471036070358e-08
2026-06-17 05:54:00+00:00,-2.3935622510641665,-1.5279634005785196e-08,-1.1659527292081539e-08,-9.912052803957919e-09,-2.6939161297866735e-08
2026-06-17 05:55:00+00:00,-2.3876760742675276,-1.518984802662525e-08,-1.1683064967131069e-08,-9.911044469558643e-09,-2.687291299375632e-08
2026-06-17 05:56:00+00:00,-2.3817075750585768,-1.5099498607135e-08,-1.1706239281381831e-08,-9.909618156611462e-09,-2.680573788851683e-08
2026-06-17 05:57:00+00:00,-2.3756577135836774,-1.5008594544717484e-08,-1.1729053921054295e-08,-9.907773110513888e-09,-2.673764846577178e-08
2026-06-17 05:58:00+00:00,-2.369527457960916,-1.491714429592986e-08,-1.1751509118718267e-08,-9.905508662399418e-09,-2.666865341464813e-08
2026-06-17 05:59:00+00:00,-2.363317780235308,-1.482515683280849e-08,-1.177360688082932e-08,-9.902824102364945e-09,-2.659876371363781e-08
2026-06-17 06:00:00+00:00,-2.3570296563693347,-1.4732641344311664e-08,-1.1795351443560863e-08,-9.899718845606409e-09,-2.652799278787253e-08
2026-06-17 06:01:00+00:00,-2.350664066117062,-1.4639606220319833e-08,-1.1816742708925881e-08,-9.896192321536765e-09,-2.6456348929245714e-08
2026-06-17 06:02:00+00:00,-2.344221992956316,-1.4546060841775327e-08,-1.1837782988670336e-08,-9.892243899987774e-09,-2.6383843830445663e-08
2026-06-17 06:03:00+00:00,-2.3377044240082334,-1.4452014027882997e-08,-1.1858476091943599e-08,-9.887873001818968e-09,-2.6310490119826594e-08
2026-06-17 06:04:00+00:00,-2.3311123499703252,-1.435747481147468e-08,-1.1878822585120415e-08,-9.883079135755213e-09,-2.6236297396595096e-08
2026-06-17 06:05:00+00:00,-2.3244467649860088,-1.4262452258669468e-08,-1.189882434738198e-08,-9.877861824395723e-09,-2.616127660605145e-08
2026-06-17 06:06:00+00:00,-2.317708662096247,-1.4166955245857304e-08,-1.191848523640572e-08,-9.8722205169774e-09,-2.6085440482263026e-08
2026-06-17 06:07:00+00:00,-2.310899051231216,-1.4070993170735775e-08,-1.1937806874695606e-08,-9.866154846894274e-09,-2.600880004543138e-08
2026-06-17 06:08:00+00:00,-2.3040189320310502,-1.397457497344236e-08,-1.1956789818077084e-08,-9.85966429087765e-09,-2.5931364791519446e-08
2026-06-17 06:09:00+00:00,-2.2970693118031065,-1.3877709668179423e-08,-1.197543818285066e-08,-9.852748519297396e-09,-2.5853147851030083e-08
2026-06-17 06:10:00+00:00,-2.2900512008943577,-1.3780406537284435e-08,-1.1993754294715774e-08,-9.845407123934468e-09,-2.577416083200021e-08
2026-06-17 06:11:00+00:00,-2.282965612687857,-1.3682674832730041e-08,-1.2011738233216114e-08,-9.837639765687113e-09,-2.5694413065946155e-08
2026-06-17 06:12:00+00:00,-2.275813563469783,-1.3584523595760232e-08,-1.2029394848193996e-08,-9.829446100603982e-09,-2.5613918443954228e-08
2026-06-17 06:13:00+00:00,-2.2685960723600034,-1.3485962133764878e-08,-1.204672391550857e-08,-9.820825816748463e-09,-2.553268604927345e-08
2026-06-17 06:14:00+00:00,-2.261314161244373,-1.3386999780853119e-08,-1.2063729706427939e-08,-9.811778726386194e-09,-2.5450729487281058e-08
2026-06-17 06:15:00+00:00,-2.2539688546368017,-1.3287645478668765e-08,-1.2080414059016919e-08,-9.802304452335969e-09,-2.5368059537685684e-08
2026-06-17 06:16:00+00:00,-2.2465611796804157,-1.3187908850878483e-08,-1.209677792781386e-08,-9.792402852241209e-09,-2.528468677869234e-08
2026-06-17 06:17:00+00:00,-2.2390921609808805,-1.3087799019091936e-08,-1.2112825141678381e-08,-9.782073730263418e-09,-2.5200624160770315e-08
2026-06-17 06:18:00+00:00,-2.231562840613341,-1.2987325333365925e-08,-1.2128557481476328e-08,-9.771316864994e-09,-2.5115882814842254e-08
2026-06-17 06:19:00+00:00,-2.223974248001009,-1.288649720061993e-08,-1.214397745957188e-08,-9.76013216087518e-09,-2.503047466019181e-08
2026-06-17 06:20:00+00:00,-2.2163274197700207,-1.2785323918273704e-08,-1.2159086768075053e-08,-9.74851951044196e-09,-2.494441068634876e-08
2026-06-17 06:21:00+00:00,-2.2086233947636016,-1.2683814984243419e-08,-1.2173888671840015e-08,-9.73647880107726e-09,-2.4857703656083436e-08
2026-06-17 06:22:00+00:00,-2.2008632139023883,-1.2581979259888096e-08,-1.2188384361040379e-08,-9.7240099334521e-09,-2.4770363620928476e-08
2026-06-17 06:23:00+00:00,-2.1930479201147217,-1.2479826939210647e-08,-1.2202576869570789e-08,-9.711112876682858e-09,-2.4682403808781437e-08
2026-06-17 06:24:00+00:00,-2.1851785582695227,-1.237736686201708e-08,-1.2216469069212335e-08,-9.697787650003522e-09,-2.4593835931229417e-08
2026-06-17 06:25:00+00:00,-2.1772561750327344,-1.2274608422711e-08,-1.2230062118441607e-08,-9.684034193494326e-09,-2.450467054115261e-08
2026-06-17 06:26:00+00:00,-2.1692818188735483,-1.2171561331581081e-08,-1.224335910843625e-08,-9.669852626410314e-09,-2.4414920440017332e-08
2026-06-17 06:27:00+00:00,-2.161256539920636,-1.2068235076173805e-08,-1.2256362327031025e-08,-9.655242988858136e-09,-2.432459740320483e-08
2026-06-17 06:28:00+00:00,-2.1531813898948577,-1.1964638681870786e-08,-1.2269073987177176e-08,-9.640205389381764e-09,-2.4233712669047963e-08
2026-06-17 06:29:00+00:00,-2.1450574165762557,-1.1860782091076211e-08,-1.2281496700307015e-08,-9.624739848167953e-09,-2.4142278791383228e-08
2026-06-17 06:30:00+00:00,-2.136885685483214,-1.1756674522147994e-08,-1.2293632671484558e-08,-9.608846592097663e-09,-2.405030719363255e-08
2026-06-17 06:31:00+00:00,-2.1286672471924146,-1.1652325526653531e-08,-1.2305484904830027e-08,-9.59252579629771e-09,-2.395781043148356e-08
2026-06-17 06:32:00+00:00,-2.1204031589542103,-1.154774442216161e-08,-1.231705411945704e-08,-9.575777603004359e-09,-2.386479854161865e-08
2026-06-17 06:33:00+00:00,-2.1120944791916507,-1.1442941015114489e-08,-1.2328344691783086e-08,-9.558602241119905e-09,-2.3771285706897576e-08
2026-06-17 06:34:00+00:00,-2.1037422674331054,-1.1337924585393284e-08,-1.2339358912768303e-08,-9.540999971092897e-09,-2.3677283498161585e-08
2026-06-17 06:35:00+00:00,-2.0953475841640863,-1.1232704720590839e-08,-1.2350097168433182e-08,-9.522971103063847e-09,-2.3582801889024023e-08
2026-06-17 06:36:00+00:00,-2.086911490839518,-1.1127291137050807e-08,-1.2360564502518063e-08,-9.504515849616814e-09,-2.348785563956887e-08
2026-06-17 06:37:00+00:00,-2.078435049735922,-1.1021692783042265e-08,-1.2370761864921923e-08,-9.485634583808135e-09,-2.3392454647964188e-08
2026-06-17 06:38:00+00:00,-2.0699193238836613,-1.0915919807979639e-08,-1.2380691488458466e-08,-9.466327673169957e-09,-2.3296611296438104e-08
2026-06-17 06:39:00+00:00,-2.0613653769981997,-1.0809981353111578e-08,-1.2390356796968348e-08,-9.4465954428861e-09,-2.3200338150079926e-08
2026-06-17 06:40:00+00:00,-2.052774267559706,-1.07038869269663e-08,-1.239975959366147e-08,-9.42643831638548e-09,-2.3103646520627768e-08
2026-06-17 06:41:00+00:00,-2.044147071894366,-1.0597646210463332e-08,-1.2408902459905595e-08,-9.40585675099522e-09,-2.3006548670368927e-08
2026-06-17 06:42:00+00:00,-2.0354848494590825,-1.0491268900645542e-08,-1.2417788300523658e-08,-9.384851177407565e-09,-2.29090572011692e-08
2026-06-17 06:43:00+00:00,-2.0267886657927696,-1.0384764216069182e-08,-1.2426419004213686e-08,-9.363422046415777e-09,-2.281118322028287e-08
2026-06-17 06:44:00+00:00,-2.018059586701826,-1.0278141616647013e-08,-1.2434796734617993e-08,-9.341569932426452e-09,-2.2712938351265006e-08
2026-06-17 06:45:00+00:00,-2.009298678109222,-1.017141104096318e-08,-1.2442925204519705e-08,-9.319295312118393e-09,-2.2614336245482884e-08
2026-06-17 06:46:00+00:00,-2.000507006070371,-1.0064581533483778e-08,-1.2450805119046354e-08,-9.296598748999738e-09,-2.2515386652530132e-08
2026-06-17 06:47:00+00:00,-1.9916856366221911,-9.957663153280003e-09,-1.2458440553898097e-08,-9.273480828773609e-09,-2.24161037071781e-08
2026-06-17 06:48:00+00:00,-1.982835635717635,-9.850664824441858e-09,-1.2465833349331012e-08,-9.24994218701311e-09,-2.231649817377287e-08
2026-06-17 06:49:00+00:00,-1.973958069157764,-9.743596454529274e-09,-1.2472986071582694e-08,-9.225983444696988e-09,-2.2216582526111968e-08
2026-06-17 06:50:00+00:00,-1.9650540024414034,-9.636467500483885e-09,-1.2479901737666518e-08,-9.201605263490018e-09,-2.2116369238150403e-08
2026-06-17 06:51:00+00:00,-1.9561244947851502,-9.529287179481932e-09,-1.2486581550808602e-08,-9.176808341093087e-09,-2.2015868730290533e-08
2026-06-17 06:52:00+00:00,-1.9471706229435135,-9.422065355659998e-09,-1.2493028899730361e-08,-9.15159331957254e-09,-2.1915094255390358e-08
2026-06-17 06:53:00+00:00,-1.938193445212248,-9.314811416378544e-09,-1.249924593133083e-08,-9.125961033267007e-09,-2.1814057347709375e-08
2026-06-17 06:54:00+00:00,-1.9291940252984934,-9.207534681885308e-09,-1.2505236046919517e-08,-9.099912187052133e-09,-2.1712770728804826e-08
2026-06-17 06:55:00+00:00,-1.920173426188618,-9.100244793777837e-09,-1.2511000314028011e-08,-9.073447618732006e-09,-2.161124510780585e-08
2026-06-17 06:56:00+00:00,-1.9111327101690825,-8.992950969040457e-09,-1.2516542479730634e-08,-9.046568124044805e-09,-2.150949344877109e-08
2026-06-17 06:57:00+00:00,-1.902072938674299,-8.885662983511828e-09,-1.252186386478429e-08,-9.019274539600793e-09,-2.1407526848296118e-08
2026-06-17 06:58:00+00:00,-1.8929951722212983,-8.778390156470042e-09,-1.2526968011244422e-08,-8.991567696792564e-09,-2.1305358167714462e-08
2026-06-17 06:59:00+00:00,-1.8839004703430715,-8.671141767840845e-09,-1.2531857036014349e-08,-8.963448569391473e-09,-2.1202998803855192e-08
2026-06-17 07:00:00+00:00,-1.8747898914387704,-8.563927683528816e-09,-1.2536532950660053e-08,-8.934917996930143e-09,-2.110046063418887e-08
2026-06-17 07:01:00+00:00,-1.8656644927934547,-8.456756743892699e-09,-1.2540999484645133e-08,-8.90597698905118e-09,-2.0997756228537833e-08
2026-06-17 07:02:00+00:00,-1.8565253242944015,-8.349638284914218e-09,-1.254525772144156e-08,-8.876626428033522e-09,-2.089489600635578e-08
2026-06-17 07:03:00+00:00,-1.847373452888678,-8.242582344609969e-09,-1.2549310922878413e-08,-8.846867401535678e-09,-2.079189326748838e-08
2026-06-17 07:04:00+00:00,-1.8382099257476066,-8.135597546254357e-09,-1.2553161141737378e-08,-8.816700846185495e-09,-2.0688758687991735e-08
2026-06-17 07:05:00+00:00,-1.829035794620155,-8.02869393028429e-09,-1.2556812039778986e-08,-8.786127917591936e-09,-2.0585505970063276e-08
2026-06-17 07:06:00+00:00,-1.819852109731862,-7.921880418096928e-09,-1.2560264753946395e-08,-8.755149563668338e-09,-2.0482145172043325e-08
2026-06-17 07:07:00+00:00,-1.810659919632649,-7.815166183522322e-09,-1.2563521904858072e-08,-8.72376694875932e-09,-2.0378688088380394e-08
2026-06-17 07:08:00+00:00,-1.8014602711344367,-7.708561010379764e-09,-1.256658714045062e-08,-8.691981232412138e-09,-2.0275148150830385e-08
2026-06-17 07:09:00+00:00,-1.792254209246297,-7.602073650289378e-09,-1.256946135280105e-08,-8.659793440352909e-09,-2.0171535003090427e-08
2026-06-17 07:10:00+00:00,-1.783042777024099,-7.49571352247486e-09,-1.2572147780410599e-08,-8.627204814901011e-09,-2.006786130288546e-08
2026-06-17 07:11:00+00:00,-1.7738270155931306,-7.3894901468969485e-09,-1.2574649456556755e-08,-8.59421652919439e-09,-1.99641396034537e-08
2026-06-17 07:12:00+00:00,-1.7646079639994914,-7.283412366806767e-09,-1.2576968524019026e-08,-8.560829853216825e-09,-1.9860380890825794e-08
2026-06-17 07:13:00+00:00,-1.7553866591458038,-7.177489750914143e-09,-1.2579106917899076e-08,-8.527046006307213e-09,-1.9756596668813218e-08
2026-06-17 07:14:00+00:00,-1.7461641295443866,-7.0717307720953604e-09,-1.2581067517181892e-08,-8.492866184858686e-09,-1.9652798289277252e-08
2026-06-17 07:15:00+00:00,-1.7369414199048714,-6.966145462480976e-09,-1.2582852496438925e-08,-8.45829177483714e-09,-1.95489979589199e-08
2026-06-17 07:16:00+00:00,-1.7277195540531896,-6.8607423989100125e-09,-1.258446504398166e-08,-8.423324083525874e-09,-1.9445207442891674e-08
2026-06-17 07:17:00+00:00,-1.718499559518735,-6.755530940161212e-09,-1.2585906893467756e-08,-8.387964414197841e-09,-1.9341437833628966e-08
2026-06-17 07:18:00+00:00,-1.7092824612888418,-6.65052006229822e-09,-1.2587180842446026e-08,-8.352214176525186e-09,-1.9237700904744247e-08
2026-06-17 07:19:00+00:00,-1.7000692817458491,-6.5457186863740325e-09,-1.2588289931444645e-08,-8.316074739162188e-09,-1.913400861781868e-08
2026-06-17 07:20:00+00:00,-1.6908610405202185,-6.441136065017661e-09,-1.2589235118042055e-08,-8.279547475887199e-09,-1.9030371183059716e-08
2026-06-17 07:21:00+00:00,-1.6816587545154018,-6.336780976816682e-09,-1.2590020426930793e-08,-8.242633885556208e-09,-1.8926801403747473e-08
2026-06-17 07:22:00+00:00,-1.6724634377601246,-6.232662351668488e-09,-1.2590646750394865e-08,-8.205335407738467e-09,-1.8823309102063353e-08
2026-06-17 07:23:00+00:00,-1.663276101346574,-6.128789538802446e-09,-1.2591117270689597e-08,-8.167653561137016e-09,-1.8719906809492045e-08
2026-06-17 07:24:00+00:00,-1.654097753371646,-6.02517099296274e-09,-1.259143536312275e-08,-8.129589814531463e-09,-1.861660635608549e-08
2026-06-17 07:25:00+00:00,-1.6449293926439237,-5.921815855180209e-09,-1.2591601600536827e-08,-8.091145690407533e-09,-1.8513417455717036e-08
2026-06-17 07:26:00+00:00,-1.6357720332973713,-5.818733026522267e-09,-1.2591619394449038e-08,-8.052322802955611e-09,-1.8410352420971306e-08
2026-06-17 07:27:00+00:00,-1.6266266677535965,-5.7159313177027795e-09,-1.2591492160204466e-08,-8.01312271335421e-09,-1.8307423477907244e-08
2026-06-17 07:28:00+00:00,-1.6174942912642125,-5.6134192086142845e-09,-1.2591220480948483e-08,-7.973547051158937e-09,-1.8204639689562767e-08
2026-06-17 07:29:00+00:00,-1.6083758956989342,-5.511205832951788e-09,-1.259080813629847e-08,-7.933597377984756e-09,-1.810201396925026e-08
2026-06-17 07:30:00+00:00,-1.5992724694007885,-5.409299932183762e-09,-1.2590256267462648e-08,-7.893275408873871e-09,-1.799955619964641e-08
2026-06-17 07:31:00+00:00,-1.590184997212738,-5.307709855809308e-09,-1.258956825386315e-08,-7.85258277266835e-09,-1.7897278109672457e-08
2026-06-17 07:32:00+00:00,-1.581114460334756,-5.206444664301042e-09,-1.2588745792243954e-08,-7.811521214897669e-09,-1.7795190456544997e-08
2026-06-17 07:33:00+00:00,-1.5720618362646257,-5.105512606357557e-09,-1.2587792177259012e-08,-7.770092441179029e-09,-1.769330478361657e-08
2026-06-17 07:34:00+00:00,-1.5630280987406542,-5.004922700218865e-09,-1.2586709338644272e-08,-7.728298163372683e-09,-1.7591632038863137e-08
2026-06-17 07:35:00+00:00,-1.5540142175974452,-4.904682971324856e-09,-1.258549943454293e-08,-7.686140182676555e-09,-1.7490182405867786e-08
2026-06-17 07:36:00+00:00,-1.5450211527727158,-4.804802035983555e-09,-1.2584164093294004e-08,-7.643620246330365e-09,-1.7388966129277557e-08
2026-06-17 07:37:00+00:00,-1.5360498782720509,-4.705289004556601e-09,-1.2582706808795168e-08,-7.60074027101647e-09,-1.7287995813351768e-08
2026-06-17 07:38:00+00:00,-1.5271013459285885,-4.606151698744376e-09,-1.2581129845232906e-08,-7.557502026178722e-09,-1.718728154397728e-08
2026-06-17 07:39:00+00:00,-1.5181765094824606,-4.5073987943729765e-09,-1.2579435312436498e-08,-7.51390728400656e-09,-1.7086834106809474e-08
2026-06-17 07:40:00+00:00,-1.509276318404358,-4.409038567867013e-09,-1.2577625863563764e-08,-7.469958063286637e-09,-1.6986664431430776e-08
2026-06-17 07:41:00+00:00,-1.500401717923276,-4.311079374062927e-09,-1.2575702325844938e-08,-7.4256562513790625e-09,-1.6886781699907864e-08
2026-06-17 07:42:00+00:00,-1.4915536488871313,-4.213529674709159e-09,-1.2573668666267958e-08,-7.38100367815882e-09,-1.6787198340977117e-08
2026-06-17 07:43:00+00:00,-1.4827330477067708,-4.11639726191413e-09,-1.257152675018203e-08,-7.33600234659972e-09,-1.668792401209616e-08
2026-06-17 07:44:00+00:00,-1.4739408463027923,-4.019690899194546e-09,-1.256927839151905e-08,-7.290654276114494e-09,-1.6588969290713596e-08
2026-06-17 07:45:00+00:00,-1.465177971966713,-3.923418021947501e-09,-1.2566925806826874e-08,-7.244961355212667e-09,-1.6490343828774375e-08
2026-06-17 07:46:00+00:00,-1.4564453473908148,-3.82758769255035e-09,-1.2564472481625959e-08,-7.198925654993061e-09,-1.639206017417631e-08
2026-06-17 07:47:00+00:00,-1.4477438847055952,-3.73220708055945e-09,-1.256191881278431e-08,-7.152549158831945e-09,-1.629412589334376e-08
2026-06-17 07:48:00+00:00,-1.4390745087475236,-3.6372849407524694e-09,-1.2559268276008132e-08,-7.10583400556711e-09,-1.61965532167606e-08
2026-06-17 07:49:00+00:00,-1.4304381219936049,-3.5428290060584697e-09,-1.2556523436280944e-08,-7.058782258391009e-09,-1.6099352442339412e-08
2026-06-17 07:50:00+00:00,-1.4218356277891355,-3.4488471073339033e-09,-1.2553685689325327e-08,-7.011395881089843e-09,-1.600253279665923e-08
2026-06-17 07:51:00+00:00,-1.4132679245304793,-3.355347266401515e-09,-1.2550757695918987e-08,-6.963677140459804e-09,-1.59061049623205e-08
2026-06-17 07:52:00+00:00,-1.4047359055328972,-3.2623375156941132e-09,-1.2547740919493205e-08,-6.91562811782154e-09,-1.581007843518732e-08
2026-06-17 07:53:00+00:00,-1.3962404589779083,-3.169825062041783e-09,-1.2544638040850246e-08,-6.867250967301866e-09,-1.571446310289203e-08
2026-06-17 07:54:00+00:00,-1.3877824678623272,-3.0778182262074065e-09,-1.2541451180347057e-08,-6.818547860605568e-09,-1.5619269406554462e-08
2026-06-17 07:55:00+00:00,-1.37936280986616,-2.9863246806622204e-09,-1.2538183217887481e-08,-6.769521088606406e-09,-1.5524507898549703e-08
2026-06-17 07:56:00+00:00,-1.3709823573837048,-2.8953521662042136e-09,-1.253483565154657e-08,-6.720172711051869e-09,-1.5430187817750783e-08
2026-06-17 07:57:00+00:00,-1.3626419773921084,-2.8049078042170086e-09,-1.2531409917608149e-08,-6.6705050730288845e-09,-1.5336317721825157e-08
2026-06-17 07:58:00+00:00,-1.3543425314022413,-2.7149994392915014e-09,-1.2527909623034554e-08,-6.620520436292637e-09,-1.5242909062326054e-08
2026-06-17 07:59:00+00:00,-1.3460848698847063,-2.62563448105795e-09,-1.2524335144883764e-08,-6.570221005969275e-09,-1.5149969625941714e-08
2026-06-17 08:00:00+00:00,-1.3378698542658687,-2.5368208329840943e-09,-1.2520690509738305e-08,-6.519609128820614e-09,-1.50575113427224e-08
2026-06-17 08:01:00+00:00,-1.3296983237308222,-2.4485656762966232e-09,-1.2516976695170218e-08,-6.468687203353353e-09,-1.496554237146684e-08
2026-06-17 08:02:00+00:00,-1.321571117275722,-2.3608761307039267e-09,-1.2513195411040216e-08,-6.4174574450981756e-09,-1.4874071541744142e-08
2026-06-17 08:03:00+00:00,-1.313489068107477,-2.273759797229137e-09,-1.2509349759577418e-08,-6.365922281930081e-09,-1.4783109556806555e-08
2026-06-17 08:04:00+00:00,-1.3054530035974108,-2.1872237728253184e-09,-1.2505441272739438e-08,-6.31408404072847e-09,-1.4692665045564756e-08
2026-06-17 08:05:00+00:00,-1.2974637451569604,-2.101275425185823e-09,-1.2501471596894237e-08,-6.261945159614605e-09,-1.460274702208006e-08
2026-06-17 08:06:00+00:00,-1.2895221082674013,-2.015921736406651e-09,-1.249744381485548e-08,-6.209508058914491e-09,-1.4513365551262131e-08
2026-06-17 08:07:00+00:00,-1.2816289023563754,-1.9311698390321943e-09,-1.2493358616392313e-08,-6.156775095261871e-09,-1.4424528455424506e-08
2026-06-17 08:08:00+00:00,-1.2737849307535092,-1.8470268067004243e-09,-1.2489219082807442e-08,-6.103748810678574e-09,-1.4336245889507867e-08
2026-06-17 08:09:00+00:00,-1.2659909906435691,-1.763499862616457e-09,-1.2485026448250252e-08,-6.0504316468306234e-09,-1.4248526310866708e-08
2026-06-17 08:10:00+00:00,-1.2582478677727378,-1.6805954628646814e-09,-1.2480783817211795e-08,-5.996826047384315e-09,-1.4161379280076477e-08
2026-06-17 08:11:00+00:00,-1.2505563572121927,-1.5983208699262493e-09,-1.2476491497935752e-08,-5.9429345753612936e-09,-1.4074812367862002e-08
2026-06-17 08:12:00+00:00,-1.2429172320861464,-1.5166828358103153e-09,-1.2472152588166763e-08,-5.88875974169723e-09,-1.3988835423977078e-08
2026-06-17 08:13:00+00:00,-1.2353312643314096,-1.4356877727434212e-09,-1.2467767852823329e-08,-5.834304095372987e-09,-1.390345562556675e-08
2026-06-17 08:14:00+00:00,-1.2277992194444305,-1.3553428962895059e-09,-1.246334126487333e-08,-5.779570168745347e-09,-1.3818684161162836e-08
2026-06-17 08:15:00+00:00,-1.2203218563660085,-1.275654522981109e-09,-1.2458872849173785e-08,-5.724560551539315e-09,-1.3734527372154894e-08
2026-06-17 08:16:00+00:00,-1.2128999275110304,-1.1966295330891091e-09,-1.2454365837707181e-08,-5.669277853947673e-09,-1.365099537079629e-08
2026-06-17 08:17:00+00:00,-1.2055341786540048,-1.1182742055003216e-09,-1.2449820561603773e-08,-5.613724688485259e-09,-1.3568094767104094e-08
2026-06-17 08:18:00+00:00,-1.198225348887802,-1.040595053023205e-09,-1.244523996489707e-08,-5.557903596320591e-09,-1.3485835017920275e-08
2026-06-17 08:19:00+00:00,-1.1909741705810328,-9.635984041239966e-10,-1.2440625502585487e-08,-5.501817425417429e-09,-1.3404223906709484e-08
2026-06-17 08:20:00+00:00,-1.1837813692696648,-8.872908495784776e-10,-1.2435979190121208e-08,-5.445468602437946e-09,-1.3323270039699686e-08
2026-06-17 08:21:00+00:00,-1.1766476589202999,-8.116784207044152e-10,-1.2431302953069213e-08,-5.38885990943174e-09,-1.3242981373773629e-08
2026-06-17 08:22:00+00:00,-1.1695737609171926,-7.367676084791555e-10,-1.2426597993635628e-08,-5.3319940880693275e-09,-1.3163365602114784e-08
2026-06-17 08:23:00+00:00,-1.1625603753188523,-6.625643695624046e-10,-1.2421866717580881e-08,-5.274873825098422e-09,-1.3084431087143286e-08
2026-06-17 08:24:00+00:00,-1.1556081999946617,-5.890749677794504e-10,-1.2417111054456205e-08,-5.217501771598044e-09,-1.3006186022235656e-08
2026-06-17 08:25:00+00:00,-1.1487179257159066,-5.163052999226409e-10,-1.24123313494272e-08,-5.159880757439988e-09,-1.2928636649349841e-08
2026-06-17 08:26:00+00:00,-1.1418902361833225,-4.4426137356277286e-10,-1.2407530875288304e-08,-5.102013523843241e-09,-1.2851792248851077e-08
2026-06-17 08:27:00+00:00,-1.135125807922685,-3.7294909711443943e-10,-1.2402710317054261e-08,-5.043902779033188e-09,-1.2775659414168701e-08
2026-06-17 08:28:00+00:00,-1.1284253102485977,-3.023742794862277e-10,-1.239787232873768e-08,-4.9855513642755285e-09,-1.2700246608223908e-08
2026-06-17 08:29:00+00:00,-1.1217894052263349,-2.3254292817792489e-10,-1.2393017750480025e-08,-4.9269621341850855e-09,-1.262556067865795e-08
2026-06-17 08:30:00+00:00,-1.1152187475728663,-1.6346032308041267e-10,-1.2388148296170853e-08,-4.8681378555845216e-09,-1.2551608619251265e-08
2026-06-17 08:31:00+00:00,-1.1087139846825753,-9.513262843948649e-11,-1.2383266189178373e-08,-4.809081318105306e-09,-1.247839881761786e-08
2026-06-17 08:32:00+00:00,-1.1022757522349813,-2.7564940245560848e-11,-1.2378372832922617e-08,-4.749795347355786e-09,-1.2405937773168177e-08
2026-06-17 08:33:00+00:00,-1.0959046913838983,3.923669723220072e-11,-1.2373469248247682e-08,-4.6902829565859725e-09,-1.233423255101548e-08
2026-06-17 08:34:00+00:00,-1.089601422817836,1.0526730296894709e-10,-1.2368557170023227e-08,-4.6305469625726165e-09,-1.226328986705428e-08
2026-06-17 08:35:00+00:00,-1.0833665639800791,1.7052127066367042e-10,-1.2363638755835007e-08,-4.570590193075688e-09,-1.2193117485171336e-08
2026-06-17 08:36:00+00:00,-1.0772007247553586,2.349932759565588e-10,-1.2358715394151848e-08,-4.510415582453234e-09,-1.2123722118195289e-08
2026-06-17 08:37:00+00:00,-1.0711045073763774,2.986780385592803e-10,-1.235378820451286e-08,-4.450026061377651e-09,-1.205511016595358e-08
2026-06-17 08:38:00+00:00,-1.0650785063913764,3.6157053149437633e-10,-1.2348858994192125e-08,-4.3894245477240085e-09,-1.1987288462697749e-08
2026-06-17 08:39:00+00:00,-1.0591233086307488,4.2366553371903277e-10,-1.2343929027417749e-08,-4.32861404813696e-09,-1.1920263493698717e-08
2026-06-17 08:40:00+00:00,-1.0532394931197457,4.849580189739006e-10,-1.2339000345898752e-08,-4.267597400188061e-09,-1.1854042326924851e-08
2026-06-17 08:41:00+00:00,-1.047427631102372,5.454428869330341e-10,-1.233407362733755e-08,-4.206377678010301e-09,-1.1788630740404516e-08
2026-06-17 08:42:00+00:00,-1.0416882859544834,6.051152923557616e-10,-1.2329151055398687e-08,-4.1449577869339475e-09,-1.1724035763042925e-08
2026-06-17 08:43:00+00:00,-1.0360220131530007,6.639709438498794e-10,-1.2324232810365539e-08,-4.083340786343702e-09,-1.166026186651566e-08
2026-06-17 08:44:00+00:00,-1.0304293565206493,7.220041105796841e-10,-1.231932203650246e-08,-4.021529645819239e-09,-1.1597317925922777e-08
2026-06-17 08:45:00+00:00,-1.0249108630951393,7.792105528285956e-10,-1.2314418870396312e-08,-3.959527373206609e-09,-1.1535208317567717e-08
2026-06-17 08:46:00+00:00,-1.0194670606503595,8.355858886548375e-10,-1.2309524634143044e-08,-3.897337080984923e-09,-1.1473938745488206e-08
2026-06-17 08:47:00+00:00,-1.0140984726657194,8.911254194420242e-10,-1.2304641652544726e-08,-3.834961699657132e-09,-1.1413516233102701e-08
2026-06-17 08:48:00+00:00,-1.0088056145238489,9.458244054017929e-10,-1.229977038155777e-08,-3.7724044437038185e-09,-1.1353945976155977e-08
2026-06-17 08:49:00+00:00,-1.0035889934724076,9.996785136414277e-10,-1.2294912415571029e-08,-3.709668212507424e-09,-1.12952339019296e-08
2026-06-17 08:50:00+00:00,-0.9984491085965993,1.052683893045832e-09,-1.2290068755416765e-08,-3.646756180551926e-09,-1.1237384862370934e-08
2026-06-17 08:51:00+00:00,-0.993386450743893,1.10483535436324e-09,-1.2285241288541877e-08,-3.5836713828874446e-09,-1.1180405934178637e-08
2026-06-17 08:52:00+00:00,-0.9884015025465274,1.1561295486487644e-09,-1.2280430829780479e-08,-3.5204169639910743e-09,-1.1124301281131715e-08
2026-06-17 08:53:00+00:00,-0.9834947383471262,1.20656204301795e-09,-1.2275638669871947e-08,-3.4569959937130596e-09,-1.1069076626853998e-08
2026-06-17 08:54:00+00:00,-0.9786666241739775,1.2561287684447815e-09,-1.227086539037175e-08,-3.3934116656546668e-09,-1.1014736621926968e-08
2026-06-17 08:55:00+00:00,-0.9739176145576891,1.3048258266632138e-09,-1.2266113263269713e-08,-3.329666989866321e-09,-1.09612874366065e-08
2026-06-17 08:56:00+00:00,-0.9692481651481537,1.3526495025977654e-09,-1.2261382507183661e-08,-3.265765225549733e-09,-1.0908733004585895e-08
2026-06-17 08:57:00+00:00,-0.964658713627045,1.3995953593472734e-09,-1.2256674679577694e-08,-3.2017094789590654e-09,-1.085707932023042e-08
2026-06-17 08:58:00+00:00,-0.9601496924319124,1.4456605029975438e-09,-1.225199185081317e-08,-3.137502882739248e-09,-1.0806331347815626e-08
2026-06-17 08:59:00+00:00,-0.9557215255224546,1.4908403456582323e-09,-1.2247333443449393e-08,-3.0731486343012794e-09,-1.075649309779116e-08
2026-06-17 09:00:00+00:00,-0.9513746283582116,1.5351320977283882e-09,-1.2242700903104402e-08,-3.008649903729054e-09,-1.0707568805376014e-08
2026-06-17 09:01:00+00:00,-0.9471094078359564,1.5785315898403113e-09,-1.2238096672353693e-08,-2.944009907932947e-09,-1.0659565082513382e-08
2026-06-17 09:02:00+00:00,-0.942926262309144,1.6210357797845222e-09,-1.2233520089537704e-08,-2.8792318275967048e-09,-1.061248430975318e-08
2026-06-17 09:03:00+00:00,-0.9388255815264546,1.662641201081196e-09,-1.222897287944426e-08,-2.814318825952922e-09,-1.0566331678363064e-08
2026-06-17 09:04:00+00:00,-0.9348077466121887,1.7033444556381284e-09,-1.2224456578292963e-08,-2.749274141166669e-09,-1.0521112122654836e-08
2026-06-17 09:05:00+00:00,-0.930873130045945,1.743142706415659e-09,-1.2219970938524129e-08,-2.684101063405725e-09,-1.047682823210847e-08
2026-06-17 09:06:00+00:00,-0.9270220930525681,1.7820321506173373e-09,-1.2215517725419826e-08,-2.6188026655025915e-09,-1.043348557480249e-08
2026-06-17 09:07:00+00:00,-0.9232549958937186,1.8200103080006037e-09,-1.2211097856024417e-08,-2.5533823793192237e-09,-1.0391087548023813e-08
2026-06-17 09:08:00+00:00,-0.9195721823181908,1.8570740669016403e-09,-1.2206712146274074e-08,-2.4878432950268936e-09,-1.0349638079372434e-08
2026-06-17 09:09:00+00:00,-0.9159739899307064,1.8932200616188484e-09,-1.2202361367437592e-08,-2.4221887055044365e-09,-1.0309141305818743e-08
2026-06-17 09:10:00+00:00,-0.9124607475637994,1.928446055819717e-09,-1.2198046237321618e-08,-2.3564219750935118e-09,-1.0269600181501901e-08
2026-06-17 09:11:00+00:00,-0.9090327752286784,1.962749211913762e-09,-1.2193768194362253e-08,-2.2905461941235523e-09,-1.0231018982448492e-08
2026-06-17 09:12:00+00:00,-0.9056903841316806,1.996126747518372e-09,-1.218952727883311e-08,-2.224564773607042e-09,-1.0193400531314738e-08
2026-06-17 09:13:00+00:00,-0.9024338766260553,2.028575443455983e-09,-1.2185325162744757e-08,-2.1584809615266593e-09,-1.0156749719288774e-08
2026-06-17 09:14:00+00:00,-0.8992635461973101,2.0600938973125465e-09,-1.218116150398796e-08,-2.0922980135368183e-09,-1.0121067606675414e-08
2026-06-17 09:15:00+00:00,-0.8961796774483919,2.0906791210703683e-09,-1.2177037842531524e-08,-2.02601917472091e-09,-1.0086358721461155e-08
2026-06-17 09:16:00+00:00,-0.8931825460570003,2.120328362161947e-09,-1.2172955116287724e-08,-1.959647845900303e-09,-1.0052626754125777e-08
2026-06-17 09:17:00+00:00,-0.890272416868334,2.149039808365281e-09,-1.2168913820626326e-08,-1.8931872591564986e-09,-1.0019874012261046e-08
2026-06-17 09:18:00+00:00,-0.8874495516014371,2.1768114836540323e-09,-1.2164914465039864e-08,-1.8266407616568406e-09,-9.988102981385832e-09
2026-06-17 09:19:00+00:00,-0.8847141971277428,2.2036406003381587e-09,-1.216095770651723e-08,-1.7600116487484483e-09,-9.957317106179072e-09
2026-06-17 09:20:00+00:00,-0.8820665933233955,2.229525691858054e-09,-1.2157044261113613e-08,-1.693303281648264e-09,-9.92751856925556e-09
2026-06-17 09:21:00+00:00,-0.8795069710527668,2.2544642594604165e-09,-1.2153175130531452e-08,-1.626518975485762e-09,-9.898710871071036e-09
2026-06-17 09:22:00+00:00,-0.877035552182067,2.2784548911740487e-09,-1.2149350007259391e-08,-1.5596619807476545e-09,-9.870895116085342e-09
2026-06-17 09:23:00+00:00,-0.8746525495443704,2.301495665355597e-09,-1.2145570259109123e-08,-1.4927356726906606e-09,-9.844074593753525e-09
2026-06-17 09:24:00+00:00,-0.8723581669305143,2.323584508936456e-09,-1.214183665057354e-08,-1.4257434177880349e-09,-9.818252141637084e-09
2026-06-17 09:25:00+00:00,-0.8701525990791992,2.3447203466117725e-09,-1.2138148932538038e-08,-1.3586885739022306e-09,-9.793428585926266e-09
2026-06-17 09:26:00+00:00,-0.8680360316482261,2.3649009670877195e-09,-1.2134508143341946e-08,-1.2915744399377959e-09,-9.769607176254227e-09
2026-06-17 09:27:00+00:00,-0.8660086412265867,2.3841253211514867e-09,-1.2130914467033951e-08,-1.2244043572141996e-09,-9.746789145882465e-09
2026-06-17 09:28:00+00:00,-0.8640705953061536,2.4023921191554225e-09,-1.2127368645801897e-08,-1.1571816544745498e-09,-9.724976526646475e-09
2026-06-17 09:29:00+00:00,-0.8622220510656692,2.419699320448421e-09,-1.2123871304868817e-08,-1.0899097713471708e-09,-9.704171984420396e-09
2026-06-17 09:30:00+00:00,-0.8604631602623538,2.436046518619745e-09,-1.2120422075855393e-08,-1.0225920006215333e-09,-9.684375557235649e-09
2026-06-17 09:31:00+00:00,-0.8587940617717583,2.451431954288909e-09,-1.2117022083748396e-08,-9.552317485884698e-10,-9.665590129459487e-09
2026-06-17 09:32:00+00:00,-0.8572148866167717,2.4658548691756373e-09,-1.2113671203460773e-08,-8.878323417175455e-10,-9.647816334285135e-09
2026-06-17 09:33:00+00:00,-0.8557257566769668,2.4793141605480284e-09,-1.2110370778989953e-08,-8.203972193984941e-10,-9.631056618441924e-09
2026-06-17 09:34:00+00:00,-0.8543267846850535,2.4918086051061887e-09,-1.2107120251018797e-08,-7.529296298441475e-10,-9.615311645912607e-09
2026-06-17 09:35:00+00:00,-0.8530180742216902,2.5033377991996596e-09,-1.2103920005127816e-08,-6.854329898487052e-10,-9.600582205928157e-09
2026-06-17 09:36:00+00:00,-0.8517997197011338,2.513900875563032e-09,-1.2100770619651859e-08,-6.179107283881513e-10,-9.586869744088827e-09
2026-06-17 09:37:00+00:00,-0.8506718063794574,2.5234970106284665e-09,-1.2097672615205763e-08,-5.50366116002372e-10,-9.574175604577297e-09
2026-06-17 09:38:00+00:00,-0.8496344103407609,2.5321256783548207e-09,-1.2094625041742263e-08,-4.828025878704813e-10,-9.562499363387443e-09
2026-06-17 09:39:00+00:00,-0.848687598496221,2.539786172691533e-09,-1.2091629557238065e-08,-4.152235734258374e-10,-9.551843384546532e-09
2026-06-17 09:40:00+00:00,-0.8478314280376843,2.5464782844049554e-09,-1.2088685568181858e-08,-3.4763228796925504e-10,-9.542207283776902e-09
2026-06-17 09:41:00+00:00,-0.8470659486660885,2.552201533387424e-09,-1.2085793239554877e-08,-2.800322443327495e-10,-9.533591706167454e-09
2026-06-17 09:42:00+00:00,-0.8463911991537844,2.5569557689500417e-09,-1.2082953433320473e-08,-2.1242679941081923e-10,-9.52599766437043e-09
2026-06-17 09:43:00+00:00,-0.8458072096941163,2.560740266651728e-09,-1.2080165684263123e-08,-1.4481929240710808e-10,-9.519425417611396e-09
2026-06-17 09:44:00+00:00,-0.8453140012988716,2.563555868150407e-09,-1.2077430221062579e-08,-7.721310383966332e-11,-9.513874352912173e-09
2026-06-17 09:45:00+00:00,-0.8449115857986225,2.565401742845601e-09,-1.207474669029893e-08,-9.611678769185436e-12,-9.509344947453329e-09
2026-06-17 09:46:00+00:00,-0.8445999658428776,2.5662785217680328e-09,-1.2072116116077102e-08,5.7981721751283445e-11,-9.505837594309069e-09
2026-06-17 09:47:00+00:00,-0.8443791349038057,2.56618522334575e-09,-1.206953750493656e-08,1.2556363351881916e-10,-9.503352281590812e-09
2026-06-17 09:48:00+00:00,-0.8442490772772623,2.5651236259184123e-09,-1.2067011833406971e-08,1.931307483874263e-10,-9.501888207488559e-09
2026-06-17 09:49:00+00:00,-0.8442097680864864,2.5630925371579185e-09,-1.2064538698502452e-08,2.6067966053279816e-10,-9.501446161344533e-09
2026-06-17 09:50:00+00:00,-0.8442611732854223,2.5600931813442927e-09,-1.2062117662194023e-08,3.2820689861622934e-10,-9.50202448084973e-09
2026-06-17 09:51:00+00:00,-0.8444032497915072,2.556125780649363e-09,-1.2059749620633535e-08,3.9570935968955246e-10,-9.503623839984173e-09
2026-06-17 09:52:00+00:00,-0.8446359450455614,2.551190902484386e-09,-1.2057433606605812e-08,4.631834478056818e-10,-9.506242704121426e-09
2026-06-17 09:53:00+00:00,-0.844959197591552,2.54528928974335e-09,-1.2055169830438144e-08,5.306258495641443e-10,-9.509880540694795e-09
2026-06-17 09:54:00+00:00,-0.8453729367634393,2.538421013200455e-09,-1.2052958899222656e-08,5.980331749382429e-10,-9.5145378860222e-09
2026-06-17 09:55:00+00:00,-0.8458770827548159,2.530587679484429e-09,-1.2050799038329123e-08,6.654021148770484e-10,-9.520211358844694e-09
2026-06-17 09:56:00+00:00,-0.8464715466330794,2.5217896552095423e-09,-1.2048691742493555e-08,7.327292657381622e-10,-9.526902087284014e-09
2026-06-17 09:57:00+00:00,-0.8471562303403594,2.5120277682218084e-09,-1.2046635760312139e-08,8.000114059533915e-10,-9.53460799209033e-09
2026-06-17 09:58:00+00:00,-0.8479310267090426,2.501303322372285e-09,-1.2044631583275152e-08,8.672450208399693e-10,-9.543328260902867e-09
2026-06-17 09:59:00+00:00,-0.848795819469137,2.4896169185059835e-09,-1.2042678529242017e-08,9.344267864827302e-10,-9.553061610736033e-09
2026-06-17 10:00:00+00:00,-0.8497504832581855,2.4769703048541478e-09,-1.2040776816045099e-08,1.0015534174453152e-09,-9.563806511190951e-09
2026-06-17 10:01:00+00:00,-0.8507948836409609,2.463365123287585e-09,-1.203892530594874e-08,1.068621601840696e-09,-9.575560182661154e-09
2026-06-17 10:02:00+00:00,-0.851928877900844,2.448801170570266e-09,-1.2037124819802693e-08,1.1356279335448482e-09,-9.588323649232427e-09
2026-06-17 10:03:00+00:00,-0.8531523119573065,2.4332813378989156e-09,-1.2035374428594863e-08,1.2025690266613838e-09,-9.602093090695947e-09
2026-06-17 10:04:00+00:00,-0.8544650249419068,2.4168061644679196e-09,-1.2033673586230727e-08,1.2694416841752948e-09,-9.616867421762808e-09
2026-06-17 10:05:00+00:00,-0.8558668462269963,2.3993778805370587e-09,-1.2032022387191673e-08,1.336242422616781e-09,-9.632644506654614e-09
2026-06-17 10:06:00+00:00,-0.8573575961847191,2.3809973855948717e-09,-1.2030420300328127e-08,1.4029680952926218e-09,-9.649422914733255e-09
2026-06-17 10:07:00+00:00,-0.8589370861831263,2.3616673673639766e-09,-1.2028866989120918e-08,1.4696152607741076e-09,-9.667199621756942e-09
2026-06-17 10:08:00+00:00,-0.8606051186155319,2.3413888990071827e-09,-1.2027361787904674e-08,1.5361807264963281e-09,-9.685972888897492e-09
2026-06-17 10:09:00+00:00,-0.8623614869142533,2.3201639759542054e-09,-1.2025904681835869e-08,1.6026610691935766e-09,-9.705740705881664e-09
2026-06-17 10:10:00+00:00,-0.8642059755659748,2.297994590509213e-09,-1.2024494962707556e-08,1.669053035779955e-09,-9.726500372198343e-09
2026-06-17 10:11:00+00:00,-0.8661383601436965,2.274883059854616e-09,-1.2023131730561568e-08,1.7353533447720552e-09,-9.748248670706951e-09
2026-06-17 10:12:00+00:00,-0.8681584073043358,2.2508311456000643e-09,-1.2021815032998078e-08,1.8015586863411648e-09,-9.770983887398014e-09
2026-06-17 10:13:00+00:00,-0.8702658748232346,2.22584084438353e-09,-1.2020544566712928e-08,1.8676657496543087e-09,-9.794703722329397e-09
2026-06-17 10:14:00+00:00,-0.8724605131131866,2.1999152387484773e-09,-1.2019319582753462e-08,1.9336714594446676e-09,-9.819404344004984e-09
2026-06-17 10:15:00+00:00,-0.874742059293608,2.173056196555309e-09,-1.2018138264801542e-08,1.999572268451124e-09,-9.845082068246233e-09
2026-06-17 10:16:00+00:00,-0.8771102460632816,2.145265882063397e-09,-1.2017001988079388e-08,2.0653650798726356e-09,-9.871736106015991e-09
2026-06-17 10:17:00+00:00,-0.8795647958655834,2.1165473644563395e-09,-1.201590840996634e-08,2.1310465861772807e-09,-9.89936104551e-09
2026-06-17 10:18:00+00:00,-0.8821054223744942,2.0869026037662347e-09,-1.2014858506757715e-08,2.1966135146806164e-09,-9.927955902991481e-09
2026-06-17 10:19:00+00:00,-0.8847318305115581,2.0563348235130907e-09,-1.2013850148201776e-08,2.2620627058040265e-09,-9.957515324688686e-09
2026-06-17 10:20:00+00:00,-0.8874437164665523,2.024846615247231e-09,-1.201288363474498e-08,2.3273909607738815e-09,-9.988037019497749e-09
2026-06-17 10:21:00+00:00,-0.8902407677442301,1.99244046041294e-09,-1.2011957801649537e-08,2.3925948891226012e-09,-1.0019517341236598e-08
2026-06-17 10:22:00+00:00,-0.8931226631589073,1.959119491488581e-09,-1.201107206962047e-08,2.457671392843882e-09,-1.005195257813189e-08
2026-06-17 10:23:00+00:00,-0.8960890728804615,1.9248869393804893e-09,-1.2010226080831253e-08,2.5226172556903546e-09,-1.0085339141450763e-08
2026-06-17 10:24:00+00:00,-0.8991396584579081,1.8897449393319754e-09,-1.2009418423086685e-08,2.58742934592861e-09,-1.011967348375471e-08
2026-06-17 10:25:00+00:00,-0.9022740749701408,1.8536979425041845e-09,-1.2008648547969285e-08,2.652104392592986e-09,-1.0154950605465101e-08
2026-06-17 10:26:00+00:00,-0.9054919626176744,1.8167478426667633e-09,-1.2007915503551297e-08,2.7166391279253e-09,-1.0191167660884534e-08
2026-06-17 10:27:00+00:00,-0.9087929593234565,1.7788991373197957e-09,-1.2007218821097784e-08,2.7810305457467246e-09,-1.0228319683777989e-08
2026-06-17 10:28:00+00:00,-0.9121766924377591,1.74015442637374e-09,-1.2006556770665402e-08,2.845275393945933e-09,-1.0266402344291662e-08
2026-06-17 10:29:00+00:00,-0.9156427808355808,1.7005169736179401e-09,-1.2005929919162962e-08,2.909370545448913e-09,-1.030541294554502e-08
2026-06-17 10:30:00+00:00,-0.9191908349425584,1.6599905423141588e-09,-1.200533657340451e-08,2.9733128782199035e-09,-1.034534603109035e-08
2026-06-17 10:31:00+00:00,-0.9228204567927181,1.6185786335508394e-09,-1.2004775606277916e-08,3.037099178051555e-09,-1.0386196972727075e-08
2026-06-17 10:32:00+00:00,-0.9265312400200444,1.5762852623356984e-09,-1.2004246183103888e-08,3.100726415318945e-09,-1.042796092076819e-08
2026-06-17 10:33:00+00:00,-0.9303227699191983,1.5331135691431355e-09,-1.2003747967511592e-08,3.1641914034125374e-09,-1.0470634398368457e-08
2026-06-17 10:34:00+00:00,-0.9341946234740507,1.4890676253567865e-09,-1.2003279367164773e-08,3.227491125954409e-09,-1.0514211741807987e-08
2026-06-17 10:35:00+00:00,-0.9381463693813394,1.4441514630271025e-09,-1.2002838855626358e-08,3.2906224185216984e-09,-1.0558687392599255e-08
2026-06-17 10:36:00+00:00,-0.9421775708494124,1.3983685702903766e-09,-1.2002426624961958e-08,3.353582317313068e-09,-1.0604058054671582e-08
2026-06-17 10:37:00+00:00,-0.9462877747187856,1.3517235783322355e-09,-1.200204119176335e-08,3.4163675347101077e-09,-1.0650317613431113e-08
2026-06-17 10:38:00+00:00,-0.9504765277522924,1.3042199550720232e-09,-1.2001681354616059e-08,3.478975178695707e-09,-1.0697461399544036e-08
2026-06-17 10:39:00+00:00,-0.954743365901044,1.255862093650585e-09,-1.2001346037459543e-08,3.541402173046721e-09,-1.0745483943808958e-08
2026-06-17 10:40:00+00:00,-0.9590878170118512,1.2066542117998097e-09,-1.2001034323349238e-08,3.603645472438262e-09,-1.0794380111549428e-08
2026-06-17 10:41:00+00:00,-0.9635094008993429,1.1566008436145625e-09,-1.2000745022276104e-08,3.6657020251852046e-09,-1.0844144178661542e-08
2026-06-17 10:42:00+00:00,-0.9680076293348499,1.1057056010269412e-09,-1.2000476853368498e-08,3.727568939292184e-09,-1.0894771252341556e-08
2026-06-17 10:43:00+00:00,-0.9725820061171979,1.053973814544882e-09,-1.200022915200406e-08,3.7892430487592495e-09,-1.0946255337459178e-08
2026-06-17 10:44:00+00:00,-0.9772320271062713,1.0014094587300423e-09,-1.199999991062572e-08,3.850721498939931e-09,-1.0998590451895679e-08
2026-06-17 10:45:00+00:00,-0.9819571802532179,9.480173307064645e-10,-1.1999788718447442e-08,3.9120012623277855e-09,-1.1051771387740977e-08
2026-06-17 10:46:00+00:00,-0.9867569456815505,8.938022285961672e-10,-1.1999593754660467e-08,3.973079341098609e-09,-1.1105791526064299e-08
2026-06-17 10:47:00+00:00,-0.9916307989624267,8.387681587923204e-10,-1.199941417607587e-08,4.033952905057276e-09,-1.116064601728355e-08
2026-06-17 10:48:00+00:00,-0.996578198073669,7.829205511949342e-10,-1.1999248929434145e-08,4.094618859609158e-09,-1.121632837823921e-08
2026-06-17 10:49:00+00:00,-1.0015986030429473,7.262642040477164e-10,-1.1999096243873735e-08,4.155074396267578e-09,-1.1272832039826019e-08
2026-06-17 10:50:00+00:00,-1.0066914629594725,6.688035735604114e-10,-1.1998955497142112e-08,4.2153165425370525e-09,-1.13301519235817e-08
2026-06-17 10:51:00+00:00,-1.0118562192989842,6.105443236584836e-10,-1.1998824636582207e-08,4.275342442301775e-09,-1.1388280312923723e-08
2026-06-17 10:52:00+00:00,-1.017092305910063,5.514913562409435e-10,-1.1998702343546715e-08,4.335149254544457e-09,-1.1447210987305771e-08
2026-06-17 10:53:00+00:00,-1.022399149098907,4.916489894409046e-10,-1.1998588216681736e-08,4.3947340699412056e-09,-1.1506939227240832e-08
2026-06-17 10:54:00+00:00,-1.0277761676674106,4.310233449842861e-10,-1.199848031146662e-08,4.454093984600843e-09,-1.1567456966482333e-08
2026-06-17 10:55:00+00:00,-1.0332227729454577,3.696195721457468e-10,-1.1998376781132439e-08,4.513226228934719e-09,-1.1628757208986692e-08
2026-06-17 10:56:00+00:00,-1.0387383688838732,3.074424736290184e-10,-1.1998276880347947e-08,4.572127982979127e-09,-1.1690834406718929e-08
2026-06-17 10:57:00+00:00,-1.0443223520358464,2.444976399164455e-10,-1.1998179187595856e-08,4.630796413341268e-09,-1.175368154767941e-08
2026-06-17 10:58:00+00:00,-1.0499741116509,1.8079088127620064e-10,-1.1998081879778773e-08,4.689228746638757e-09,-1.1817290998502572e-08
2026-06-17 10:59:00+00:00,-1.0556930335667356,1.1632756338910754e-10,-1.1997983691961522e-08,4.747422155089857e-09,-1.1881656128572414e-08
2026-06-17 11:00:00+00:00,-1.0614784848642538,5.111272573352319e-11,-1.199788372633206e-08,4.8053739739160985e-09,-1.1946771000598535e-08
2026-06-17 11:01:00+00:00,-1.0673298369731152,-1.484750005082525e-11,-1.1997779233300626e-08,4.863081383841416e-09,-1.201262673335145e-08
2026-06-17 11:02:00+00:00,-1.0732464503603627,-8.154735397136376e-11,-1.1997669886850306e-08,4.9205416288106405e-09,-1.2079217240821671e-08
2026-06-17 11:03:00+00:00,-1.0792276784359864,-1.489812466375425e-10,-1.1997554005111203e-08,4.9777520120200794e-09,-1.2146535251748745e-08
2026-06-17 11:04:00+00:00,-1.0852728675956111,-2.1714331197443287e-10,-1.1997429279922188e-08,5.034709877332778e-09,-1.2214572591896621e-08
2026-06-17 11:05:00+00:00,-1.0913813572593187,-2.8602782544991845e-10,-1.1997295283694582e-08,5.091412480064721e-09,-1.22833231091445e-08
2026-06-17 11:06:00+00:00,-1.0975524799752407,-3.5562869768349955e-10,-1.1997149141351207e-08,5.147857226419449e-09,-1.2352777839034706e-08
2026-06-17 11:07:00+00:00,-1.103785561396339,-4.2593974284121073e-10,-1.1996990633976991e-08,5.2040413692865884e-09,-1.2422930376818203e-08
2026-06-17 11:08:00+00:00,-1.1100799203850773,-4.969550676523361e-10,-1.1996817232739854e-08,5.259962404423396e-09,-1.249377230039219e-08
2026-06-17 11:09:00+00:00,-1.1164348690541588,-5.686684748712647e-10,-1.199662783620201e-08,5.315617609324329e-09,-1.2565296311073274e-08
2026-06-17 11:10:00+00:00,-1.1228497171328966,-6.410739830016659e-10,-1.1996420546096389e-08,5.371004428096341e-09,-1.2637494529098055e-08
2026-06-17 11:11:00+00:00,-1.1293237548223667,-7.141648249741314e-10,-1.1996193820714958e-08,5.426120259024558e-09,-1.2710358645689089e-08
2026-06-17 11:12:00+00:00,-1.1358562785885291,-7.879353687145476e-10,-1.1995945656990075e-08,5.480962477654788e-09,-1.2783881025704623e-08
2026-06-17 11:13:00+00:00,-1.1424465741007732,-8.623786839913944e-10,-1.1995675291824752e-08,5.535528676325748e-09,-1.2858053975816146e-08
2026-06-17 11:14:00+00:00,-1.1490939205603192,-9.37488792874863e-10,-1.1995379838062871e-08,5.589816209995899e-09,-1.2932868630937735e-08
2026-06-17 11:15:00+00:00,-1.1557975907402476,-1.0132587002491332e-09,-1.199505865980711e-08,5.6438226109360975e-09,-1.3008317360056244e-08
2026-06-17 11:16:00+00:00,-1.1625568510991082,-1.08968227524449e-09,-1.1994709181148469e-08,5.6975453488385696e-09,-1.3084391456392958e-08
2026-06-17 11:17:00+00:00,-1.1693709617583017,-1.1667529974623807e-09,-1.1994330668283497e-08,5.750981978302232e-09,-1.3161083665745878e-08
2026-06-17 11:18:00+00:00,-1.176239176616464,-1.2444638386940516e-09,-1.1993920493957106e-08,5.804130055624322e-09,-1.3238384332651157e-08
2026-06-17 11:19:00+00:00,-1.18316074339139,-1.3228084273422118e-09,-1.1993476781063887e-08,5.856987111054458e-09,-1.3316285208406099e-08
2026-06-17 11:20:00+00:00,-1.1901349036825843,-1.4017799148551446e-09,-1.1992998767956512e-08,5.909550685482267e-09,-1.3394778682811656e-08
2026-06-17 11:21:00+00:00,-1.1971608977447261,-1.4813708427585986e-09,-1.1992483404499639e-08,5.9618184864513655e-09,-1.3473854247258237e-08
2026-06-17 11:22:00+00:00,-1.2042379457259296,-1.5615756774575554e-09,-1.1991930039423135e-08,6.013788003512616e-09,-1.3553505716880691e-08
2026-06-17 11:23:00+00:00,-1.2113652759112248,-1.6423865165393705e-09,-1.1991336489220253e-08,6.065456918612864e-09,-1.3633723005759623e-08
2026-06-17 11:24:00+00:00,-1.2185421060304358,-1.7237963107194262e-09,-1.1990699989514463e-08,6.116822952322599e-09,-1.371449630023389e-08
2026-06-17 11:25:00+00:00,-1.2257676479992499,-1.8057987007134926e-09,-1.1990020307476048e-08,6.167883641591915e-09,-1.3795819008189541e-08
2026-06-17 11:26:00+00:00,-1.2330411079700754,-1.888386137394356e-09,-1.1989294638328011e-08,6.218636791430634e-09,-1.3877680775722368e-08
2026-06-17 11:27:00+00:00,-1.2403616864482738,-1.9715514050902725e-09,-1.19885209790324e-08,6.269080069020798e-09,-1.3960072384122672e-08
2026-06-17 11:28:00+00:00,-1.2477285782721945,-2.0552877109318526e-09,-1.1987698492542675e-08,6.3192112065586924e-09,-1.4042986203474527e-08
2026-06-17 11:29:00+00:00,-1.2551409727328544,-2.1395874921449003e-09,-1.1986823590025782e-08,6.369027973377738e-09,-1.4126411082170682e-08
2026-06-17 11:30:00+00:00,-1.2625980536268253,-2.2244438790437955e-09,-1.1985896129180557e-08,6.418528092873965e-09,-1.4210340008224353e-08
2026-06-17 11:31:00+00:00,-1.2700989993016778,-2.3098489643687397e-09,-1.1984912351123571e-08,6.467709436032918e-09,-1.429476131549231e-08
2026-06-17 11:32:00+00:00,-1.2776429878563738,-2.3957958830887513e-09,-1.198387169006089e-08,6.516569727144839e-09,-1.4379667573149642e-08
2026-06-17 11:33:00+00:00,-1.2852291768519115,-2.4822769449993074e-09,-1.1982772098566174e-08,6.565106871936507e-09,-1.4465049043565482e-08
2026-06-17 11:34:00+00:00,-1.2928567337936427,-2.5692850335029713e-09,-1.1981611568610115e-08,6.613318640191842e-09,-1.4550896602113087e-08
2026-06-17 11:35:00+00:00,-1.300524815970857,-2.656811560373078e-09,-1.1980387195374497e-08,6.661202938675612e-09,-1.4637198755747575e-08
2026-06-17 11:36:00+00:00,-1.308232575555861,-2.7448503652195407e-09,-1.197909820319682e-08,6.708757719761594e-09,-1.4723948568416362e-08
2026-06-17 11:37:00+00:00,-1.3159791597305897,-2.833393239724654e-09,-1.1977742255748478e-08,6.755980787554985e-09,-1.4811135495473133e-08
2026-06-17 11:38:00+00:00,-1.323763710665708,-2.9224324644006476e-09,-1.197631700510739e-08,6.802870120611693e-09,-1.4898749469508038e-08
2026-06-17 11:39:00+00:00,-1.3315853656447882,-3.0119603919371026e-09,-1.1974820548954721e-08,6.849423751929901e-09,-1.4986780940891824e-08
2026-06-17 11:40:00+00:00,-1.339443257120498,-3.101968970198413e-09,-1.1973250975451954e-08,6.895639584395634e-09,-1.5075219945650367e-08
2026-06-17 11:41:00+00:00,-1.3473365127659824,-3.1924510261231376e-09,-1.1971606546099048e-08,6.941515602812764e-09,-1.5164057572222184e-08
2026-06-17 11:42:00+00:00,-1.3552642556095158,-3.283398177764016e-09,-1.1969884512403074e-08,6.987049846007149e-09,-1.525328269016709e-08
2026-06-17 11:43:00+00:00,-1.3632256040056498,-3.3748030128097265e-09,-1.1968083211811118e-08,7.0322403884480235e-09,-1.5342886224620846e-08
2026-06-17 11:44:00+00:00,-1.3712196771418181,-3.4666574405231457e-09,-1.196620054179004e-08,7.077085250825005e-09,-1.5432857982313185e-08
2026-06-17 11:45:00+00:00,-1.3792455736264078,-3.558953738460027e-09,-1.1964235331014595e-08,7.121582508034642e-09,-1.5523189069474622e-08
2026-06-17 11:46:00+00:00,-1.3873024037117005,-3.6516832520249854e-09,-1.196218391649887e-08,7.165730278878359e-09,-1.5613867168523856e-08
2026-06-17 11:47:00+00:00,-1.3953892680019235,-3.744838397439771e-09,-1.1960044615220317e-08,7.209526742105078e-09,-1.570488301266009e-08
2026-06-17 11:48:00+00:00,-1.4035052627820175,-3.838411131349986e-09,-1.1957816697257694e-08,7.252969936388613e-09,-1.579622782860768e-08
2026-06-17 11:49:00+00:00,-1.4116494801509933,-3.932393399812009e-09,-1.1955495784660704e-08,7.2960581658470906e-09,-1.5887889184472712e-08
2026-06-17 11:50:00+00:00,-1.419821008081151,-4.026776780706081e-09,-1.1953081918258165e-08,7.338789492856223e-09,-1.5979858698964245e-08
2026-06-17 11:51:00+00:00,-1.4280189304691784,-4.1215532005478685e-09,-1.1950571719897846e-08,7.381162281975863e-09,-1.6072124920445716e-08
2026-06-17 11:52:00+00:00,-1.4362423272765672,-4.21671454783931e-09,-1.19479628600824e-08,7.423174665005302e-09,-1.616467740792171e-08
2026-06-17 11:53:00+00:00,-1.4444902745035861,-4.312252911589852e-09,-1.1945254650025343e-08,7.464824882141389e-09,-1.6257507561615194e-08
2026-06-17 11:54:00+00:00,-1.4527618443305008,-4.4081590903515485e-09,-1.1942443622828487e-08,7.506111327941144e-09,-1.6350602713180034e-08
2026-06-17 11:55:00+00:00,-1.461056110739107,-4.504425511794516e-09,-1.1939527751476683e-08,7.547032214993453e-09,-1.64439532632712e-08
2026-06-17 11:56:00+00:00,-1.4693721273098523,-4.601043391729468e-09,-1.1936505438957314e-08,7.587585960080322e-09,-1.653754883068678e-08
2026-06-17 11:57:00+00:00,-1.477708960733105,-4.698004818772592e-09,-1.1933373571906076e-08,7.627770816496521e-09,-1.6631378390678667e-08
2026-06-17 11:58:00+00:00,-1.486065668554402,-4.7953008381110224e-09,-1.1930130976186458e-08,7.667585242193619e-09,-1.672543181429748e-08
2026-06-17 11:59:00+00:00,-1.4944413048642509,-4.892923297260827e-09,-1.192677511634022e-08,7.707027535578586e-09,-1.6819698413601047e-08
2026-06-17 12:00:00+00:00,-1.502834920359876,-4.990863742339959e-09,-1.1923303645692371e-08,7.746096241096132e-09,-1.691416738803233e-08
2026-06-17 12:01:00+00:00,-1.5112455624019332,-5.0891132096900385e-09,-1.1919713951264704e-08,7.784789771191533e-09,-1.700882716095474e-08
2026-06-17 12:02:00+00:00,-1.519672275159735,-5.1876639882275385e-09,-1.1916004796056012e-08,7.82310654444337e-09,-1.710366878428355e-08
2026-06-17 12:03:00+00:00,-1.5281140995821767,-5.2865064554252786e-09,-1.1912173675414298e-08,7.86104510544614e-09,-1.7198680130839576e-08
2026-06-17 12:04:00+00:00,-1.5365700735432624,-5.3856329587738095e-09,-1.1908217775750914e-08,7.898603931069198e-09,-1.7293850734524725e-08
2026-06-17 12:05:00+00:00,-1.5450392318999868,-5.4850344138302375e-09,-1.1904135479063475e-08,7.935781624005071e-09,-1.7389169892893712e-08
2026-06-17 12:06:00+00:00,-1.5535206122467624,-5.5847022998334086e-09,-1.1899924385199712e-08,7.972576735222597e-09,-1.748462668503312e-08
2026-06-17 12:07:00+00:00,-1.562013232295433,-5.6846275159523515e-09,-1.1895582163516607e-08,8.00898775482256e-09,-1.758020967946896e-08
2026-06-17 12:08:00+00:00,-1.5705161239811956,-5.784801665837768e-09,-1.1891105755812076e-08,8.045013374271751e-09,-1.7675907421649844e-08
2026-06-17 12:09:00+00:00,-1.5790283108621666,-5.885216182678589e-09,-1.188649509930617e-08,8.08065226555119e-09,-1.7771711281984758e-08
2026-06-17 12:10:00+00:00,-1.5875488138669054,-5.985861966870511e-09,-1.188174595362266e-08,8.115903004856257e-09,-1.7867607920493172e-08
2026-06-17 12:11:00+00:00,-1.5960766513499198,-6.086730789341525e-09,-1.1876857101739923e-08,8.150764376795513e-09,-1.796358789108145e-08
2026-06-17 12:12:00+00:00,-1.6046108392401446,-6.1878128455664985e-09,-1.1871825931268826e-08,8.185234987067821e-09,-1.8059638776835325e-08
2026-06-17 12:13:00+00:00,-1.6131503910159912,-6.289100068296736e-09,-1.1866650074623267e-08,8.219313612807146e-09,-1.8155750142920002e-08
2026-06-17 12:14:00+00:00,-1.6216943178543035,-6.39058365173259e-09,-1.186132759305704e-08,8.252999036556623e-09,-1.8251911244789628e-08
2026-06-17 12:15:00+00:00,-1.6302416286866168,-6.492254201299838e-09,-1.1855855063243788e-08,8.286289981636905e-09,-1.8348109264543628e-08
2026-06-17 12:16:00+00:00,-1.6387913302641095,-6.594103137066442e-09,-1.185023145159063e-08,8.319185305742666e-09,-1.844433458865707e-08
2026-06-17 12:17:00+00:00,-1.6473424330366782,-6.696121437284428e-09,-1.1844454498080927e-08,8.351683834706552e-09,-1.8540575935365355e-08
2026-06-17 12:18:00+00:00,-1.655893928195677,-6.798300192635429e-09,-1.1838520969065305e-08,8.383784437274492e-09,-1.8636821161700733e-08
2026-06-17 12:19:00+00:00,-1.664444822221879,-6.900630522109492e-09,-1.1832429605818e-08,8.415485930959945e-09,-1.873306012792749e-08
2026-06-17 12:20:00+00:00,-1.6729941140143314,-7.003103202838481e-09,-1.182617827969414e-08,8.446787286318126e-09,-1.882928148253262e-08
2026-06-17 12:21:00+00:00,-1.681540800684842,-7.1057097110076044e-09,-1.1819763063542218e-08,8.477687359062722e-09,-1.892547277454982e-08
2026-06-17 12:22:00+00:00,-1.6900838777085982,-7.208440760827891e-09,-1.1813183200836435e-08,8.508185221982532e-09,-1.9021623961664327e-08
2026-06-17 12:23:00+00:00,-1.6986223388970862,-7.3112870205925494e-09,-1.1806436365738492e-08,8.53827973154626e-09,-1.911772338633104e-08
2026-06-17 12:24:00+00:00,-1.7071551765488573,-7.414239681218401e-09,-1.1799518938317165e-08,8.567969961182604e-09,-1.9213758619535566e-08
2026-06-17 12:25:00+00:00,-1.7156813815108336,-7.517289830059896e-09,-1.1792430516799028e-08,8.597254915464096e-09,-1.9309720346858922e-08
2026-06-17 12:26:00+00:00,-1.7241999432449433,-7.620428093393804e-09,-1.1785166626828278e-08,8.626133686768356e-09,-1.940559472022208e-08
2026-06-17 12:27:00+00:00,-1.7327098499703266,-7.723645712269863e-09,-1.177772660704727e-08,8.654605298508408e-09,-1.950137231931713e-08
2026-06-17 12:28:00+00:00,-1.7412100886459572,-7.826933587252295e-09,-1.1770108413586354e-08,8.682668880325155e-09,-1.959704200083865e-08
2026-06-17 12:29:00+00:00,-1.7496996508058955,-7.930282513867438e-09,-1.1762308330738302e-08,8.710323541005784e-09,-1.969259084460574e-08
2026-06-17 12:30:00+00:00,-1.758177509861377,-8.033682843957138e-09,-1.1754323776382494e-08,8.737568507802967e-09,-1.9788006620339634e-08
2026-06-17 12:31:00+00:00,-1.7666426553183605,-8.137126159314115e-09,-1.1746154655371645e-08,8.76440293560178e-09,-1.988328081468576e-08
2026-06-17 12:32:00+00:00,-1.7750940701487592,-8.240603053368623e-09,-1.1737797370626154e-08,8.790825945151172e-09,-1.9978400423994776e-08
2026-06-17 12:33:00+00:00,-1.7835307364654949,-8.34410458879842e-09,-1.1729248724295334e-08,8.816836892320528e-09,-2.0073353313093752e-08
2026-06-17 12:34:00+00:00,-1.7919516356739151,-8.44762116482135e-09,-1.1720508380461933e-08,8.842434934744623e-09,-2.016812954528328e-08
2026-06-17 12:35:00+00:00,-1.800355748530594,-8.55114380116637e-09,-1.1711572348982491e-08,8.867619363729553e-09,-2.026271615014886e-08
2026-06-17 12:36:00+00:00,-1.808742055211162,-8.654663243331318e-09,-1.1702439685258037e-08,8.892389539670573e-09,-2.0357102928589357e-08
2026-06-17 12:37:00+00:00,-1.8171095354560047,-8.758170829541236e-09,-1.1693106841119861e-08,8.916744790655201e-09,-2.0451277670661098e-08
2026-06-17 12:38:00+00:00,-1.8254571685551735,-8.861656669961115e-09,-1.1683572267184648e-08,8.940684403169495e-09,-2.054522893714576e-08
2026-06-17 12:39:00+00:00,-1.833783933490625,-8.965111976103299e-09,-1.167383308784663e-08,8.964207852617766e-09,-2.0638945063949928e-08
2026-06-17 12:40:00+00:00,-1.8420888145659187,-9.06852741395481e-09,-1.1663887589979829e-08,8.987314512540032e-09,-2.073241500393464e-08
2026-06-17 12:41:00+00:00,-1.8503707792071218,-9.171893695393334e-09,-1.1653734021349501e-08,9.01000377600291e-09,-2.0825627716742836e-08
2026-06-17 12:42:00+00:00,-1.8586288115292362,-9.275201633817345e-09,-1.1643368567952089e-08,9.0322751820772e-09,-2.0918570201769434e-08
2026-06-17 12:43:00+00:00,-1.8668618900214597,-9.378442346439422e-09,-1.1632789984269958e-08,9.054128113447155e-09,-2.101123233070938e-08
2026-06-17 12:44:00+00:00,-1.8750689932743438,-9.481606175440096e-09,-1.1621995611973739e-08,9.075562197003718e-09,-2.1103601787413835e-08
2026-06-17 12:45:00+00:00,-1.8832491000428466,-9.5846840316731e-09,-1.1610983978212293e-08,9.096576879678764e-09,-2.119566800988539e-08
2026-06-17 12:46:00+00:00,-1.8914011893150415,-9.68766694763037e-09,-1.1599751742999154e-08,9.117171778823352e-09,-2.1287418690629523e-08
2026-06-17 12:47:00+00:00,-1.8995242404527164,-9.790545332635685e-09,-1.1588296799809743e-08,9.137346451724129e-09,-2.1378842132445428e-08
2026-06-17 12:48:00+00:00,-1.9076172331791716,-9.893310077050318e-09,-1.1576616908101253e-08,9.15710052463914e-09,-2.146992698515157e-08
2026-06-17 12:49:00+00:00,-1.9156791477234378,-9.995952434279846e-09,-1.1564710606481382e-08,9.176433619061171e-09,-2.156066304076123e-08
2026-06-17 12:50:00+00:00,-1.9237089648889343,-1.0098462469415122e-08,-1.1552574615843373e-08,9.195345434702584e-09,-2.1651037085258493e-08
2026-06-17 12:51:00+00:00,-1.9317056714646816,-1.0200831708156852e-08,-1.1540206781902953e-08,9.213835645253567e-09,-2.1741038490059807e-08
2026-06-17 12:52:00+00:00,-1.9396682389456255,-1.0303050364449327e-08,-1.152760593003213e-08,9.231904002092276e-09,-2.1830656294481455e-08
2026-06-17 12:53:00+00:00,-1.9475956556927632,-1.0405109292707053e-08,-1.151476850821082e-08,9.249550150778916e-09,-2.191987780091787e-08
2026-06-17 12:54:00+00:00,-1.9554869056084199,-1.0506999662433057e-08,-1.150169267965879e-08,9.266773938016156e-09,-2.2008692342091848e-08
2026-06-17 12:55:00+00:00,-1.9633409735698448,-1.0608711966076676e-08,-1.1488376845081427e-08,9.28357513202083e-09,-2.2097088811158102e-08
2026-06-17 12:56:00+00:00,-1.9711568454982318,-1.0710237153870408e-08,-1.1474818093967716e-08,9.299953551602546e-09,-2.2185055247838125e-08
2026-06-17 12:57:00+00:00,-1.978933508500151,-1.0811566127804249e-08,-1.1461014758336402e-08,9.315909038618508e-09,-2.2272580886140652e-08
2026-06-17 12:58:00+00:00,-1.9866699508586128,-1.091268938338038e-08,-1.1446963814809537e-08,9.331441494713366e-09,-2.2359653198189915e-08
2026-06-17 12:59:00+00:00,-1.9943651621709546,-1.1013598324194736e-08,-1.1432663028207678e-08,9.34655081690303e-09,-2.2446261352402415e-08
2026-06-17 13:00:00+00:00,-2.0020181334175335,-1.1114283382265938e-08,-1.1418111134521131e-08,9.361236888357264e-09,-2.253239451678707e-08
2026-06-17 13:01:00+00:00,-2.0096278570255786,-1.1214735421441436e-08,-1.1403304833881898e-08,9.375499661380514e-09,-2.2618040255323336e-08
2026-06-17 13:02:00+00:00,-2.017193332072055,-1.1314945429497836e-08,-1.138824259727982e-08,9.389339110732663e-09,-2.2703188026777658e-08
2026-06-17 13:03:00+00:00,-2.02471354400429,-1.1414904381936704e-08,-1.1372922479501957e-08,9.402755264070242e-09,-2.278782686143866e-08
2026-06-17 13:04:00+00:00,-2.0321874952255694,-1.151460323897352e-08,-1.135734257588782e-08,9.415748077607311e-09,-2.287194581486134e-08
2026-06-17 13:05:00+00:00,-2.039614184834729,-1.1614032331971352e-08,-1.1341499656060119e-08,9.428317715981029e-09,-2.295553198803147e-08
2026-06-17 13:06:00+00:00,-2.046992613783432,-1.1713183144361576e-08,-1.1325391693885502e-08,9.440464099601894e-09,-2.303857483824708e-08
2026-06-17 13:07:00+00:00,-2.0543217850098143,-1.1812046581833122e-08,-1.1309016684248283e-08,9.452187494886897e-09,-2.3121063266081407e-08
2026-06-17 13:08:00+00:00,-2.0616007034336454,-1.1910613688603685e-08,-1.1292372642795695e-08,9.463487905583516e-09,-2.320298633139938e-08
2026-06-17 13:09:00+00:00,-2.068828376093358,-1.2008874932425478e-08,-1.1275458154469513e-08,9.47436549709205e-09,-2.328433308689499e-08
2026-06-17 13:10:00+00:00,-2.07600381221446,-1.2106821816961479e-08,-1.1258269731058277e-08,9.484820541083516e-09,-2.3365091548019756e-08
2026-06-17 13:11:00+00:00,-2.0831260232697373,-1.2204444673719955e-08,-1.1240805913301148e-08,9.494853120528941e-09,-2.3445250587021102e-08
2026-06-17 13:12:00+00:00,-2.0901940231189293,-1.2301735409289223e-08,-1.1223063991416229e-08,9.504463498610174e-09,-2.3524799400705452e-08
2026-06-17 13:13:00+00:00,-2.097206828000864,-1.2398684699683024e-08,-1.120504337711689e-08,9.513651989550212e-09,-2.360372807679991e-08
2026-06-17 13:14:00+00:00,-2.104163461319071,-1.2495283409511918e-08,-1.118674020073655e-08,9.522418803637919e-09,-2.368202361024847e-08
2026-06-17 13:15:00+00:00,-2.111062935078616,-1.2591522711130259e-08,-1.116815370880293e-08,9.530764206871524e-09,-2.375967641993319e-08
2026-06-17 13:16:00+00:00,-2.117904277945975,-1.2687393579681489e-08,-1.1149280634656013e-08,9.538688603962351e-09,-2.3836674214337504e-08
2026-06-17 13:17:00+00:00,-2.1246865166819293,-1.2782887330059156e-08,-1.1130119499953535e-08,9.54619236658237e-09,-2.3913006830012693e-08
2026-06-17 13:18:00+00:00,-2.131408680825192,-1.2877995065218777e-08,-1.1110669129434846e-08,9.553275807028479e-09,-2.3988664194653623e-08
2026-06-17 13:19:00+00:00,-2.138069802820512,-1.2972707856494827e-08,-1.1090926556171024e-08,9.559939344326046e-09,-2.406363441266585e-08
2026-06-17 13:20:00+00:00,-2.1446689180862593,-1.306701716210573e-08,-1.1070889392038717e-08,9.566183412086877e-09,-2.413790655414445e-08
2026-06-17 13:21:00+00:00,-2.1512050650776007,-1.3160913872673525e-08,-1.1050555646082295e-08,9.572008476949402e-09,-2.4211469518755817e-08
2026-06-17 13:22:00+00:00,-2.1576772854197577,-1.3254389327294911e-08,-1.1029924273032874e-08,9.577415020347292e-09,-2.4284313600327784e-08
2026-06-17 13:23:00+00:00,-2.1640846239018128,-1.334743465685661e-08,-1.1008992165253698e-08,9.582403501460448e-09,-2.4356426822110306e-08
2026-06-17 13:24:00+00:00,-2.1704261286097357,-1.3440041621024686e-08,-1.098775807357452e-08,9.586974541833672e-09,-2.4427799694599208e-08
2026-06-17 13:25:00+00:00,-2.176700855173824,-1.353220085847963e-08,-1.0966219932962915e-08,9.59112858792159e-09,-2.4498420791442546e-08
2026-06-17 13:26:00+00:00,-2.1829078500498604,-1.3623904053446847e-08,-1.0944375263402501e-08,9.594866228561155e-09,-2.4568279316849348e-08
2026-06-17 13:27:00+00:00,-2.1890461758880737,-1.3715142688430001e-08,-1.0922222258029954e-08,9.598188161299203e-09,-2.4637364946459955e-08
2026-06-17 13:28:00+00:00,-2.1951148946613186,-1.3805907821537234e-08,-1.0899759908758231e-08,9.601094883094117e-09,-2.4705667730295465e-08
2026-06-17 13:29:00+00:00,-2.2011130720197167,-1.3896191203023629e-08,-1.0876984877599334e-08,9.603587145791349e-09,-2.477317608062296e-08
2026-06-17 13:30:00+00:00,-2.207039777357222,-1.398598414176412e-08,-1.0853895963390808e-08,9.605665532033957e-09,-2.483988010515493e-08
2026-06-17 13:31:00+00:00,-2.212894083870553,-1.40752779833681e-08,-1.0830491276993147e-08,9.607330897856516e-09,-2.4905769260361246e-08
2026-06-17 13:32:00+00:00,-2.218675068684811,-1.4164064350165509e-08,-1.0806768880811342e-08,9.608583745957073e-09,-2.497083323097685e-08
2026-06-17 13:33:00+00:00,-2.224381812856024,-1.4252335021845119e-08,-1.0782727244350927e-08,9.609424981586771e-09,-2.5035062266196044e-08
2026-06-17 13:34:00+00:00,-2.230013401496522,-1.4340081041268152e-08,-1.0758363149450314e-08,9.609855377995988e-09,-2.5098444190718468e-08
2026-06-17 13:35:00+00:00,-2.235568923832722,-1.4427294446128273e-08,-1.0733676521496687e-08,9.609875687137007e-09,-2.516097096762496e-08
2026-06-17 13:36:00+00:00,-2.24104747691855,-1.4513966872187018e-08,-1.0708664468454808e-08,9.60948665453735e-09,-2.5222631340641826e-08
2026-06-17 13:37:00+00:00,-2.246448151111954,-1.4600089771136911e-08,-1.0683325350347023e-08,9.608689273822315e-09,-2.5283415121483932e-08
2026-06-17 13:38:00+00:00,-2.25177005212141,-1.4685654981728185e-08,-1.0657657736348823e-08,9.607484303460633e-09,-2.534331271807701e-08
2026-06-17 13:39:00+00:00,-2.2570122863790996,-1.4770654170622544e-08,-1.0631658184307622e-08,9.605872724474363e-09,-2.5402312354930166e-08
2026-06-17 13:40:00+00:00,-2.2621739648009638,-1.4855079167180809e-08,-1.0605327402324159e-08,9.603855367905048e-09,-2.5460406569504966e-08
2026-06-17 13:41:00+00:00,-2.2672542028521967,-1.493892178501611e-08,-1.0578661864259347e-08,9.601433209904858e-09,-2.5517583649275457e-08
2026-06-17 13:42:00+00:00,-2.2722521206562387,-1.5022173942433103e-08,-1.0551660282273349e-08,9.598607206061365e-09,-2.5573834224706454e-08
2026-06-17 13:43:00+00:00,-2.2771668430079517,-1.5104827364089376e-08,-1.0524321601593413e-08,9.595378346498589e-09,-2.562914896568279e-08
2026-06-17 13:44:00+00:00,-2.2819974994860095,-1.518687423870598e-08,-1.04966431790645e-08,9.591747656187515e-09,-2.5683517417770482e-08
2026-06-17 13:45:00+00:00,-2.286743224513215,-1.526830626455944e-08,-1.0468623153507379e-08,9.587716102766605e-09,-2.573692941806682e-08
2026-06-17 13:46:00+00:00,-2.291403157421154,-1.5349115545503777e-08,-1.0440260902115076e-08,9.583284854771283e-09,-2.5789376447618853e-08
2026-06-17 13:47:00+00:00,-2.295976445591808,-1.5429294322852438e-08,-1.0411553990310995e-08,9.578454874487152e-09,-2.584084831316343e-08
2026-06-17 13:48:00+00:00,-2.3004622322640293,-1.5508834320351226e-08,-1.03825006245844e-08,9.573227330547787e-09,-2.5891334944935627e-08
2026-06-17 13:49:00+00:00,-2.304859675045643,-1.558772793778771e-08,-1.0353099940207473e-08,9.567603347636927e-09,-2.5940827877995183e-08
2026-06-17 13:50:00+00:00,-2.3091679336430655,-1.5665967237062716e-08,-1.0323349531732974e-08,9.561584050791228e-09,-2.598931676879569e-08
2026-06-17 13:51:00+00:00,-2.313386173021051,-1.5743544450258606e-08,-1.0293247506838535e-08,9.555170600485929e-09,-2.6036791957097143e-08
2026-06-17 13:52:00+00:00,-2.317513563504671,-1.5820451861238008e-08,-1.0262793490233003e-08,9.548364248236489e-09,-2.6083245351471012e-08
2026-06-17 13:53:00+00:00,-2.3215492807986715,-1.5896681746137705e-08,-1.023198497786995e-08,9.541166096688808e-09,-2.6128666724007653e-08
2026-06-17 13:54:00+00:00,-2.3254925060863636,-1.5972226434017027e-08,-1.0200820345949615e-08,9.533577542486152e-09,-2.6173046779966642e-08
2026-06-17 13:55:00+00:00,-2.329342426091535,-1.604707830745594e-08,-1.0169298304733735e-08,9.525599704687676e-09,-2.6216376612189677e-08
2026-06-17 13:56:00+00:00,-2.333098233137366,-1.612122992251048e-08,-1.0137417807984125e-08,9.517233941128391e-09,-2.6258647730494608e-08
2026-06-17 13:57:00+00:00,-2.3367591252438995,-1.6194673770881657e-08,-1.0105176869380438e-08,9.508481535292072e-09,-2.6299850640262096e-08
2026-06-17 13:58:00+00:00,-2.3403243061507375,-1.6267402220441554e-08,-1.0072574020812991e-08,9.499343769841774e-09,-2.6339976241254546e-08
2026-06-17 13:59:00+00:00,-2.343792987703886,-1.6339407896449044e-08,-1.003960771512147e-08,9.489822074646139e-09,-2.6379015611570516e-08
2026-06-17 14:00:00+00:00,-2.347164380676307,-1.6410683473490635e-08,-1.000627662361029e-08,9.479917823478711e-09,-2.6416960097100924e-08
2026-06-17 14:01:00+00:00,-2.35043770878573,-1.648122163181207e-08,-9.97257923797447e-09,9.46963233461892e-09,-2.645380086978654e-08
2026-06-17 14:02:00+00:00,-2.353612199413302,-1.655101490796798e-08,-9.938514349236892e-09,9.458967055400273e-09,-2.648952925720487e-08
2026-06-17 14:03:00+00:00,-2.3566870859882796,-1.6620056553562114e-08,-9.904080450011242e-09,9.447923396014672e-09,-2.6524137003573355e-08
2026-06-17 14:04:00+00:00,-2.3596616080783863,-1.6688338685632115e-08,-9.869275826832545e-09,9.436502877432767e-09,-2.6557614512464662e-08
2026-06-17 14:05:00+00:00,-2.362535011449381,-1.6755854674951498e-08,-9.834099381080819e-09,9.4247069285646e-09,-2.6589954056032315e-08
2026-06-17 14:06:00+00:00,-2.365306548124362,-1.6822597415500788e-08,-9.798549900455412e-09,9.412536997077396e-09,-2.66211473159562e-08
2026-06-17 14:07:00+00:00,-2.367975476443615,-1.6888559683204607e-08,-9.762625877370037e-09,9.39999475225901e-09,-2.6651185560574644e-08
2026-06-17 14:08:00+00:00,-2.370541061149086,-1.695373473367933e-08,-9.726326330320648e-09,9.387081569096972e-09,-2.6680061063999977e-08
2026-06-17 14:09:00+00:00,-2.373002573411486,-1.7018115466790607e-08,-9.689649436803451e-09,9.373799118094039e-09,-2.6707764903594056e-08
2026-06-17 14:10:00+00:00,-2.3753592924625035,-1.7081695099045256e-08,-9.652594388861866e-09,9.360148906430807e-09,-2.673428948790712e-08
2026-06-17 14:11:00+00:00,-2.377610499394705,-1.714446686492602e-08,-9.615159717248577e-09,9.346132639907392e-09,-2.6759626582174595e-08
2026-06-17 14:12:00+00:00,-2.379755486702899,-1.7206423691208413e-08,-9.577344212721529e-09,9.331751845929679e-09,-2.6783767903929942e-08
2026-06-17 14:13:00+00:00,-2.381793551971863,-1.7267559270154625e-08,-9.539146707529564e-09,9.317008199170258e-09,-2.680670597768419e-08
2026-06-17 14:14:00+00:00,-2.383723999520125,-1.7327866762142814e-08,-9.50056592545608e-09,9.301903320144086e-09,-2.6828432687598893e-08
2026-06-17 14:15:00+00:00,-2.3855461404804554,-1.7387339572455727e-08,-9.461601029806606e-09,9.2864390152682e-09,-2.6848940602262334e-08
2026-06-17 14:16:00+00:00,-2.3872592928524687,-1.7445971351788854e-08,-9.422250530168422e-09,9.270616852855239e-09,-2.6868221881957274e-08
2026-06-17 14:17:00+00:00,-2.388862781559906,-1.7503755340178957e-08,-9.382513467931788e-09,9.254438624163584e-09,-2.6886268808110744e-08
2026-06-17 14:18:00+00:00,-2.390355938519077,-1.756068532275586e-08,-9.342388779184594e-09,9.237906030307727e-09,-2.690307410194045e-08
2026-06-17 14:19:00+00:00,-2.391738102676553,-1.7616754973481724e-08,-9.301875477183746e-09,9.221020884880791e-09,-2.691863045066547e-08
2026-06-17 14:20:00+00:00,-2.39300862008029,-1.7671957676758626e-08,-9.260971924177659e-09,9.203784966802483e-09,-2.6932929600936287e-08
2026-06-17 14:21:00+00:00,-2.394166844670408,-1.7726287549851224e-08,-9.219677768820366e-09,9.186199968298142e-09,-2.694596531867159e-08
2026-06-17 14:22:00+00:00,-2.3952121353029856,-1.7779738220273506e-08,-9.177991666993957e-09,9.168267851092929e-09,-2.695772988726746e-08
2026-06-17 14:23:00+00:00,-2.3961438604731464,-1.7832303528038312e-08,-9.135912789534716e-09,9.149990367754309e-09,-2.696821631757303e-08
2026-06-17 14:24:00+00:00,-2.396961395173209,-1.7883977435614115e-08,-9.093440090477575e-09,9.131369399389838e-09,-2.6977417526091688e-08
2026-06-17 14:25:00+00:00,-2.3976641217736,-1.7934754036434556e-08,-9.05057260510158e-09,9.112406830074278e-09,-2.6985326641536135e-08
2026-06-17 14:26:00+00:00,-2.3982514300705517,-1.7984627256893405e-08,-9.00730935926227e-09,9.09310454687906e-09,-2.6991936616155675e-08
2026-06-17 14:27:00+00:00,-2.39872271733999,-1.803359145379674e-08,-8.963649643399173e-09,9.073464458443618e-09,-2.6997241097195913e-08
2026-06-17 14:28:00+00:00,-2.399077388394895,-1.8081640400133283e-08,-8.919592466477805e-09,9.053488476915358e-09,-2.7001232866611087e-08
2026-06-17 14:29:00+00:00,-2.399314855630598,-1.8128768718147853e-08,-8.875136920832415e-09,9.033178573056044e-09,-2.700390563898027e-08
2026-06-17 14:30:00+00:00,-2.399434539079403,-1.8174970387539966e-08,-8.830282091781894e-09,9.01253670287457e-09,-2.700525247932186e-08
2026-06-17 14:31:00+00:00,-2.399435866461923,-1.822024005920929e-08,-8.785027331616958e-09,8.991564863046575e-09,-2.7005267390826248e-08
2026-06-17 14:32:00+00:00,-2.3993182731178253,-1.8264572039802913e-08,-8.739371726864493e-09,8.97026505859453e-09,-2.7003943766667407e-08
2026-06-17 14:33:00+00:00,-2.3990812024533854,-1.830796089297029e-08,-8.693314955127985e-09,8.948639248632847e-09,-2.7001275848098276e-08
2026-06-17 14:34:00+00:00,-2.398724105513986,-1.8350401017381474e-08,-8.64685563794818e-09,8.926689557059062e-09,-2.6997256655329654e-08
2026-06-17 14:35:00+00:00,-2.3982464412713433,-1.8391887306126502e-08,-8.599993471898589e-09,8.90441796035051e-09,-2.699188077802509e-08
2026-06-17 14:36:00+00:00,-2.39764767663143,-1.8432414072314997e-08,-8.552727511861414e-09,8.881826605530294e-09,-2.698514158417641e-08
2026-06-17 14:37:00+00:00,-2.396927286485145,-1.8471976482201547e-08,-8.505057265243873e-09,8.858917496743048e-09,-2.6977033747445422e-08
2026-06-17 14:38:00+00:00,-2.396084753749033,-1.851056918263628e-08,-8.456982145763758e-09,8.835692790758328e-09,-2.6967551328400037e-08
2026-06-17 14:39:00+00:00,-2.395119569418613,-1.8548186958204852e-08,-8.408501200362809e-09,8.812154593852853e-09,-2.695668815856766e-08
2026-06-17 14:40:00+00:00,-2.3940312326105824,-1.858482485102242e-08,-8.359614385853661e-09,8.788305017612916e-09,-2.6944439236876083e-08
2026-06-17 14:41:00+00:00,-2.392819250610526,-1.8620477803035562e-08,-8.310320381970302e-09,8.764146289623676e-09,-2.6930798185005866e-08
2026-06-17 14:42:00+00:00,-2.3914831389172746,-1.8655141372768707e-08,-8.26061959956388e-09,8.739680476981499e-09,-2.691576097233259e-08
2026-06-17 14:43:00+00:00,-2.390022421280702,-1.868881012397386e-08,-8.210510444318633e-09,8.71490985554471e-09,-2.6899320568292494e-08
2026-06-17 14:44:00+00:00,-2.388436628651251,-1.8721479585357484e-08,-8.159993148032634e-09,8.689836509655929e-09,-2.6881472733390116e-08
2026-06-17 14:45:00+00:00,-2.386725303553898,-1.8753144919889936e-08,-8.10906702237467e-09,8.664462771039233e-09,-2.6862211942264607e-08
2026-06-17 14:46:00+00:00,-2.3848879937506346,-1.8783801758982933e-08,-8.057731755493554e-09,8.638790791588488e-09,-2.6841533514476486e-08
2026-06-17 14:47:00+00:00,-2.382924256456448,-1.8813445109045517e-08,-8.005986668990893e-09,8.612822908343148e-09,-2.6819431778036408e-08
2026-06-17 14:48:00+00:00,-2.3808336573451307,-1.8842070953595658e-08,-7.953831542515527e-09,8.586561280698654e-09,-2.6795902496111187e-08
2026-06-17 14:49:00+00:00,-2.3786157706111344,-1.8869674522756036e-08,-7.901265976193723e-09,8.560008240520964e-09,-2.677094049894976e-08
2026-06-17 14:50:00+00:00,-2.3762701789946084,-1.889625166643866e-08,-7.848289573368293e-09,8.53316605288996e-09,-2.6744541239806954e-08
2026-06-17 14:51:00+00:00,-2.3737964738253243,-1.892179813845119e-08,-7.794902214483853e-09,8.506037045258365e-09,-2.6716700352935042e-08
2026-06-17 14:52:00+00:00,-2.371194255065718,-1.894630959691277e-08,-7.741103146088832e-09,8.478623515384674e-09,-2.6687412743001603e-08
2026-06-17 14:53:00+00:00,-2.3684631313321636,-1.8969781843232145e-08,-7.686892348415123e-09,8.45092780552489e-09,-2.6656674191647266e-08
2026-06-17 14:54:00+00:00,-2.3656027199573555,-1.899221094209662e-08,-7.632269624376267e-09,8.422952246876385e-09,-2.6624480566472886e-08
2026-06-17 14:55:00+00:00,-2.36261264496267,-1.9013593082498862e-08,-7.577234957167732e-09,8.394699166585144e-09,-2.6590828039666594e-08
2026-06-17 14:56:00+00:00,-2.359492545205113,-1.9033924119197407e-08,-7.521787718947867e-09,8.366171046123733e-09,-2.6555711838145276e-08
2026-06-17 14:57:00+00:00,-2.35624206239041,-1.9053200113548717e-08,-7.465927814750653e-09,8.337370191696085e-09,-2.651912792829937e-08
2026-06-17 14:58:00+00:00,-2.352860849016074,-1.907141758931616e-08,-7.409655344823888e-09,8.308299022154522e-09,-2.648107293414005e-08
2026-06-17 14:59:00+00:00,-2.3493485664798013,-1.9088572618999805e-08,-7.352970143041551e-09,8.278960001526155e-09,-2.6441542762041356e-08
2026-06-17 15:00:00+00:00,-2.3457048850903908,-1.910466183872567e-08,-7.295872050619723e-09,8.249355436591126e-09,-2.6400533889345392e-08
2026-06-17 15:01:00+00:00,-2.3419294841075162,-1.911968131445981e-08,-7.238360916524587e-09,8.219487901146064e-09,-2.6358042230984396e-08
2026-06-17 15:02:00+00:00,-2.3380220517797077,-1.9133627975011143e-08,-7.18043678014811e-09,8.189359738210121e-09,-2.6314064755159254e-08
2026-06-17 15:03:00+00:00,-2.333982285349417,-1.914649817944447e-08,-7.122099506964764e-09,8.158973484625715e-09,-2.6268597686409235e-08
2026-06-17 15:04:00+00:00,-2.3298098911256933,-1.9158288732566266e-08,-7.063349335954022e-09,8.128331557329114e-09,-2.622163806852029e-08
2026-06-17 15:05:00+00:00,-2.3255045844878905,-1.9168996288028895e-08,-7.004186150656795e-09,8.097436493543978e-09,-2.617318243868569e-08
2026-06-17 15:06:00+00:00,-2.321066086900387,-1.917861791642461e-08,-6.944610190699628e-09,8.066290773718696e-09,-2.612322810712424e-08
2026-06-17 15:07:00+00:00,-2.3164941379458868,-1.918715026643582e-08,-6.884621211806983e-09,8.034896921850615e-09,-2.6071771478242802e-08
2026-06-17 15:08:00+00:00,-2.311788477462285,-1.91945902876759e-08,-6.824219747931941e-09,8.003257438545372e-09,-2.601881003560784e-08
2026-06-17 15:09:00+00:00,-2.3069488574374417,-1.9200935285898673e-08,-6.763405540420141e-09,7.971374901094836e-09,-2.5964340826318815e-08
2026-06-17 15:10:00+00:00,-2.3019750390706983,-1.920618223798813e-08,-6.702179070518427e-09,7.939251823608016e-09,-2.5908361308506557e-08
2026-06-17 15:11:00+00:00,-2.296866792808444,-1.9210328568313077e-08,-6.640540466002373e-09,7.906890730868176e-09,-2.5850869034315448e-08
2026-06-17 15:12:00+00:00,-2.29162389837985,-1.9213371134288578e-08,-6.578489774980283e-09,7.874294250659573e-09,-2.579186090926886e-08
2026-06-17 15:13:00+00:00,-2.28624614478424,-1.9215307837969336e-08,-6.516027512790592e-09,7.841464911428691e-09,-2.5731335350759928e-08
2026-06-17 15:14:00+00:00,-2.2807333303721835,-1.9216135656958683e-08,-6.453153660065421e-09,7.808405344850561e-09,-2.5669289317024103e-08
2026-06-17 15:15:00+00:00,-2.275085262832513,-1.9215852435078047e-08,-6.389868665353144e-09,7.775118138786449e-09,-2.5605721100431193e-08
2026-06-17 15:16:00+00:00,-2.269301759224771,-1.9214455808203473e-08,-6.326173172005503e-09,7.741605855855218e-09,-2.5540628980208977e-08
2026-06-17 15:17:00+00:00,-2.2633826419985983,-1.921194298673367e-08,-6.262066804722888e-09,7.707871151898146e-09,-2.5474009791456558e-08
2026-06-17 15:18:00+00:00,-2.257327754939473,-1.9208312461647014e-08,-6.19755101853563e-09,7.673916708794197e-09,-2.5405863480182642e-08
2026-06-17 15:19:00+00:00,-2.2511369394403076,-1.920356162633294e-08,-6.1326253743123345e-09,7.639745040606423e-09,-2.5336187000645276e-08
2026-06-17 15:20:00+00:00,-2.2448100502649364,-1.9197688301808878e-08,-6.0672902945749464e-09,7.60535886903928e-09,-2.5264978596383823e-08
2026-06-17 15:21:00+00:00,-2.238346951655393,-1.9190690818503154e-08,-6.001546762473609e-09,7.570760891523899e-09,-2.5192237580976763e-08
2026-06-17 15:22:00+00:00,-2.2317475173629244,-1.918256694207766e-08,-5.935394863767908e-09,7.535953633787617e-09,-2.5117961805845564e-08
2026-06-17 15:23:00+00:00,-2.2250116306183148,-1.917331506700444e-08,-5.868835336140745e-09,7.500939929810077e-09,-2.5042150403145184e-08
2026-06-17 15:24:00+00:00,-2.218139184222788,-1.916293332204635e-08,-5.801868658504538e-09,7.46572234990981e-09,-2.4964801980550888e-08
2026-06-17 15:25:00+00:00,-2.2111300805171323,-1.9151420226583605e-08,-5.7344954154222905e-09,7.430303625382464e-09,-2.4885915642005894e-08
2026-06-17 15:26:00+00:00,-2.203984231409878,-1.9138773855181673e-08,-5.666716479662529e-09,7.394686427314961e-09,-2.48054903348442e-08
2026-06-17 15:27:00+00:00,-2.196701558407498,-1.9124992912359978e-08,-5.59853200992941e-09,7.35887353267297e-09,-2.4723524922289387e-08
2026-06-17 15:28:00+00:00,-2.189281992575084,-1.9110076015894055e-08,-5.529943091192285e-09,7.322867548217484e-09,-2.464001910708634e-08
2026-06-17 15:29:00+00:00,-2.1817254695188626,-1.9094021648346995e-08,-5.460950053865788e-09,7.286671213218885e-09,-2.4554971702212784e-08
2026-06-17 15:30:00+00:00,-2.1740319497073726,-1.90768285921433e-08,-5.391553912688285e-09,7.250287331254962e-09,-2.4468382504831584e-08
2026-06-17 15:31:00+00:00,-2.1662013880942657,-1.9058495516740873e-08,-5.321755303531142e-09,7.213718615240071e-09,-2.4380250820272018e-08
2026-06-17 15:32:00+00:00,-2.158233754323347,-1.903902141258298e-08,-5.251554735890596e-09,7.17696772946003e-09,-2.429057614847358e-08
2026-06-17 15:33:00+00:00,-2.1501290276591796,-1.901840524366244e-08,-5.1809532816906394e-09,7.140037519339249e-09,-2.419935852535308e-08
2026-06-17 15:34:00+00:00,-2.141887197087302,-1.8996646187262343e-08,-5.109951938124999e-09,7.1029306239318515e-09,-2.4106598125387342e-08
2026-06-17 15:35:00+00:00,-2.1335082612658076,-1.8973743335022507e-08,-5.038551353851915e-09,7.065649955840282e-09,-2.4012294688874424e-08
2026-06-17 15:36:00+00:00,-2.1249922285497433,-1.8949695633482024e-08,-4.966752467258492e-09,7.028198203482921e-09,-2.3916448100740518e-08
2026-06-17 15:37:00+00:00,-2.1163391170161088,-1.892450266033184e-08,-4.894555868703838e-09,6.990578070942304e-09,-2.3819058529035678e-08
2026-06-17 15:38:00+00:00,-2.1075489544078847,-1.8898163728476645e-08,-4.821963258350943e-09,6.95279238906666e-09,-2.3720126986827586e-08
2026-06-17 15:39:00+00:00,-2.0986217782384555,-1.8870678185509398e-08,-4.748974803923803e-09,6.914844004633396e-09,-2.36196529894332e-08
2026-06-17 15:40:00+00:00,-2.089557629609929,-1.8842045533076197e-08,-4.6755915488985284e-09,6.876735641229556e-09,-2.3517637081974726e-08
2026-06-17 15:41:00+00:00,-2.0803565776403627,-1.8812265782227977e-08,-4.601815529443192e-09,6.838470088834957e-09,-2.341408131167117e-08
2026-06-17 15:42:00+00:00,-2.071018683017524,-1.87813380865685e-08,-4.527646547782842e-09,6.800050159548679e-09,-2.3308984634351344e-08
2026-06-17 15:43:00+00:00,-2.0615440221547123,-1.874926258731339e-08,-4.453086114357942e-09,6.761478674640705e-09,-2.3202348701671334e-08
2026-06-17 15:44:00+00:00,-2.0519326812676724,-1.8716038983130766e-08,-4.378135665862817e-09,6.72275841694264e-09,-2.3094174648993584e-08
2026-06-17 15:45:00+00:00,-2.042184756307903,-1.8681667245814938e-08,-4.3027960178095005e-09,6.6838922235840335e-09,-2.2984463263624438e-08
2026-06-17 15:46:00+00:00,-2.0323003529833685,-1.8646147560793334e-08,-4.227068458474135e-09,6.644882856986049e-09,-2.287321601926747e-08
2026-06-17 15:47:00+00:00,-2.0222795867793923,-1.860947979008987e-08,-4.150953837626584e-09,6.605733207864104e-09,-2.2760433627716453e-08
2026-06-17 15:48:00+00:00,-2.0121225828845626,-1.8571664367006642e-08,-4.0744541153523686e-09,6.566446056000719e-09,-2.264611848235901e-08
2026-06-17 15:49:00+00:00,-2.001829476303603,-1.853270128243047e-08,-3.9975697198741e-09,6.527024199061787e-09,-2.253027100230457e-08
2026-06-17 15:50:00+00:00,-1.9914004117836142,-1.8492591158597348e-08,-3.920302281242762e-09,6.487470545311471e-09,-2.241289343984011e-08
2026-06-17 15:51:00+00:00,-1.980835536701127,-1.845133425513782e-08,-3.842653246499746e-09,6.447787872540288e-09,-2.2293987501637565e-08
2026-06-17 15:52:00+00:00,-1.9701350295107376,-1.84089313109739e-08,-3.764623631089708e-09,6.407979027651341e-09,-2.217355494206361e-08
2026-06-17 15:53:00+00:00,-1.9592990571538138,-1.836538265534481e-08,-3.6862150991715027e-09,6.368046863127467e-09,-2.2051597754516315e-08
2026-06-17 15:54:00+00:00,-1.948327803424905,-1.832068919814247e-08,-3.60742884801668e-09,6.327994224131071e-09,-2.192811804615915e-08
2026-06-17 15:55:00+00:00,-1.9372214618483694,-1.8274851495549388e-08,-3.5282664107433762e-09,6.2878239014396035e-09,-2.1803117906292763e-08
2026-06-17 15:56:00+00:00,-1.9259802356944489,-1.8227870764977677e-08,-3.448729337449631e-09,6.247538815995991e-09,-2.1676600102427308e-08
2026-06-17 15:57:00+00:00,-1.9146043379948015,-1.817974757196953e-08,-3.36881860294778e-09,6.2071417332156e-09,-2.154856617491731e-08
2026-06-17 15:58:00+00:00,-1.9030939914525618,-1.813048275457244e-08,-3.288535881919312e-09,6.166635604592775e-09,-2.1419018636491752e-08
2026-06-17 15:59:00+00:00,-1.8914494285636905,-1.808007802144304e-08,-3.2078829576085735e-09,6.126023161814665e-09,-2.1287960979051614e-08
2026-06-17 16:00:00+00:00,-1.8796708915246971,-1.8028534219854005e-08,-3.126861447520248e-09,6.085307369000832e-09,-2.115539566737425e-08
2026-06-17 16:01:00+00:00,-1.8677586322455033,-1.797585249983496e-08,-3.0454724389770166e-09,6.044490980299435e-09,-2.1021324938811976e-08
2026-06-17 16:02:00+00:00,-1.8557129042430671,-1.7922034265712066e-08,-2.9637179187073024e-09,6.00357688843543e-09,-2.0885752184419368e-08
2026-06-17 16:03:00+00:00,-1.8435339949397984,-1.7867081129949498e-08,-2.8815994279682523e-09,5.962568022192728e-09,-2.0748680557917752e-08
2026-06-17 16:04:00+00:00,-1.831222177325146,-1.7810994356663933e-08,-2.7991185772275797e-09,5.921467085866353e-09,-2.0610112933891514e-08
2026-06-17 16:05:00+00:00,-1.8187777420741145,-1.7753775649432564e-08,-2.7162770664505767e-09,5.880277037519412e-09,-2.047005271588314e-08
2026-06-17 16:06:00+00:00,-1.8062009895275184,-1.7695426715663882e-08,-2.6330766573395776e-09,5.839000736857811e-09,-2.032850337300346e-08
2026-06-17 16:07:00+00:00,-1.7934922297033562,-1.7635949266707587e-08,-2.549519219028596e-09,5.797641028346263e-09,-2.0185468485736184e-08
2026-06-17 16:08:00+00:00,-1.7806517821882395,-1.7575345225731843e-08,-2.465606362457114e-09,5.756200686369601e-09,-2.0040951588188958e-08
2026-06-17 16:09:00+00:00,-1.76767997626681,-1.7513616102195244e-08,-2.381339578293315e-09,5.714682682381209e-09,-1.9894955680488558e-08
2026-06-17 16:10:00+00:00,-1.7545771508143218,-1.7450764393598475e-08,-2.296721192913391e-09,5.673089798166445e-09,-1.9747485586511868e-08
2026-06-17 16:11:00+00:00,-1.7413436543042835,-1.7386791884303034e-08,-2.211752682299227e-09,5.631424884084188e-09,-1.959854456660226e-08
2026-06-17 16:12:00+00:00,-1.7279798448191304,-1.732170077980436e-08,-2.126436130420863e-09,5.589690794697522e-09,-1.9448136910225225e-08
2026-06-17 16:13:00+00:00,-1.7144860899313539,-1.725549349665753e-08,-2.040773681254019e-09,5.547890370807381e-09,-1.929626717791155e-08
2026-06-17 16:14:00+00:00,-1.700862757662026,-1.7188172008052153e-08,-1.9547665879497416e-09,5.506026501085646e-09,-1.9142938596001894e-08
2026-06-17 16:15:00+00:00,-1.6871102529897783,-1.7119739002344316e-08,-1.8684175151368093e-09,5.464102013248482e-09,-1.8988156517481125e-08
2026-06-17 16:16:00+00:00,-1.673228963045291,-1.7050196726860876e-08,-1.78172779165354e-09,5.422119769127433e-09,-1.8831924518514417e-08
2026-06-17 16:17:00+00:00,-1.6592192935726748,-1.697954811612506e-08,-1.6946998943384788e-09,5.38008258299441e-09,-1.867424801046354e-08
2026-06-17 16:18:00+00:00,-1.6450816597142706,-1.6907795449281802e-08,-1.6073358577499264e-09,5.337993283979138e-09,-1.8515131307031728e-08
2026-06-17 16:19:00+00:00,-1.6308164861480843,-1.683494145574889e-08,-1.519637503305838e-09,5.295854771171546e-09,-1.8354578959054728e-08
2026-06-17 16:20:00+00:00,-1.616424206961542,-1.6760989194611134e-08,-1.4316070304843337e-09,5.253669765162473e-09,-1.819259622509547e-08
2026-06-17 16:21:00+00:00,-1.601905265654903,-1.6685941398028513e-08,-1.3432464699737685e-09,5.211441223068275e-09,-1.8029187868002282e-08
2026-06-17 16:22:00+00:00,-1.5872601151495997,-1.6609800948862067e-08,-1.2545581850167497e-09,5.169171840754271e-09,-1.7864359133878817e-08
2026-06-17 16:23:00+00:00,-1.5724892176520067,-1.6532570998744226e-08,-1.1655442320785445e-09,5.1268645788805884e-09,-1.769811523082277e-08
2026-06-17 16:24:00+00:00,-1.557593044797611,-1.6454254462079615e-08,-1.0762063166170707e-09,5.084522173986987e-09,-1.7530460778696685e-08
2026-06-17 16:25:00+00:00,-1.542572067399503,-1.6374854752720443e-08,-9.865473812147807e-10,5.042147448905147e-09,-1.7361402133935223e-08
2026-06-17 16:26:00+00:00,-1.5274267958287906,-1.629437515925478e-08,-8.965694394091373e-10,4.999743253256893e-09,-1.719094459866392e-08
2026-06-17 16:27:00+00:00,-1.5121577195791653,-1.6212818887982612e-08,-8.062747300682986e-10,4.957312387178883e-09,-1.701909361805091e-08
2026-06-17 16:28:00+00:00,-1.496765347333063,-1.6130189479798792e-08,-7.156653708130674e-10,4.91485758809261e-09,-1.684585485061186e-08
2026-06-17 16:29:00+00:00,-1.4812501970755836,-1.604649038638177e-08,-6.247439927571676e-10,4.8723817759402705e-09,-1.6671234379138938e-08
2026-06-17 16:30:00+00:00,-1.4656127959546852,-1.5961725207615762e-08,-5.335126454168804e-10,4.829887666446844e-09,-1.6495237853032643e-08
2026-06-17 16:31:00+00:00,-1.4498536802794129,-1.5875897810959938e-08,-4.419740270971096e-10,4.787378047799157e-09,-1.6317871838057048e-08
2026-06-17 16:32:00+00:00,-1.4339733955223783,-1.5789011406228363e-08,-3.5012993544367133e-10,4.74485572546988e-09,-1.6139141341672033e-08
2026-06-17 16:33:00+00:00,-1.4179724961669322,-1.5701070245368827e-08,-2.5798349894807824e-10,4.702323485798944e-09,-1.5959053744316906e-08
2026-06-17 16:34:00+00:00,-1.40185154586175,-1.56120782510134e-08,-1.6553699095676956e-10,4.659784058880271e-09,-1.577761524197017e-08
2026-06-17 16:35:00+00:00,-1.3856111172667007,-1.5522039223915582e-08,-7.279251172521336e-11,4.617240303430753e-09,-1.5594831735640797e-08
2026-06-17 16:36:00+00:00,-1.3692517810430516,-1.5430957273834926e-08,2.0247115792423695e-11,4.574694851868852e-09,-1.5410710158042503e-08
2026-06-17 16:37:00+00:00,-1.3527741498107244,-1.5338836438303416e-08,1.1357937817196461e-10,4.532150590043365e-09,-1.522525706013145e-08
2026-06-17 16:38:00+00:00,-1.336178812171502,-1.5245681000384755e-08,2.0720189064059585e-10,4.489610205815332e-09,-1.503847910974416e-08
2026-06-17 16:39:00+00:00,-1.3194663766631853,-1.5151495465569803e-08,3.0111178899648983e-10,4.447076437730369e-09,-1.4850383676573314e-08
2026-06-17 16:40:00+00:00,-1.3026374606706166,-1.505628361895353e-08,3.953072497817973e-10,4.404552107786852e-09,-1.4660976369171733e-08
2026-06-17 16:41:00+00:00,-1.285692690419968,-1.4960050465207656e-08,4.897846193281057e-10,4.3620398264960326e-09,-1.447026584587955e-08
2026-06-17 16:42:00+00:00,-1.2686327009470548,-1.4862800168860418e-08,5.845417408874544e-10,4.3195423619012196e-09,-1.4278258427972964e-08
2026-06-17 16:43:00+00:00,-1.251458136091618,-1.476453763611017e-08,6.795758583936295e-10,4.277062482903142e-09,-1.408496177771654e-08
2026-06-17 16:44:00+00:00,-1.2341696483305085,-1.4665266931345128e-08,7.748848485775304e-10,4.2346027845667415e-09,-1.3890382082767598e-08
2026-06-17 16:45:00+00:00,-1.2167678989344535,-1.4564993397765019e-08,8.704651231848674e-10,4.192166093577691e-09,-1.3694528274580152e-08
2026-06-17 16:46:00+00:00,-1.199253557803368,-1.4463721656069232e-08,9.663143193546783e-10,4.149754998447342e-09,-1.3497407336714555e-08
2026-06-17 16:47:00+00:00,-1.1816272916338912,-1.4361456296013723e-08,1.0624297751615444e-09,4.107372258464273e-09,-1.3299026520852178e-08
2026-06-17 16:48:00+00:00,-1.1638898111019835,-1.4258202600810936e-08,1.1588086137321792e-09,4.065020514586422e-09,-1.3099393987078757e-08
2026-06-17 16:49:00+00:00,-1.146041800101444,-1.4153965535266289e-08,1.2554479359026768e-09,4.022702539327453e-09,-1.2898517599363612e-08
2026-06-17 16:50:00+00:00,-1.1280839627790569,-1.4048750080748169e-08,1.3523450426989913e-09,3.980420781442289e-09,-1.2696405038049178e-08
2026-06-17 16:51:00+00:00,-1.1100170117414854,-1.3942561270500243e-08,1.4494972319980464e-09,3.938178097765259e-09,-1.2493064038502197e-08
2026-06-17 16:52:00+00:00,-1.0918416680149248,-1.3835404756336741e-08,1.546901115363647e-09,3.895976997303066e-09,-1.2288503640973094e-08
2026-06-17 16:53:00+00:00,-1.0735586610350896,-1.3727285435602991e-08,1.6445544866378382e-09,3.8538202591268775e-09,-1.2082730948965153e-08
2026-06-17 16:54:00+00:00,-1.055168728468912,-1.3618209001475287e-08,1.742453726178451e-09,3.811710268944626e-09,-1.1875755275296836e-08
2026-06-17 16:55:00+00:00,-1.0366726163773103,-1.3508180870056271e-08,1.8405962145581882e-09,3.7696499316692815e-09,-1.1667584655498082e-08
2026-06-17 16:56:00+00:00,-1.0180710790335534,-1.339720635769984e-08,1.938978921726423e-09,3.727641629996837e-09,-1.1458227435973417e-08
2026-06-17 16:57:00+00:00,-0.9993648789099561,-1.3285291158427934e-08,2.0375990679327556e-09,3.6856881004000545e-09,-1.1247692090495177e-08
2026-06-17 16:58:00+00:00,-0.9805547866733135,-1.3172440881264419e-08,2.1364535997731845e-09,3.643791787849845e-09,-1.1035987281491235e-08
2026-06-17 16:59:00+00:00,-0.9616415682748871,-1.3058661313530778e-08,2.2355391131730428e-09,3.6019554009491133e-09,-1.0823122200357735e-08
2026-06-17 17:00:00+00:00,-0.9426260359216815,-1.2943958316293557e-08,2.334853057040711e-09,3.5601814490917934e-09,-1.0609105259252846e-08
2026-06-17 17:01:00+00:00,-0.9235089717845939,-1.282833777386166e-08,2.4343917551992707e-09,3.518472552126435e-09,-1.0393946018662389e-08
2026-06-17 17:02:00+00:00,-0.9042911786545632,-1.2711805441419776e-08,2.5341526843497346e-09,3.4768311573157307e-09,-1.0177652757070041e-08
2026-06-17 17:03:00+00:00,-0.884973467279674,-1.2594367553946948e-08,2.6341323893220105e-09,3.4352598407799714e-09,-9.960235164624936e-09
2026-06-17 17:04:00+00:00,-0.8655566561698971,-1.2476029988626063e-08,2.7343278977759295e-09,3.3937611142472067e-09,-9.741702090850133e-09
2026-06-17 17:05:00+00:00,-0.8460415717661877,-1.2356798460480129e-08,2.834736217328653e-09,3.352337521695569e-09,-9.522062243151476e-09
2026-06-17 17:06:00+00:00,-0.82642904824811,-1.2236680371001994e-08,2.9353533804512927e-09,3.3109915475565734e-09,-9.3013269905507e-09
2026-06-17 17:07:00+00:00,-0.8067199275164542,-1.2115680972700694e-08,3.036177247420487e-09,3.269725736649261e-09,-9.079503725280206e-09
2026-06-17 17:08:00+00:00,-0.7869150591823609,-1.1993806920739601e-08,3.1372037011621017e-09,3.2285424499956665e-09,-8.8566032195775e-09
2026-06-17 17:09:00+00:00,-0.7670153003599122,-1.1871064569677726e-08,3.2384302495894045e-09,3.187444220145043e-09,-8.632634320088322e-09
2026-06-17 17:10:00+00:00,-0.7470215024080072,-1.1747460621408249e-08,3.3398528542391988e-09,3.146433497254148e-09,-8.40760776716905e-09
2026-06-17 17:11:00+00:00,-0.7269345644161497,-1.1623001298731417e-08,3.4414688819247476e-09,3.1055127561460185e-09,-8.181532416806669e-09
2026-06-17 17:12:00+00:00,-0.7067553527442753,-1.149769334398637e-08,3.543274718895987e-09,3.064684385054526e-09,-7.954418625090382e-09
2026-06-17 17:13:00+00:00,-0.6864847545722181,-1.1371543342472064e-08,3.645266990282132e-09,3.0239507736098638e-09,-7.726276352189931e-09
2026-06-17 17:14:00+00:00,-0.6661236643193335,-1.12445581583468e-08,3.747442718672177e-09,2.9833143915756397e-09,-7.497115439674623e-09
2026-06-17 17:15:00+00:00,-0.6456729838185035,-1.1116744279684332e-08,3.849798251428038e-09,2.942777548926372e-09,-7.2669460282562945e-09
2026-06-17 17:16:00+00:00,-0.6251336221079431,-1.0988109010325967e-08,3.952329900861904e-09,2.9023427880802027e-09,-7.035779109464064e-09
2026-06-17 17:17:00+00:00,-0.6045064954097581,-1.0858658723648426e-08,4.055034741997566e-09,2.8620123123716334e-09,-6.8036239816508594e-09
2026-06-17 17:18:00+00:00,-0.5837925271190583,-1.0728400727870027e-08,4.157909268364116e-09,2.8217885439440746e-09,-6.5704914595059106e-09
2026-06-17 17:19:00+00:00,-0.5629926475843263,-1.0597342219298703e-08,4.260949895538113e-09,2.78167376911225e-09,-6.33639232376059e-09
2026-06-17 17:20:00+00:00,-0.5421077942899223,-1.0465489970705882e-08,4.364153506233751e-09,2.7416703918036425e-09,-6.101336464472131e-09
2026-06-17 17:21:00+00:00,-0.5211388975460359,-1.033285113325972e-08,4.46751620447921e-09,2.70178064132487e-09,-5.8653349287805094e-09
2026-06-17 17:22:00+00:00,-0.5000869367777158,-1.0199433078878606e-08,4.571034526348021e-09,2.6620069265119433e-09,-5.628398552530585e-09
2026-06-17 17:23:00+00:00,-0.47895285613338867,-1.0065242987944092e-08,4.674705241242501e-09,2.6223514779170105e-09,-5.390537746701591e-09
2026-06-17 17:24:00+00:00,-0.45773762045463706,-9.930288330271935e-09,4.77852458362133e-09,2.582816466674258e-09,-5.151763746650605e-09
2026-06-17 17:25:00+00:00,-0.4364422014221391,-9.794576402970439e-09,4.8824890076988775e-09,2.54340432057421e-09,-4.912087395271561e-09
2026-06-17 17:26:00+00:00,-0.4150675773393837,-9.658114298504576e-09,4.986595326354884e-09,2.5041171619151675e-09,-4.6715189721496925e-09
2026-06-17 17:27:00+00:00,-0.3936147331076262,-9.520910381859846e-09,5.090839367107164e-09,2.4649572455813985e-09,-4.430071014752682e-09
2026-06-17 17:28:00+00:00,-0.3720846602083767,-9.382971320638245e-09,5.19521804584674e-09,2.4259268577044416e-09,-4.187753274791505e-09
2026-06-17 17:29:00+00:00,-0.3504783564712356,-9.244305380862837e-09,5.299727341266138e-09,2.3870280532177433e-09,-3.944578039596699e-09
2026-06-17 17:30:00+00:00,-0.3287968262658929,-9.104919488944179e-09,5.404363933608518e-09,2.3482631167153636e-09,-3.700555555335661e-09
2026-06-17 17:31:00+00:00,-0.3070410802699517,-8.964822124555906e-09,5.509124022155983e-09,2.309634157074442e-09,-3.4556981023999233e-09
2026-06-17 17:32:00+00:00,-0.28521212078636793,-8.82402068661266e-09,5.6140039069660604e-09,2.27114342609164e-09,-3.210016779646599e-09
2026-06-17 17:33:00+00:00,-0.2633110003188076,-8.682523178350833e-09,5.718999942531013e-09,2.232792901770008e-09,-2.96352323581982e-09
2026-06-17 17:34:00+00:00,-0.24133873351619806,-8.540337535798452e-09,5.824108495304529e-09,2.1945849186873815e-09,-2.7162290404939233e-09
2026-06-17 17:35:00+00:00,-0.21929635585963847,-8.397471344059134e-09,5.9293257369111325e-09,2.1565214095689737e-09,-2.4681456071480013e-09
2026-06-17 17:36:00+00:00,-0.19718490881803097,-8.25393291762635e-09,6.034648295768192e-09,2.1186045147228036e-09,-2.219284621858157e-09
2026-06-17 17:37:00+00:00,-0.17500543981955796,-8.1097301659378e-09,6.140071799138383e-09,2.0808363424203564e-09,-1.9696583667994177e-09
2026-06-17 17:38:00+00:00,-0.15275900223519467,-7.964871249840935e-09,6.245593060780611e-09,2.0432188444775453e-09,-1.7192781890603235e-09
2026-06-17 17:39:00+00:00,-0.13044665513676212,-7.819364265866666e-09,6.351207759320173e-09,2.0057541807508513e-09,-1.4681565065464924e-09
2026-06-17 17:40:00+00:00,-0.10806946348850954,-7.673217233156734e-09,6.45691303394305e-09,1.9684443640674008e-09,-1.2163041992136839e-09
2026-06-17 17:41:00+00:00,-0.0856284979041887,-7.526438911898068e-09,6.562704114598796e-09,1.9312913019603265e-09,-9.63734797299272e-10
2026-06-17 17:42:00+00:00,-0.06312483462887497,-7.379037430204426e-09,6.66857712491485e-09,1.8942971056549573e-09,-7.104603052895766e-10
2026-06-17 17:43:00+00:00,-0.04055955550971657,-7.231020477836605e-09,6.774529333205625e-09,1.857463665997447e-09,-4.5649114463098023e-10
2026-06-17 17:44:00+00:00,-0.01793373256327324,-7.082397186691542e-09,6.880556005748714e-09,1.8207929421729072e-09,-2.01841180942828e-10
2026-06-17 17:45:00+00:00,0.004751511107432771,-6.933175704752127e-09,6.9866536827630164e-09,1.7842869048825005e-09,5.3477978010889744e-11
2026-06-17 17:46:00+00:00,0.02749509258439764,-6.7833651498361786e-09,7.092817599018003e-09,1.7479475481881543e-09,3.0945244918182403e-10
2026-06-17 17:47:00+00:00,0.050295908516095,-6.632972867273561e-09,7.199045076858286e-09,1.711776652740591e-09,5.660722095847243e-10
2026-06-17 17:48:00+00:00,0.07315285029318985,-6.482008357368214e-09,7.305331761662371e-09,1.6757762127272271e-09,8.233234042941575e-10
2026-06-17 17:49:00+00:00,0.09606480430035824,-6.3304796466059275e-09,7.411673675125726e-09,1.6399480212584784e-09,1.0811940285197984e-09
2026-06-17 17:50:00+00:00,0.11903065171615335,-6.178395856393639e-09,7.518066894360843e-09,1.6042939329998474e-09,1.339671037967204e-09
2026-06-17 17:51:00+00:00,0.14204926876484414,-6.025765693374318e-09,7.624507258230994e-09,1.5688158552496437e-09,1.5987415648566761e-09
2026-06-17 17:52:00+00:00,0.16511952674190777,-5.872597673030073e-09,7.7309912335636e-09,1.5335155036507105e-09,1.858393560533527e-09
2026-06-17 17:53:00+00:00,0.188240292046858,-5.718900492447305e-09,7.837515026893084e-09,1.4983948217722169e-09,2.1186145344457787e-09
2026-06-17 17:54:00+00:00,0.21141042642591645,-5.564683356284911e-09,7.944074085694299e-09,1.4634554373812053e-09,2.3793907294093874e-09
2026-06-17 17:55:00+00:00,0.2346288023676043,-5.409954977426348e-09,8.050664554814885e-09,1.4286991558394406e-09,2.640709577388537e-09
2026-06-17 17:56:00+00:00,0.2578942410459476,-5.2547242958303574e-09,8.157282459185612e-09,1.3941278854133068e-09,2.9025581633552547e-09
2026-06-17 17:57:00+00:00,0.28120560576191067,-5.099000217594606e-09,8.263924181481262e-09,1.3597431553699369e-09,3.1649239638866555e-09
2026-06-17 17:58:00+00:00,0.3045617397295637,-4.942791798084909e-09,8.370585461112457e-09,1.325546699928063e-09,3.4277936630275484e-09
2026-06-17 17:59:00+00:00,0.32796148188157837,-4.7861081787949756e-09,8.477261920509564e-09,1.291540306776458e-09,3.6911537417145884e-09
2026-06-17 18:00:00+00:00,0.35140366667911116,-4.628958111637611e-09,8.58395022533602e-09,1.2577255680544719e-09,3.954992113698408e-09
2026-06-17 18:01:00+00:00,0.3748871243585795,-4.4713510608844e-09,8.69064551227504e-09,1.224104171018511e-09,4.21929445139064e-09
2026-06-17 18:02:00+00:00,0.39841068096743815,-4.3132960388034226e-09,8.79734476173291e-09,1.19067769060736e-09,4.484048722929487e-09
2026-06-17 18:03:00+00:00,0.42197315839264016,-4.154802396318737e-09,8.904042810690583e-09,1.1574478246770049e-09,4.749240414371847e-09
2026-06-17 18:04:00+00:00,0.44557337461692414,-3.995879178833157e-09,9.010736160600533e-09,1.1244161498053881e-09,5.0148569817673756e-09
2026-06-17 18:05:00+00:00,0.46921014352818,-3.836535441458876e-09,9.117420856423725e-09,1.0915841812049355e-09,5.280885414964849e-09
2026-06-17 18:06:00+00:00,0.49288229105467707,-3.6767806602373126e-09,9.224092720836486e-09,1.0589535227942508e-09,5.547312060599174e-09
2026-06-17 18:07:00+00:00,0.5165885916802734,-3.516624852929258e-09,9.330747112119197e-09,1.0265257698721602e-09,5.814122259189939e-09
2026-06-17 18:08:00+00:00,0.5403278637258327,-3.3560763901231756e-09,9.437380108231905e-09,9.943023721128302e-10,6.08130371810873e-09
2026-06-17 18:09:00+00:00,0.5640989061274648,-3.195145351838589e-09,9.543988313075072e-09,9.622847755646792e-10,6.348842961236483e-09
2026-06-17 18:10:00+00:00,0.5879005141078038,-3.0338405705639393e-09,9.650567126311145e-09,9.304745912291756e-10,6.6167265557472065e-09
2026-06-17 18:11:00+00:00,0.6117314794336529,-2.8721721060340136e-09,9.75711168030329e-09,8.988731434161978e-10,6.8849395742692756e-09
2026-06-17 18:12:00+00:00,0.6355905904541821,-2.7101488123645757e-09,9.863619324186535e-09,8.674820091816643e-10,7.15347051182196e-09
2026-06-17 18:13:00+00:00,0.6594766321250132,-2.547780695699637e-09,9.970085135408747e-09,8.363024790210726e-10,7.422304439709109e-09
2026-06-17 18:14:00+00:00,0.6833883862763859,-2.385077314828883e-09,1.0076504839066672e-08,8.053359672800544e-10,7.69142752423779e-09
2026-06-17 18:15:00+00:00,0.7073246314144976,-2.22204823080544e-09,1.0182874054062413e-08,7.745839429976553e-10,7.960825823256972e-09
2026-06-17 18:16:00+00:00,0.7312841429835608,-2.058702720871891e-09,1.0289189138870279e-08,7.440477825046605e-10,8.230486417998387e-09
2026-06-17 18:17:00+00:00,0.7552657094932786,-1.895050920996264e-09,1.0395445626222308e-08,7.137286863661864e-10,8.500394705226044e-09
2026-06-17 18:18:00+00:00,0.7792680682022259,-1.7311021042095292e-09,1.0501639246070351e-08,6.836280117330978e-10,8.770537141860822e-09
2026-06-17 18:19:00+00:00,0.8032900018785163,-1.5668657754716988e-09,1.0607766718291293e-08,6.537471385238497e-10,9.040900942819595e-09
2026-06-17 18:20:00+00:00,0.8273302742933347,-1.4023525932657248e-09,1.0713822148268977e-08,6.240873079997001e-10,9.311469555003251e-09
2026-06-17 18:21:00+00:00,0.8513876465522378,-1.237571257026668e-09,1.0819803256375297e-08,5.946497289909134e-10,9.582231999348629e-09
2026-06-17 18:22:00+00:00,0.8754608771352685,-1.0725321480371543e-09,1.0925704223680493e-08,5.654358084151258e-10,9.853172075643339e-09
2026-06-17 18:23:00+00:00,0.8995487219280398,-9.072448369375381e-10,1.1031521981200735e-08,5.364464690895692e-10,1.0124277144263196e-08
2026-06-17 18:24:00+00:00,0.9236499344945212,-7.417192600307828e-10,1.1137251564469749e-08,5.076830856413781e-10,1.0395532304438966e-08
2026-06-17 18:25:00+00:00,0.9477632658706348,-5.759650646515055e-10,1.1242889187564836e-08,4.79146862135962e-10,1.0666924122913331e-08
2026-06-17 18:26:00+00:00,0.971887464837027,-4.0999235269557004e-10,1.1348430559820233e-08,4.508389105655832e-10,1.0938438207124663e-08
2026-06-17 18:27:00+00:00,0.9960212779527251,-2.438108147440937e-10,1.1453871114068514e-08,4.227602324399573e-10,1.121006029932442e-08
2026-06-17 18:28:00+00:00,1.0201634495887935,-7.743023713022443e-11,1.155920721471297e-08,3.949122489944238e-10,1.1481776977582745e-08
2026-06-17 18:29:00+00:00,1.0443127383985646,8.913916469357959e-11,1.1664434026877517e-08,3.6729569645266674e-10,1.1753573191571098e-08
2026-06-17 18:30:00+00:00,1.0684678523298683,2.5588714808518173e-10,1.1769547669323307e-08,3.3991191942079184e-10,1.2025434817408489e-08
2026-06-17 18:31:00+00:00,1.09262754606377,4.2280487693291433e-10,1.1874544217700127e-08,3.1276181638015295e-10,1.2297349094633042e-08
2026-06-17 18:32:00+00:00,1.1167905562823421,5.898808938363834e-10,1.1979418100537143e-08,2.858464641462288e-10,1.2569298994373527e-08
2026-06-17 18:33:00+00:00,1.140955617887277,7.57106291002858e-10,1.2084166596441025e-08,2.5916690775401e-10,1.2841272887443883e-08
2026-06-17 18:34:00+00:00,1.1651214642750258,9.244709820823942e-10,1.2188785006374529e-08,2.327240774316634e-10,1.3113255988456923e-08
2026-06-17 18:35:00+00:00,1.1892868271365116,1.0919647150168673e-09,1.2293269021388875e-08,2.0651886247369946e-10,1.3385233736405743e-08
2026-06-17 18:36:00+00:00,1.2134504367329986,1.2595767463924272e-09,1.2397613495077177e-08,1.805522772012957e-10,1.3657190241469604e-08
2026-06-17 18:37:00+00:00,1.23761102192291,1.4272984085045945e-09,1.2501815861822544e-08,1.5482536883499285e-10,1.3929114270327137e-08
2026-06-17 18:38:00+00:00,1.2617673102045717,1.5951189014031484e-09,1.2605870896479978e-08,1.293388579017259e-10,1.4200989797883127e-08
2026-06-17 18:39:00+00:00,1.2859180279846147,1.7630277130579808e-09,1.2709774363019562e-08,1.0409365462423693e-10,1.4472802076077543e-08
2026-06-17 18:40:00+00:00,1.3100619165676373,1.9310156393690165e-09,1.2813521813367558e-08,7.909064580690096e-11,1.4744537452736574e-08
2026-06-17 18:41:00+00:00,1.3341976676746912,2.0990720421719e-09,1.2917109194198705e-08,5.433068048596946e-11,1.5016181236370604e-08
2026-06-17 18:42:00+00:00,1.3583240206156133,2.2671864743874467e-09,1.3020532761795038e-08,2.9814481254802015e-11,1.5287719236182486e-08
2026-06-17 18:43:00+00:00,1.3824396975626687,2.4353500544904396e-09,1.3123788091348343e-08,5.542979783707992e-12,1.5559138145838783e-08
2026-06-17 18:44:00+00:00,1.4065434200185654,2.603551267988597e-09,1.3226870293492578e-08,-1.8483172673467322e-11,1.5830421561481176e-08
2026-06-17 18:45:00+00:00,1.4306339086111362,2.771780919971779e-09,1.332977556165893e-08,-4.2263199493555895e-11,1.6101556481630708e-08
2026-06-17 18:46:00+00:00,1.4547098833698078,2.9400281681872835e-09,1.343249985343697e-08,-6.579626331439291e-11,1.6372528021624254e-08
2026-06-17 18:47:00+00:00,1.4787700637598495,3.108282911097234e-09,1.3535037751654558e-08,-8.90818900586754e-11,1.6643320662751793e-08
2026-06-17 18:48:00+00:00,1.5028131687262607,3.2765354898367016e-09,1.3637386976521996e-08,-1.1211923131453138e-10,1.69139224663587e-08
2026-06-17 18:49:00+00:00,1.5268379169541544,3.4447754670191567e-09,1.3739541461475243e-08,-1.3490763602942957e-10,1.71843169284944e-08
2026-06-17 18:50:00+00:00,1.5508430266802358,3.6129925501593827e-09,1.3841498187008999e-08,-1.5744650286020546e-10,1.7454490737168383e-08
2026-06-17 18:51:00+00:00,1.57482723203604,3.781176928627533e-09,1.394325201896798e-08,-1.7973531173504443e-10,1.7724428947595512e-08
2026-06-17 18:52:00+00:00,1.5987892187718107,3.9493178170419115e-09,1.4044799141095272e-08,-2.0177321238234153e-10,1.7994116958137183e-08
2026-06-17 18:53:00+00:00,1.6227277207871043,4.117405700997585e-09,1.4146135689919302e-08,-2.235599406790982e-10,1.826354139091689e-08
2026-06-17 18:54:00+00:00,1.646641456057684,4.285429419937795e-09,1.4247256358901386e-08,-2.450947531475364e-10,1.8532685778839182e-08
2026-06-17 18:55:00+00:00,1.6705291425291162,4.453380409666674e-09,1.4348158710892829e-08,-2.663771496733072e-10,1.8801539120559504e-08
2026-06-17 18:56:00+00:00,1.6943894983929837,4.621247034166962e-09,1.4448836573171351e-08,-2.874066706192846e-10,1.9070083607338314e-08
2026-06-17 18:57:00+00:00,1.7182212421151892,4.789019092707223e-09,1.4549286372272013e-08,-3.081828046366997e-10,1.9338305464979235e-08
2026-06-17 18:58:00+00:00,1.7420230924804119,4.956687193493076e-09,1.464950462801363e-08,-3.287050993209665e-10,1.9606191821506704e-08
2026-06-17 18:59:00+00:00,1.7657937688576333,5.1242405774317235e-09,1.4749485768910066e-08,-3.4897310590986767e-10,1.9873726346341788e-08
2026-06-17 19:00:00+00:00,1.789531991014252,5.291669533909387e-09,1.4849227234305818e-08,-3.6898638841530473e-10,2.0140896768215203e-08
2026-06-17 19:01:00+00:00,1.8132364793750435,5.458963672191139e-09,1.494872341606368e-08,-3.887445882696868e-10,2.040768708825482e-08
2026-06-17 19:02:00+00:00,1.8369059709271385,5.6261124929140355e-09,1.5047970518470763e-08,-4.082473661953249e-10,2.0674083011384798e-08
2026-06-17 19:03:00+00:00,1.8605391557889033,5.793106118443006e-09,1.5146964939576192e-08,-4.2749416451955074e-10,2.0940071058019196e-08
2026-06-17 19:04:00+00:00,1.8841347727194897,5.959934156072451e-09,1.5245702125584695e-08,-4.464851120412029e-10,2.1205636281657147e-08
2026-06-17 19:05:00+00:00,1.9076915454043557,6.1265865748778115e-09,1.5344176863429233e-08,-4.652193667995512e-10,2.1470763438307047e-08
2026-06-17 19:06:00+00:00,1.9312081986132619,6.2930534141019746e-09,1.5442386502573127e-08,-4.836969387702332e-10,2.1735439916675103e-08
2026-06-17 19:07:00+00:00,1.9546834582353396,6.459324126869244e-09,1.5540325942583862e-08,-5.019175281014966e-10,2.1999650069453108e-08
2026-06-17 19:08:00+00:00,1.9781160513241884,6.625388476018422e-09,1.5637991233792884e-08,-5.198809031634248e-10,2.2263379709811304e-08
2026-06-17 19:09:00+00:00,2.0015047063536113,6.791236984271919e-09,1.573537853188278e-08,-5.375868176433938e-10,2.25266155161547e-08
2026-06-17 19:10:00+00:00,2.0248481530353595,6.956858992447375e-09,1.5832483731456136e-08,-5.550351579631483e-10,2.278934272390351e-08
2026-06-17 19:11:00+00:00,2.048145122581609,7.122244363248327e-09,1.592930192194915e-08,-5.722255838317299e-10,2.3051546285197477e-08
2026-06-17 19:12:00+00:00,2.071394347749549,7.287382944456431e-09,1.6025829256600326e-08,-5.89158062921147e-10,2.3313212201056756e-08
2026-06-17 19:13:00+00:00,2.0945945628701725,7.452265195987846e-09,1.6122062816083717e-08,-6.058323915621234e-10,2.3574328012071565e-08
2026-06-17 19:14:00+00:00,2.1177445196254903,7.616880073959771e-09,1.6217995487203113e-08,-6.222485175966742e-10,2.3834875561162886e-08
2026-06-17 19:15:00+00:00,2.140842924795707,7.781218190001764e-09,1.63136267049632e-08,-6.384063923957473e-10,2.4094844894964965e-08
2026-06-17 19:16:00+00:00,2.163888533674832,7.945269728985961e-09,1.6408950213535106e-08,-6.543060634342518e-10,2.4354219942521067e-08
2026-06-17 19:17:00+00:00,2.1868800879682406,8.109023670042292e-09,1.6503962075599545e-08,-6.699471211546866e-10,2.4612985745641835e-08
2026-06-17 19:18:00+00:00,2.209816331378693,8.27247050392436e-09,1.6598659012547006e-08,-6.853298698486798e-10,2.4871129516471368e-08
2026-06-17 19:19:00+00:00,2.2326960098642186,8.435600325319385e-09,1.6693036219697123e-08,-7.004541476244026e-10,2.512863654501651e-08
2026-06-17 19:20:00+00:00,2.255517871460228,8.598403189288772e-09,1.6787090007717098e-08,-7.153201745131625e-10,2.5385493197005868e-08
2026-06-17 19:21:00+00:00,2.2782806665306428,8.760868516762384e-09,1.688081625581096e-08,-7.299277412860042e-10,2.5641684772573342e-08
2026-06-17 19:22:00+00:00,2.300983147812444,8.922986945456963e-09,1.6974210867965164e-08,-7.442770023468408e-10,2.5897197813422128e-08
2026-06-17 19:23:00+00:00,2.3236240704948665,9.084748301073544e-09,1.706726968267398e-08,-7.5836812544658e-10,2.6152017983747523e-08
2026-06-17 19:24:00+00:00,2.346202192264353,9.246142314049712e-09,1.7159988382316906e-08,-7.722012178929393e-10,2.6406130696366618e-08
2026-06-17 19:25:00+00:00,2.368716288628117,9.40715936451578e-09,1.725236374749274e-08,-7.857763756860528e-10,2.665952311200852e-08
2026-06-17 19:26:00+00:00,2.391165092391806,9.567789837959991e-09,1.734439110892332e-08,-7.990937645023756e-10,2.691218094688331e-08
2026-06-17 19:27:00+00:00,2.413547384500416,9.728023629802787e-09,1.7436066757526108e-08,-8.121535254173235e-10,2.7164090387328897e-08
2026-06-17 19:28:00+00:00,2.4358619336484333,9.887850636511876e-09,1.7527386947217764e-08,-8.24955856619994e-10,2.741523758372964e-08
2026-06-17 19:29:00+00:00,2.458107511427232,1.0047260722845515e-08,1.761834695991723e-08,-8.375010251651269e-10,2.7665607682762747e-08
2026-06-17 19:30:00+00:00,2.4802828925859024,1.0206244858542226e-08,1.7708943022341915e-08,-8.497892749783189e-10,2.791518788088414e-08
2026-06-17 19:31:00+00:00,2.502386854849509,1.0364792907918154e-08,1.7799171483858344e-08,-8.618208636052077e-10,2.8163964391776496e-08
2026-06-17 19:32:00+00:00,2.5244181791796496,1.0522895124713093e-08,1.788902863698287e-08,-8.735960808176428e-10,2.841192376169596e-08
2026-06-17 19:33:00+00:00,2.5463756498019823,1.0680541137572658e-08,1.7978509623931544e-08,-8.85115230221676e-10,2.86590507615042e-08
2026-06-17 19:34:00+00:00,2.5682580542507347,1.0837722517284227e-08,1.8067611718384463e-08,-8.96378610806673e-10,2.890533423566869e-08
2026-06-17 19:35:00+00:00,2.5900641836159193,1.0994428182791487e-08,1.815632977088515e-08,-9.073865725014437e-10,2.9150757953676638e-08
2026-06-17 19:36:00+00:00,2.611792846919066,1.1150649972140854e-08,1.8244661372699265e-08,-9.181396043719557e-10,2.939531134484012e-08
2026-06-17 19:37:00+00:00,2.633442813121775,1.130637682928972e-08,1.833260114311526e-08,-9.286378709216595e-10,2.963897797240498e-08
2026-06-17 19:38:00+00:00,2.6550128985960386,1.1461599827585182e-08,1.842014593131308e-08,-9.38882018268731e-10,2.988174575889826e-08
2026-06-17 19:39:00+00:00,2.676501908821904,1.1616308741295631e-08,1.8507291925899214e-08,-9.488722497710407e-10,3.0123600667194846e-08
2026-06-17 19:40:00+00:00,2.697908653237455,1.1770495412491376e-08,1.8594035813418457e-08,-9.586092994705215e-10,3.0364531225909835e-08
2026-06-17 19:41:00+00:00,2.7192319450566824,1.1924148317207414e-08,1.8680372497852163e-08,-9.680935099152938e-10,3.060452081505958e-08
2026-06-17 19:42:00+00:00,2.7404706015222926,1.2077259611678837e-08,1.876629884019695e-08,-9.77325219673916e-10,3.084355845187579e-08
2026-06-17 19:43:00+00:00,2.7616234439388334,1.222981934242395e-08,1.8851810468879807e-08,-9.863052427614364e-10,3.108162981130376e-08
2026-06-17 19:44:00+00:00,2.7826892977162907,1.2381818132857786e-08,1.893690506136632e-08,-9.950338913899345e-10,3.1318723194224104e-08
2026-06-17 19:45:00+00:00,2.8036669926023032,1.2533245991672023e-08,1.9021577607216864e-08,-1.003511787566849e-09,3.155482359888889e-08
2026-06-17 19:46:00+00:00,2.8245553625198507,1.2684094042368776e-08,1.910582505471596e-08,-1.0117396231718109e-09,3.178991909708474e-08
2026-06-17 19:47:00+00:00,2.845353259721789,1.2834353466129183e-08,1.9189643087472633e-08,-1.019717826953389e-09,3.2023996553601817e-08
2026-06-17 19:48:00+00:00,2.8660594991068074,1.298401400881875e-08,1.9273028637796025e-08,-1.0274471786598725e-09,3.225704264661478e-08
2026-06-17 19:49:00+00:00,2.8866729419279316,1.3133066043162199e-08,1.9355976209700414e-08,-1.0349282471964667e-09,3.2489042252862616e-08
2026-06-17 19:50:00+00:00,2.9071924401874596,1.328150170301091e-08,1.9438484403567574e-08,-1.0421616919903783e-09,3.271998610657848e-08
2026-06-17 19:51:00+00:00,2.9276168504458235,1.3429311136679988e-08,1.9520548769830544e-08,-1.0491481136103978e-09,3.2949859906510534e-08
2026-06-17 19:52:00+00:00,2.947945034064962,1.3576484897025729e-08,1.9602165001569574e-08,-1.0558885335730927e-09,3.31786498985953e-08
2026-06-17 19:53:00+00:00,2.9681758572336654,1.3723014538622098e-08,1.968333075780115e-08,-1.0623833801165967e-09,3.340634529642325e-08
2026-06-17 19:54:00+00:00,2.9883081910101423,1.3868890170752243e-08,1.976404101552297e-08,-1.0686334287330054e-09,3.363293118627521e-08
2026-06-17 19:55:00+00:00,3.008340911550606,1.4014103503967923e-08,1.9844293449674945e-08,-1.0746394336671843e-09,3.385839695364287e-08
2026-06-17 19:56:00+00:00,3.0282728999544997,1.4158644684856739e-08,1.992408332752979e-08,-1.0804022566982398e-09,3.408272801238653e-08
2026-06-17 19:57:00+00:00,3.0481030424863764,1.4302505342536857e-08,2.0003407521336515e-08,-1.0859227568999585e-09,3.430591286387337e-08
2026-06-17 19:58:00+00:00,3.0678302306168352,1.4445676261019e-08,2.0082262959398996e-08,-1.0912015509050286e-09,3.4527939220418e-08
2026-06-17 19:59:00+00:00,3.0874533741784815,1.4588149655246074e-08,2.016064530637749e-08,-1.096239733404252e-09,3.4748794961623564e-08
2026-06-17 20:00:00+00:00,3.106971349032303,1.4729914188566656e-08,2.023855132861149e-08,-1.1010381533793943e-09,3.4968465517178146e-08
2026-06-17 20:01:00+00:00,3.126383075855963,1.487096403117422e-08,2.0315978721572695e-08,-1.1055974762728157e-09,3.5186942752746915e-08
2026-06-17 20:02:00+00:00,3.1456874676696334,1.5011287727827225e-08,2.039292136449311e-08,-1.1099186592445616e-09,3.540420909232034e-08
2026-06-17 20:03:00+00:00,3.164883443060405,1.5150878831592716e-08,2.0469378938708836e-08,-1.1140028231554002e-09,3.562025777030155e-08
2026-06-17 20:04:00+00:00,3.183969926223284,1.528972742781321e-08,2.054534599082224e-08,-1.1178507732933482e-09,3.583507341863545e-08
2026-06-17 20:05:00+00:00,3.2029458471720287,1.5427824732516896e-08,2.0620819226453916e-08,-1.1214634052933093e-09,3.604864395897081e-08
2026-06-17 20:06:00+00:00,3.221810141592563,1.556516231499052e-08,2.069579577709714e-08,-1.1248418524042325e-09,3.626095809208766e-08
2026-06-17 20:07:00+00:00,3.2405617510599174,1.5701732756499794e-08,2.0770272473149683e-08,-1.1279870617771294e-09,3.647200522964948e-08
2026-06-17 20:08:00+00:00,3.2591996230775107,1.5837525591533784e-08,2.084424511534855e-08,-1.1308999420454384e-09,3.668177070688233e-08
2026-06-17 20:09:00+00:00,3.277722711101023,1.597253423244243e-08,2.0917711209241917e-08,-1.1335816398474824e-09,3.689024544168435e-08
2026-06-17 20:10:00+00:00,3.296129987063911,1.6106749166025256e-08,2.0990667180895776e-08,-1.1360332857103814e-09,3.7097416346921036e-08
2026-06-17 20:11:00+00:00,3.314420391928432,1.6240162370696995e-08,2.1063109586865e-08,-1.138255740039677e-09,3.7303271957561996e-08
2026-06-17 20:12:00+00:00,3.3325929099689606,1.637276534786704e-08,2.113503453078562e-08,-1.1402502411173522e-09,3.750779987865266e-08
2026-06-17 20:13:00+00:00,3.3506465193411517,1.6504550972474275e-08,2.1206441425694102e-08,-1.1420179305427438e-09,3.7710992398168374e-08
2026-06-17 20:14:00+00:00,3.368580204503746,1.6635508956914173e-08,2.1277323463910667e-08,-1.1435599304668957e-09,3.7912832420824844e-08
2026-06-17 20:15:00+00:00,3.3863929564230806,1.676563283711439e-08,2.134767928550757e-08,-1.1448773069370518e-09,3.811331212262196e-08
2026-06-17 20:16:00+00:00,3.404083772435448,1.689491382280943e-08,2.1417505685502528e-08,-1.1459711436306297e-09,3.831241950831195e-08
2026-06-17 20:17:00+00:00,3.421651656445106,1.702334396319098e-08,2.1486798983117443e-08,-1.1468429661266928e-09,3.851014294630842e-08
2026-06-17 20:18:00+00:00,3.4390956189613204,1.7150914953402526e-08,2.155555648043724e-08,-1.1474935434599364e-09,3.8706471433839764e-08
2026-06-17 20:19:00+00:00,3.456414677127025,1.727761956745211e-08,2.1623775369085534e-08,-1.147924492502396e-09,3.890139493653765e-08
2026-06-17 20:20:00+00:00,3.4736078549260645,1.7403449630646716e-08,2.1691451729846925e-08,-1.1481367292851034e-09,3.909490136049364e-08
2026-06-17 20:21:00+00:00,3.4906741944362887,1.752839720277338e-08,2.1758583203663562e-08,-1.1481318206450227e-09,3.928698040643694e-08
2026-06-17 20:22:00+00:00,3.5076127103434556,1.7652454377479168e-08,2.1825165867709562e-08,-1.1479107634119257e-09,3.947762024518873e-08
2026-06-17 20:23:00+00:00,3.524422458635614,1.7775613348922688e-08,2.1891197786977514e-08,-1.1474749584178338e-09,3.96668111359002e-08
2026-06-17 20:24:00+00:00,3.541102490776387,1.7897867401726984e-08,2.1956675977855153e-08,-1.1468258012313648e-09,3.985454337958214e-08
2026-06-17 20:25:00+00:00,3.557651865376574,1.8019207083977646e-08,2.2021595984739094e-08,-1.1459644298084483e-09,4.004080306871674e-08
2026-06-17 20:26:00+00:00,3.5740696480660814,1.8139626354381537e-08,2.2085955888985863e-08,-1.1448925172061018e-09,4.02255822433674e-08
2026-06-17 20:27:00+00:00,3.5903549116842894,1.8259117689266264e-08,2.2149754123492064e-08,-1.1436109811710602e-09,4.0408871812758325e-08
2026-06-17 20:28:00+00:00,3.6065067363147065,1.8377672441073983e-08,2.2212984733681824e-08,-1.1421213672071552e-09,4.059065717475581e-08
2026-06-17 20:29:00+00:00,3.6225242093054093,1.8495284360455432e-08,2.227564676547846e-08,-1.140425221622427e-09,4.07709311259339e-08
2026-06-17 20:30:00+00:00,3.6384064254615955,1.861194613592653e-08,2.2337737158180415e-08,-1.138523889233199e-09,4.0949683294106946e-08
2026-06-17 20:31:00+00:00,3.6541524869134374,1.8727649332898693e-08,2.239925293057125e-08,-1.136418623608993e-09,4.112690226346994e-08
2026-06-17 20:32:00+00:00,3.6697615137290978,1.8842388137482783e-08,2.246019156670476e-08,-1.1341110192988895e-09,4.130257970418754e-08
2026-06-17 20:33:00+00:00,3.685232602155887,1.895615435672799e-08,2.252054984473507e-08,-1.1316025573975627e-09,4.147670420146306e-08
2026-06-17 20:34:00+00:00,3.7005648874591834,1.9068940831220153e-08,2.258032514011196e-08,-1.1288946140518647e-09,4.1649265971332114e-08
2026-06-17 20:35:00+00:00,3.7157575021364027,1.9180741508976908e-08,2.2639514618768027e-08,-1.1259888734490198e-09,4.182025612774493e-08
2026-06-17 20:36:00+00:00,3.7308095863125885,1.9291549098448648e-08,2.2698116440831018e-08,-1.122886597264672e-09,4.198966553927967e-08
2026-06-17 20:37:00+00:00,3.7457202879095957,1.940135614462977e-08,2.2756126663637624e-08,-1.1195893628699001e-09,4.21574828082674e-08
2026-06-17 20:38:00+00:00,3.7604887626780896,1.9510156760469556e-08,2.281354370808273e-08,-1.116098823606146e-09,4.232370046855229e-08
2026-06-17 20:39:00+00:00,3.7751141742219643,1.9617942985825035e-08,2.2870364622037156e-08,-1.1124163953315277e-09,4.248830760786219e-08
2026-06-17 20:40:00+00:00,3.789595694174831,1.9724708788607826e-08,2.2926585355645647e-08,-1.1085437548545987e-09,4.265129414425347e-08
2026-06-17 20:41:00+00:00,3.8039325020727954,1.9830446959510687e-08,2.2982205317227414e-08,-1.1044823969844362e-09,4.28126522767381e-08
2026-06-17 20:42:00+00:00,3.8181237855306014,1.9935151620821878e-08,2.30372213596598e-08,-1.1002340222831417e-09,4.297237298048167e-08
2026-06-17 20:43:00+00:00,3.8321687402635174,2.0038816197069073e-08,2.309163069723507e-08,-1.0958001129737223e-09,4.313044689430414e-08
2026-06-17 20:44:00+00:00,3.846066579389184,2.0141433206408715e-08,2.3145431460044222e-08,-1.0911824036262445e-09,4.328686466645294e-08
2026-06-17 20:45:00+00:00,3.859816496401194,2.0242998141167944e-08,2.3198620296221298e-08,-1.086382566888985e-09,4.344161843738924e-08
2026-06-17 20:46:00+00:00,3.8734177209811502,2.034350236626038e-08,2.3251194513181588e-08,-1.0814019566623612e-09,4.3594696879441966e-08
2026-06-17 20:47:00+00:00,3.8868694817795455,2.044294135546742e-08,2.330315332363138e-08,-1.076242677090196e-09,4.37460946790988e-08
2026-06-17 20:48:00+00:00,3.9001710158141436,2.0541308096591747e-08,2.335449357033496e-08,-1.0709061169435212e-09,4.389580166692671e-08
2026-06-17 20:49:00+00:00,3.913321568485874,2.0638596792586914e-08,2.340521218716549e-08,-1.0653939638494569e-09,4.404380897975241e-08
2026-06-17 20:50:00+00:00,3.92632039373865,2.0734801131999513e-08,2.3455307294577203e-08,-1.059708167903411e-09,4.419010842657672e-08
2026-06-17 20:51:00+00:00,3.9391667539494124,2.0829915422077065e-08,2.3504776740109996e-08,-1.053850332794984e-09,4.4334692162187064e-08
2026-06-17 20:52:00+00:00,3.9518599200872186,2.0923933515827872e-08,2.355361828243e-08,-1.0478221405157926e-09,4.4477551798257874e-08
2026-06-17 20:53:00+00:00,3.9643991717267344,2.1016849050924025e-08,2.3601829500355356e-08,-1.041625295977346e-09,4.4618678551279384e-08
2026-06-17 20:54:00+00:00,3.976783797077198,2.110865783770771e-08,2.36494093426152e-08,-1.0352617484779731e-09,4.475806718032291e-08
2026-06-17 20:55:00+00:00,3.9890131012734553,2.1199352447510998e-08,2.3696352564995982e-08,-1.0287332238482554e-09,4.489570501250698e-08
2026-06-17 20:56:00+00:00,4.001086373580937,2.1288928163640356e-08,2.3742660501575665e-08,-1.0220412535052179e-09,4.503158866521602e-08
2026-06-17 20:57:00+00:00,4.013002936737969,2.1377378682566904e-08,2.3788328646446056e-08,-1.015187997380357e-09,4.516570732901296e-08
2026-06-17 20:58:00+00:00,4.024762114073598,2.1464698542172347e-08,2.383335596569797e-08,-1.0081750012221602e-09,4.529805450787032e-08
2026-06-17 20:59:00+00:00,4.036363237779797,2.1550883321044302e-08,2.387774006356866e-08,-1.0010042404083526e-09,4.5428623384612963e-08
2026-06-17 21:00:00+00:00,4.047805649053165,2.1635927132732183e-08,2.392147937133357e-08,-9.936775672008038e-10,4.555740650406575e-08
2026-06-17 21:01:00+00:00,4.059088697991488,2.171982393799762e-08,2.3964570776579395e-08,-9.861968948207771e-10,4.568439471457702e-08
2026-06-17 21:02:00+00:00,4.070211743735053,2.1802569575747093e-08,2.400701290584505e-08,-9.78563792268151e-10,4.580958248159214e-08
2026-06-17 21:03:00+00:00,4.081174154483007,2.1884158062213816e-08,2.4048805213409223e-08,-9.707806276824496e-10,4.593296327562304e-08
2026-06-17 21:04:00+00:00,4.091975307518841,2.1964584695248407e-08,2.4089943788950887e-08,-9.628486875992998e-10,4.6054528484199297e-08
2026-06-17 21:05:00+00:00,4.1026145893296775,2.2043844503448983e-08,2.413042719202274e-08,-9.54770242679402e-10,4.617427169547172e-08
2026-06-17 21:06:00+00:00,4.113091402493651,2.212193302901067e-08,2.4170254520253422e-08,-9.465471400363336e-10,4.629218754926409e-08
2026-06-17 21:07:00+00:00,4.1234051378099545,2.219884390954998e-08,2.4209422013731543e-08,-9.381813439151105e-10,4.6408265923281526e-08
2026-06-17 21:08:00+00:00,4.133555216476257,2.2274573822216082e-08,2.4247929337305563e-08,-9.296746417089042e-10,4.6522503159521645e-08
2026-06-17 21:09:00+00:00,4.143541061887432,2.2349117555201822e-08,2.428577526998091e-08,-9.210290737127438e-10,4.663489282518273e-08
2026-06-17 21:10:00+00:00,4.153362106839012,2.2422469987509743e-08,2.4322956323391993e-08,-9.122467433012239e-10,4.674542631090173e-08
2026-06-17 21:11:00+00:00,4.16301779344165,2.249462799830702e-08,2.435947257400676e-08,-9.033293740000137e-10,4.685410057231378e-08
2026-06-17 21:12:00+00:00,4.172507573243519,2.2565585692654835e-08,2.439532037306819e-08,-8.942790475429623e-10,4.696090606572303e-08
2026-06-17 21:13:00+00:00,4.181830907238466,2.2635338699494815e-08,2.4430500002670094e-08,-8.850976140324851e-10,4.706583870216491e-08
2026-06-17 21:14:00+00:00,4.1909872658885,2.2703883097389392e-08,2.446500856685158e-08,-8.757872819130273e-10,4.716889166424097e-08
2026-06-17 21:15:00+00:00,4.199976129229556,2.277121517677078e-08,2.4498844549891245e-08,-8.66350065531151e-10,4.727005972666202e-08
2026-06-17 21:16:00+00:00,4.208796986799829,2.283733060354441e-08,2.4532007997906267e-08,-8.567876370411858e-10,4.7369338601450674e-08
2026-06-17 21:17:00+00:00,4.217449343485867,2.290222363985755e-08,2.4564494383426754e-08,-8.471023181146515e-10,4.746671802328431e-08
2026-06-17 21:18:00+00:00,4.225932696445728,2.296589229356318e-08,2.4596305478594088e-08,-8.37296213982166e-10,4.756219777215727e-08
2026-06-17 21:19:00+00:00,4.234246569936068,2.3028331610854108e-08,2.4627437696061722e-08,-8.273710740174606e-10,4.765576930691583e-08
2026-06-17 21:20:00+00:00,4.242390492093421,2.3089537391720437e-08,2.465788986173458e-08,-8.173291598901173e-10,4.774742725345502e-08
2026-06-17 21:21:00+00:00,4.250364000715427,2.314950660395484e-08,2.4687659995318872e-08,-8.071725396429837e-10,4.783716659927371e-08
2026-06-17 21:22:00+00:00,4.2581666433639676,2.3208235593353942e-08,2.4716749504064266e-08,-7.969030512883075e-10,4.792498509741821e-08
2026-06-17 21:23:00+00:00,4.265797977375343,2.3265720561361935e-08,2.4745154433116775e-08,-7.865230037167805e-10,4.801087499447871e-08
2026-06-17 21:24:00+00:00,4.273257569878865,2.3321957565250147e-08,2.477287385086094e-08,-7.760344391329931e-10,4.809483141611109e-08
2026-06-17 21:25:00+00:00,4.280544997878826,2.3376942996454254e-08,2.4799906751013256e-08,-7.65439502421288e-10,4.817684974746751e-08
2026-06-17 21:26:00+00:00,4.2876598481955845,2.3430674057550375e-08,2.482625296341909e-08,-7.547400719726516e-10,4.8256927020969465e-08
2026-06-17 21:27:00+00:00,4.294601717551308,2.3483147091674832e-08,2.4851908780008213e-08,-7.439382765988093e-10,4.8335055871683045e-08
2026-06-17 21:28:00+00:00,4.301370212585871,2.353435961224526e-08,2.4876875522619148e-08,-7.330366431340154e-10,4.841123513486441e-08
2026-06-17 21:29:00+00:00,4.307964954226047,2.358430700234955e-08,2.4901150475383018e-08,-7.220368019577991e-10,4.848545747773257e-08
2026-06-17 21:30:00+00:00,4.31438556019602,2.3632987121251674e-08,2.4924733259497527e-08,-7.109413466023631e-10,4.8557720380749205e-08
2026-06-17 21:31:00+00:00,4.320631671492987,2.3680396859168036e-08,2.4947622471509574e-08,-6.997517823825359e-10,4.8628019330677606e-08
2026-06-17 21:32:00+00:00,4.326702934663464,2.372653339869374e-08,2.4969817498406977e-08,-6.884709023979352e-10,4.869635089710072e-08
2026-06-17 21:33:00+00:00,4.332599006286365,2.3771393422404532e-08,2.4991316378163444e-08,-6.77100497242925e-10,4.876270980056798e-08
2026-06-17 21:34:00+00:00,4.338319552988427,2.3814974784414402e-08,2.5012119081193863e-08,-6.65642646001562e-10,4.8827093865608265e-08
2026-06-17 21:35:00+00:00,4.343864251510739,2.3857274123291675e-08,2.503222386523782e-08,-6.540998642080959e-10,4.8889497988529495e-08
2026-06-17 21:36:00+00:00,4.349232788662633,2.3898288771794858e-08,2.5051630738386218e-08,-6.424740340539267e-10,4.8949919510181075e-08
2026-06-17 21:37:00+00:00,4.354424861383616,2.3938017831947834e-08,2.5070338178559625e-08,-6.307675113233625e-10,4.900835601050746e-08
2026-06-17 21:38:00+00:00,4.359440176755218,2.3976456922155928e-08,2.508834495653691e-08,-6.189823510022414e-10,4.906480187869284e-08
2026-06-17 21:39:00+00:00,4.364278452007573,2.4013605101676438e-08,2.510565141204578e-08,-6.071207867923316e-10,4.911925651372222e-08
2026-06-17 21:40:00+00:00,4.368939417648869,2.4049459170305225e-08,2.512225657096125e-08,-5.951848599496679e-10,4.9171715741266475e-08
2026-06-17 21:41:00+00:00,4.373422805031378,2.4084016652309897e-08,2.513815782859148e-08,-5.831770948813503e-10,4.922217448090138e-08
2026-06-17 21:42:00+00:00,4.377728365168081,2.4117276575128776e-08,2.5153356257221507e-08,-5.710994486317275e-10,4.9270632832350286e-08
2026-06-17 21:43:00+00:00,4.381855856114633,2.4149236004664365e-08,2.5167851183331295e-08,-5.589542085645026e-10,4.9317087187995656e-08
2026-06-17 21:44:00+00:00,4.38580504616575,2.4179894015909027e-08,2.5181642045030695e-08,-5.467434728765008e-10,4.936153606093972e-08
2026-06-17 21:45:00+00:00,4.389575713897711,2.4209247514834137e-08,2.519472620508137e-08,-5.34469667661683e-10,4.940397371991551e-08
2026-06-17 21:46:00+00:00,4.393167648135544,2.4237295058435488e-08,2.5207105148323373e-08,-5.22134771984372e-10,4.944440020675886e-08
2026-06-17 21:47:00+00:00,4.396580647998681,2.426403578069747e-08,2.5218778102107176e-08,-5.097411666256573e-10,4.948281388280465e-08
2026-06-17 21:48:00+00:00,4.399814522909281,2.4289466288628902e-08,2.5229743130079223e-08,-4.97291154917005e-10,4.9519209418708124e-08
2026-06-17 21:49:00+00:00,4.402869092591558,2.4313587228504508e-08,2.5240001142591005e-08,-4.847867044598892e-10,4.955358837109551e-08
2026-06-17 21:50:00+00:00,4.405744187114043,2.433639624247995e-08,2.5249550975265017e-08,-4.722303330416781e-10,4.958594721774497e-08
2026-06-17 21:51:00+00:00,4.4084396486047925,2.4357891447364055e-08,2.5258393236101057e-08,-4.596241835028223e-10,4.961628468346511e-08
2026-06-17 21:52:00+00:00,4.410955324183034,2.4378071963270628e-08,2.5266526217144577e-08,-4.46970440501825e-10,4.96445981804152e-08
2026-06-17 21:53:00+00:00,4.413291076801177,2.4396936824488288e-08,2.527395020654583e-08,-4.342712411878664e-10,4.967088703103412e-08
2026-06-17 21:54:00+00:00,4.415446777901715,2.441448455038762e-08,2.5280663944279448e-08,-4.2152916512151453e-10,4.969514849466707e-08
2026-06-17 21:55:00+00:00,4.417422309310865,2.4430714118804302e-08,2.52866684710308e-08,-4.087460890911125e-10,4.97173825898351e-08
2026-06-17 21:56:00+00:00,4.4192175632189645,2.4445624368918012e-08,2.5291962570738397e-08,-3.9592458809029193e-10,4.973758693965641e-08
2026-06-17 21:57:00+00:00,4.420832442202348,2.4459215434099737e-08,2.5296548057234777e-08,-3.8306668195830646e-10,4.975576349133451e-08
2026-06-17 21:58:00+00:00,4.422266859227484,2.4471485876679868e-08,2.5300421389037147e-08,-3.701748313427345e-10,4.977190726571701e-08
2026-06-17 21:59:00+00:00,4.4235207376510015,2.4482434478743362e-08,2.530358497116864e-08,-3.572511263099473e-10,4.9786019449912e-08
2026-06-17 22:00:00+00:00,4.424594011240939,2.4492061555584615e-08,2.5306036947325758e-08,-3.442978402573668e-10,4.979809850291037e-08
2026-06-17 22:01:00+00:00,4.425486624154994,2.4500366209611814e-08,2.5307779402530842e-08,-3.3131728194761033e-10,4.980814561214265e-08
2026-06-17 22:02:00+00:00,4.426198531376693,2.450734812535522e-08,2.5308809983417594e-08,-3.1831183057699223e-10,4.981615810877281e-08
2026-06-17 22:03:00+00:00,4.4267296969284615,2.4513006597114944e-08,2.530912916739221e-08,-3.0528346598748437e-10,4.982213576450716e-08
2026-06-17 22:04:00+00:00,4.427080096731017,2.4517340795355133e-08,2.5308737928313244e-08,-2.922347502620719e-10,4.982607872366837e-08
2026-06-17 22:05:00+00:00,4.427249716583155,2.452035201552903e-08,2.5307635706476108e-08,-2.791678051541446e-10,4.9827987722005134e-08
2026-06-17 22:06:00+00:00,4.427238552689414,2.452203890772315e-08,2.5305823331707527e-08,-2.660848994299407e-10,4.9827862239430674e-08
2026-06-17 22:07:00+00:00,4.4270466116655935,2.452240237154995e-08,2.5303300106821083e-08,-2.5298844944677524e-10,4.982570247837103e-08
2026-06-17 22:08:00+00:00,4.426673910538928,2.452144233271869e-08,2.5300065812703257e-08,-2.3988046608135683e-10,4.982150814542195e-08
2026-06-17 22:09:00+00:00,4.426120476741663,2.4519157862359737e-08,2.5296121072942486e-08,-2.2676340312818242e-10,4.9815278935302227e-08
2026-06-17 22:10:00+00:00,4.425386348112272,2.4515550400467094e-08,2.529146626001876e-08,-2.136393091474248e-10,4.9807016660485854e-08
2026-06-17 22:11:00+00:00,4.424471572888165,2.451061981607922e-08,2.5286101313019747e-08,-2.0051078700235357e-10,4.9796721129098964e-08
2026-06-17 22:12:00+00:00,4.423376209708094,2.4504366078710824e-08,2.528002628443864e-08,-1.8737992392709035e-10,4.9784392363149465e-08
2026-06-17 22:13:00+00:00,4.422100327601119,2.4496790213336895e-08,2.5273242433833423e-08,-1.7424884526753853e-10,4.977003264717032e-08
2026-06-17 22:14:00+00:00,4.42064400494677,2.4487893335257314e-08,2.5265749665728237e-08,-1.6112008103417907e-10,4.975364300098555e-08
2026-06-17 22:15:00+00:00,4.419007333501119,2.4477674062489268e-08,2.5257548026818938e-08,-1.4799580108178865e-10,4.97352220893082e-08
2026-06-17 22:16:00+00:00,4.417190412516678,2.44661353833728e-08,2.5248638196154365e-08,-1.3487820709004206e-10,4.971477357952716e-08
2026-06-17 22:17:00+00:00,4.415193352536853,2.4453276216795796e-08,2.5239018969472282e-08,-1.2176965220819098e-10,4.969229518626808e-08
2026-06-17 22:18:00+00:00,4.413016274462351,2.443909987960471e-08,2.5228693995024127e-08,-1.0867230755009741e-10,4.966779387462884e-08
2026-06-17 22:19:00+00:00,4.410659309543554,2.4423605132556395e-08,2.5217662294516485e-08,-9.558830959792177e-11,4.964126742707288e-08
2026-06-17 22:20:00+00:00,4.40812259937828,2.4406793582248785e-08,2.5205922273266768e-08,-8.252016622883426e-11,4.961271585551555e-08
2026-06-17 22:21:00+00:00,4.40540629588109,2.4388665621689215e-08,2.519347737096234e-08,-6.947013010746052e-11,4.9582142992651555e-08
2026-06-17 22:22:00+00:00,4.402510561298733,2.4369225205896756e-08,2.5180328405656814e-08,-5.644027220033654e-11,4.954955361155357e-08
2026-06-17 22:23:00+00:00,4.399435568182138,2.4348470897657084e-08,2.5166473208903557e-08,-4.343296171326897e-11,4.951494410656064e-08
2026-06-17 22:24:00+00:00,4.396181499380376,2.432640517959771e-08,2.5151915375512283e-08,-3.0450423741067835e-11,4.947832055510999e-08
2026-06-17 22:25:00+00:00,4.3927485456674376,2.430302965580972e-08,2.513665330211615e-08,-1.7494736556211814e-11,4.943968295792587e-08
2026-06-17 22:26:00+00:00,4.389136915036091,2.4278345380398435e-08,2.5120689578348624e-08,-4.568470004039874e-12,4.939903495874706e-08
2026-06-17 22:27:00+00:00,4.385346818906863,2.425235439567172e-08,2.510402337285079e-08,8.326363720761094e-12,4.935637776852251e-08
2026-06-17 22:28:00+00:00,4.381378481175063,2.4225058267511324e-08,2.5086657452119424e-08,2.1187450391395956e-11,4.9311715719630745e-08
2026-06-17 22:29:00+00:00,4.377232135961388,2.4196458421802937e-08,2.5068589590136714e-08,3.401269285506319e-11,4.926504801193965e-08
2026-06-17 22:30:00+00:00,4.372908027601738,2.4166557457587313e-08,2.504982478151969e-08,4.6799768163351645e-11,4.9216382239107e-08
2026-06-17 22:31:00+00:00,4.368406410602422,2.4135356639514767e-08,2.5030359746550807e-08,5.954642216010393e-11,4.9165716386065574e-08
2026-06-17 22:32:00+00:00,4.3637275496635795,2.41028586439569e-08,2.5010198061384048e-08,7.225039607939474e-11,4.911305670534095e-08
2026-06-17 22:33:00+00:00,4.358871719633777,2.406906493206883e-08,2.4989339584816685e-08,8.490961031560707e-11,4.9058404516885516e-08
2026-06-17 22:34:00+00:00,4.353839205497315,2.4033978734324753e-08,2.4967785926722892e-08,9.7521795630451e-11,4.900176466104764e-08
2026-06-17 22:35:00+00:00,4.348630302363601,2.3997601826984474e-08,2.4945538260614405e-08,1.1008475109067883e-10,4.894314008759888e-08
2026-06-17 22:36:00+00:00,4.343245311741941,2.3959935809357706e-08,2.4922596009102224e-08,1.2259627305616066e-10,4.8882531818459926e-08
2026-06-17 22:37:00+00:00,4.337684556133802,2.3920984154945578e-08,2.489896300978508e-08,1.3505417956053786e-10,4.881994716473065e-08
2026-06-17 22:38:00+00:00,4.331948357310632,2.388074877817505e-08,2.4874636718764127e-08,1.4745643953325198e-10,4.875538549693918e-08
2026-06-17 22:39:00+00:00,4.326037050627524,2.3839233157326084e-08,2.4849622758781845e-08,1.5980038554438456e-10,4.8688855916107925e-08
2026-06-17 22:40:00+00:00,4.319950981456487,2.3796438957260138e-08,2.482391829428567e-08,1.7208441329672093e-10,4.862035725154581e-08
2026-06-17 22:41:00+00:00,4.313690505121013,2.375237008792319e-08,2.4797527707485377e-08,1.8430595273431278e-10,4.854989779540857e-08
2026-06-17 22:42:00+00:00,4.307255986935145,2.370702757111111e-08,2.4770449109481768e-08,1.9646305418745374e-10,4.8477476680592876e-08
2026-06-17 22:43:00+00:00,4.300647802137818,2.366041718056027e-08,2.474268746422462e-08,2.08553539610214e-10,4.8403104644784885e-08
2026-06-17 22:44:00+00:00,4.293866335874716,2.3612539532707176e-08,2.4714241099062677e-08,2.2057503933231553e-10,4.832678063176985e-08
2026-06-17 22:45:00+00:00,4.2869119831861235,2.3563397727296077e-08,2.468511118358083e-08,2.3252576647191998e-10,4.8248508910876904e-08
2026-06-17 22:46:00+00:00,4.279785148929607,2.351299639154138e-08,2.4655301910984333e-08,2.4440322554984613e-10,4.816829830252571e-08
2026-06-17 22:47:00+00:00,4.27248624287431,2.34613375736038e-08,2.4624812062089686e-08,2.5620558146640557e-10,4.8086149635693485e-08
2026-06-17 22:48:00+00:00,4.265015699317869,2.3408425588155207e-08,2.4593644687542805e-08,2.679304259286847e-10,4.800207027569801e-08
2026-06-17 22:49:00+00:00,4.257373947700271,2.33542635090796e-08,2.4561800058621818e-08,2.7957594443594193e-10,4.791606356770142e-08
2026-06-17 22:50:00+00:00,4.2495614320523405,2.3298854193048505e-08,2.4529281155095267e-08,2.9113986775656487e-10,4.782813534814377e-08
2026-06-17 22:51:00+00:00,4.241578606072762,2.3242202380919265e-08,2.449608741637854e-08,3.0261995474809144e-10,4.773828979729781e-08
2026-06-17 22:52:00+00:00,4.233425933179767,2.3184310758485417e-08,2.4462222580486163e-08,3.1401443529106045e-10,4.764653333897158e-08
2026-06-17 22:53:00+00:00,4.225103886424772,2.3125182582141795e-08,2.4427685933313465e-08,3.253207926907345e-10,4.7552868515455256e-08
2026-06-17 22:54:00+00:00,4.216612948473116,2.3064822872561582e-08,2.4392481787231695e-08,3.3653753384914143e-10,4.7457304659793274e-08
2026-06-17 22:55:00+00:00,4.207953611588823,2.3003236146208994e-08,2.4356609637546395e-08,3.4766193944478725e-10,4.735984578375539e-08
2026-06-17 22:56:00+00:00,4.199126377535496,2.2940424026655384e-08,2.4320072364337715e-08,3.586923130729873e-10,4.7260496390993095e-08
2026-06-17 22:57:00+00:00,4.19013175763775,2.2876391811420593e-08,2.4282871493559215e-08,3.696265433719265e-10,4.7159263304979804e-08
2026-06-17 22:58:00+00:00,4.180970272683837,2.2811144173124592e-08,2.424500774291516e-08,3.804627303518037e-10,4.7056151916039755e-08
2026-06-17 22:59:00+00:00,4.17164244659459,2.2744684620784645e-08,2.4206484419408818e-08,3.911985634260423e-10,4.695116904019346e-08
2026-06-17 23:00:00+00:00,4.162148831537596,2.2677017771983973e-08,2.4167302576506166e-08,4.018322231736015e-10,4.6844320348490135e-08
2026-06-17 23:01:00+00:00,4.1524899702887375,2.2608147079105648e-08,2.41274637215798e-08,4.1236148891308776e-10,4.673561080068545e-08
2026-06-17 23:02:00+00:00,4.142666421208365,2.2538078413417867e-08,2.408697116928828e-08,4.227846410861245e-10,4.6625049582706146e-08
2026-06-17 23:03:00+00:00,4.132678751936223,2.2466814512396268e-08,2.4045824871968842e-08,4.330993592494765e-10,4.651263938436511e-08
2026-06-17 23:04:00+00:00,4.122527539368211,2.2394361426361195e-08,2.400402743488695e-08,4.4330393910045213e-10,4.6398388861248146e-08
2026-06-17 23:05:00+00:00,4.112213369637547,2.2320722668365617e-08,2.396158119937847e-08,4.533962227855901e-10,4.6282303867744085e-08
2026-06-17 23:06:00+00:00,4.101736837998192,2.2245904346681177e-08,2.391848824163267e-08,4.6337411479749916e-10,4.616439258831385e-08
2026-06-17 23:07:00+00:00,4.091098548899376,2.216990979313328e-08,2.3874750737981876e-08,4.732360616873604e-10,4.604466053111516e-08
2026-06-17 23:08:00+00:00,4.080299115867642,2.2092744814960143e-08,2.383036987001362e-08,4.829799451719978e-10,4.5923114684973763e-08
2026-06-17 23:09:00+00:00,4.069339161484795,2.2014413635464592e-08,2.3785348558516528e-08,4.926036721073486e-10,4.5799762193981116e-08
2026-06-17 23:10:00+00:00,4.0582193098561845,2.193492144775743e-08,2.3739687739315363e-08,5.021052176030793e-10,4.567460918707279e-08
2026-06-17 23:11:00+00:00,4.046940216420155,2.1854274225169326e-08,2.3693391595536512e-08,5.114829682628733e-10,4.5547665820705834e-08
2026-06-17 23:12:00+00:00,4.035502523285899,2.1772476379636366e-08,2.364646162370508e-08,5.207350222930633e-10,4.5418938003341444e-08
2026-06-17 23:13:00+00:00,4.023906888828643,2.168953283838235e-08,2.359889730655109e-08,5.298593117444639e-10,4.528843014493344e-08
2026-06-17 23:14:00+00:00,4.0121539802617265,2.1605448852779346e-08,2.3550703327120106e-08,5.388540879772606e-10,4.5156152179899455e-08
2026-06-17 23:15:00+00:00,4.000244473614616,2.152023083383951e-08,2.350188337080632e-08,5.477172578036568e-10,4.502211420464583e-08
2026-06-17 23:16:00+00:00,3.988179053597834,2.143388253054792e-08,2.3452435657756355e-08,5.564472496545309e-10,4.4886318188304276e-08
2026-06-17 23:17:00+00:00,3.9759584136891104,2.1346411059704252e-08,2.3402365612842546e-08,5.650419996557322e-10,4.47487766725468e-08
2026-06-17 23:18:00+00:00,3.963583255998973,2.125782081592174e-08,2.335167611179304e-08,5.734997626187399e-10,4.460949692771478e-08
2026-06-17 23:19:00+00:00,3.9510542912454283,2.116811794836985e-08,2.330036684286008e-08,5.81818687678169e-10,4.4468484791229934e-08
2026-06-17 23:20:00+00:00,3.9383722387287885,2.1077308868202024e-08,2.3248441689277583e-08,5.899970212060765e-10,4.432575055747961e-08
2026-06-17 23:21:00+00:00,3.9255378175323212,2.098539771613487e-08,2.319590271297755e-08,5.980328557590056e-10,4.4181300429112417e-08
2026-06-17 23:22:00+00:00,3.9125517811417385,2.0892392308027394e-08,2.3142753250065055e-08,6.059244685318157e-10,4.403514555809245e-08
2026-06-17 23:23:00+00:00,3.8994148656627954,2.0798296292407477e-08,2.308899454524176e-08,6.136702377315721e-10,4.388729083764923e-08
2026-06-17 23:24:00+00:00,3.886127824118208,2.070311801790008e-08,2.3034630757713527e-08,6.212681140348602e-10,4.373774877561361e-08
2026-06-17 23:25:00+00:00,3.8726914178669265,2.0606861317284062e-08,2.2979661397994437e-08,6.287165317991622e-10,4.35865227152785e-08
2026-06-17 23:26:00+00:00,3.8591064164523425,2.0509533624296058e-08,2.292409199006614e-08,6.360136524236845e-10,4.34336256143622e-08
2026-06-17 23:27:00+00:00,3.8453735977007306,2.0411141258821507e-08,2.2867923864262747e-08,6.431579364073285e-10,4.3279065123084254e-08
2026-06-17 23:28:00+00:00,3.8314937475689894,2.0311689723889686e-08,2.281116044459401e-08,6.501475158497013e-10,4.31228501684837e-08
2026-06-17 23:29:00+00:00,3.8174676601164452,2.021118543650305e-08,2.275380287351138e-08,6.569807107227384e-10,4.296498831001443e-08
2026-06-17 23:30:00+00:00,3.8032961374783643,2.010963530952923e-08,2.269585566253668e-08,6.636558997358757e-10,4.280549097206591e-08
2026-06-17 23:31:00+00:00,3.788979989705898,2.0007045436905318e-08,2.263731912555488e-08,6.701712985318215e-10,4.2644364562460196e-08
2026-06-17 23:32:00+00:00,3.774520025125236,1.9903421657132735e-08,2.2578198392644494e-08,6.765254304643895e-10,4.248162004977723e-08
2026-06-17 23:33:00+00:00,3.7599170890605182,1.979877106150802e-08,2.2518494335173702e-08,6.827164802537751e-10,4.231726539668172e-08
2026-06-17 23:34:00+00:00,3.7451720056239406,1.9693101372126087e-08,2.2458211981465906e-08,6.887430503894637e-10,4.215131335359199e-08
2026-06-17 23:35:00+00:00,3.730285616378331,1.9586417375609258e-08,2.2397351532506342e-08,6.946033310288176e-10,4.1983768908115596e-08
2026-06-17 23:36:00+00:00,3.715258770520966,1.9478726260361474e-08,2.2335916006700334e-08,7.002958650067297e-10,4.1814642267061805e-08
2026-06-17 23:37:00+00:00,3.7000923249927586,1.9370036602839277e-08,2.2273910967456173e-08,7.058188472504982e-10,4.164394757029545e-08
2026-06-17 23:38:00+00:00,3.6847871443104996,1.926035370986452e-08,2.221133704771174e-08,7.111708989142088e-10,4.147169075757626e-08
2026-06-17 23:39:00+00:00,3.6693441005358736,1.9149684274391815e-08,2.2148197241079666e-08,7.163505878215068e-10,4.129788151547148e-08
2026-06-17 23:40:00+00:00,3.6537640732465717,1.903803607676365e-08,2.2084495443091772e-08,7.213560227333515e-10,4.1122531519855423e-08
2026-06-17 23:41:00+00:00,3.6380479493606415,1.892541571467343e-08,2.2020233532856925e-08,7.261859962111393e-10,4.0945649247530356e-08
2026-06-17 23:42:00+00:00,3.622196623251618,1.881183015629988e-08,2.195541456424487e-08,7.308388231608051e-10,4.076724472054475e-08
2026-06-17 23:43:00+00:00,3.606210996572035,1.8697286678909014e-08,2.189004239937105e-08,7.353131886958317e-10,4.0587329078280066e-08
2026-06-17 23:44:00+00:00,3.5900919673688425,1.8581792465243967e-08,2.1824118860651393e-08,7.396075323683423e-10,4.0405911325895363e-08
