time_utc,u_E_m,u_N_m,u_U_m,eps_NN,eps_EE,eps_NE,areal_strain
2026-06-16 23:48:00+00:00,-0.06106245848622821,-0.013330440363365378,0.19313706204500708,1.3633918493448558e-08,2.0037521003385247e-08,8.906367201115384e-10,3.367143949683381e-08
2026-06-16 23:49:00+00:00,-0.06131312906519453,-0.01315524067859801,0.19167169911272458,1.3467766674450084e-08,1.9944213638457878e-08,8.82089675724451e-10,3.341198031290796e-08
2026-06-16 23:50:00+00:00,-0.061560367790026854,-0.01297959747153865,0.19020054755556695,1.330101970842285e-08,1.9850480294779777e-08,8.732665284870005e-10,3.315150000320263e-08
2026-06-16 23:51:00+00:00,-0.06180416338550402,-0.01280352575050063,0.18872369160020275,1.3133688398363819e-08,1.9756325401575716e-08,8.641666446252539e-10,3.2890013799939536e-08
2026-06-16 23:52:00+00:00,-0.06204450480517954,-0.012627040566132633,0.18724121574379643,1.2965783580629042e-08,1.9661753403202822e-08,8.547894145788689e-10,3.262753698383186e-08
2026-06-16 23:53:00+00:00,-0.06228138123192369,-0.012450157010248,0.18575320474563287,1.2797316123433504e-08,1.956676875877483e-08,8.451342531828523e-10,3.236408488220833e-08
2026-06-16 23:54:00+00:00,-0.06251478208033441,-0.012272890213505042,0.18425974361165876,1.2628296925187902e-08,1.947137594143844e-08,8.35200599644026e-10,3.209967286662634e-08
2026-06-16 23:55:00+00:00,-0.0627446969976541,-0.012095255343970338,0.18276091758921148,1.2458736913747009e-08,1.937557943808434e-08,8.249879172403003e-10,3.183431635183135e-08
2026-06-16 23:56:00+00:00,-0.06297111586179188,-0.011917267607933088,0.18125681217358144,1.2288647047114416e-08,1.927938374976783e-08,8.144956939221082e-10,3.156803079688224e-08
2026-06-16 23:57:00+00:00,-0.06319402878389135,-0.011738942247257855,0.1797475130917578,1.21180383113429e-08,1.9182793390692253e-08,8.037234422546355e-10,3.130083170203515e-08
2026-06-16 23:58:00+00:00,-0.06341342610795866,-0.01156029453908422,0.17823310630433614,1.1946921720746263e-08,1.908581288857407e-08,7.926706991992168e-10,3.1032734609320336e-08
2026-06-16 23:59:00+00:00,-0.06362929840521003,-0.01138133979966044,0.17671367801099314,1.1775308318620517e-08,1.898844678487453e-08,7.813370265921578e-10,3.0763755103495046e-08
2026-06-17 00:00:00+00:00,-0.06384163650453466,-0.011202093358640794,0.17518931455418016,1.160320916486219e-08,1.8890699629345348e-08,7.697220101990742e-10,3.049390879420754e-08
2026-06-17 00:01:00+00:00,-0.06405043144470607,-0.01102257059767052,0.17366010257588504,1.1430635356045837e-08,1.8792575989202873e-08,7.57825261338208e-10,3.0223211345248713e-08
2026-06-17 00:02:00+00:00,-0.0642556745092954,-0.01084278692089262,0.1721261288861846,1.1257598008218362e-08,1.8694080441707122e-08,7.45646415729974e-10,2.9951678449925484e-08
2026-06-17 00:03:00+00:00,-0.06445735721708098,-0.010662757762166894,0.1705874805006178,1.1084108262097881e-08,1.859521757552833e-08,7.331851339486118e-10,2.967932583762621e-08
2026-06-17 00:04:00+00:00,-0.06465547132438268,-0.0104824985822842,0.16904424462133746,1.0910177280692e-08,1.8495991990894558e-08,7.204411013888566e-10,2.940616927158656e-08
2026-06-17 00:05:00+00:00,-0.06485000882325916,-0.010302024869746573,0.16749650864560822,1.0735816249807425e-08,1.8396408299672695e-08,7.074140283104705e-10,2.913222454948012e-08
2026-06-17 00:06:00+00:00,-0.06504096194388428,-0.010121352137939937,0.16594436014711464,1.0561036376041848e-08,1.8296471123795138e-08,6.941036499447695e-10,2.8857507499836985e-08
2026-06-17 00:07:00+00:00,-0.0652283231523158,-0.009940495926399631,0.16438788689032313,1.0385848888312629e-08,1.8196185097162612e-08,6.805097265845094e-10,2.858203398547524e-08
2026-06-17 00:08:00+00:00,-0.0654120851564731,-0.009759471794396193,0.16282717678100478,1.0210265032044279e-08,1.8095554861870727e-08,6.666320431686226e-10,2.8305819893915004e-08
2026-06-17 00:09:00+00:00,-0.06559224089916146,-0.009578295326791303,0.16126231791789752,1.0034296074924626e-08,1.7994585072093006e-08,6.524704101121841e-10,2.8028881147017633e-08
2026-06-17 00:10:00+00:00,-0.0657687835566848,-0.009396982134358661,0.1596933985719197,9.857953304917388e-09,1.78932803921678e-08,6.38024663038036e-10,2.775123369708519e-08
2026-06-17 00:11:00+00:00,-0.06594170656574534,-0.009215547827942816,0.15812050708711475,9.6812480172126e-09,1.7791645491374954e-08,6.232946616256178e-10,2.7472893508587552e-08
2026-06-17 00:12:00+00:00,-0.06611100358188614,-0.009034008056143128,0.1565437320293589,9.504191533290698e-09,1.7689685052407097e-08,6.08280291640418e-10,2.7193876585697795e-08
2026-06-17 00:13:00+00:00,-0.06627666850676384,-0.008852378479340353,0.15496316208584957,9.326795187968755e-09,1.7587403765918386e-08,5.929814637395875e-10,2.6914198953887142e-08
2026-06-17 00:14:00+00:00,-0.06643869548304444,-0.008670674773377296,0.15337888607346842,9.149070330487286e-09,1.7484806330791104e-08,5.7739811369631e-10,2.663387666127839e-08
2026-06-17 00:15:00+00:00,-0.06659707889244043,-0.008488912630752313,0.15179099295102189,8.971028326005513e-09,1.7381897454819638e-08,5.615302026749939e-10,2.635292578082515e-08
2026-06-17 00:16:00+00:00,-0.06675181336050212,-0.008307107754357279,0.15019957176898346,8.792680549392215e-09,1.727868185184866e-08,5.453777167376074e-10,2.6071362401240876e-08
2026-06-17 00:17:00+00:00,-0.06690289375078992,-0.008125275863330506,0.14860471172717954,8.614038392026041e-09,1.7175164245783804e-08,5.289406673449771e-10,2.5789202637809845e-08
2026-06-17 00:18:00+00:00,-0.06705031516974103,-0.007943432686417895,0.1470065021184649,8.435113255133833e-09,1.707134936630446e-08,5.122190912391092e-10,2.5506462621438294e-08
2026-06-17 00:19:00+00:00,-0.0671940729647714,-0.00776159396335907,0.14540503234626873,8.255916551494395e-09,1.696724195111009e-08,4.952130503732526e-10,2.5223158502604484e-08
2026-06-17 00:20:00+00:00,-0.06733416272573087,-0.0075797754421644825,0.1438003919056693,8.076459703580792e-09,1.6862846743844665e-08,4.779226319366396e-10,2.4939306447425455e-08
2026-06-17 00:21:00+00:00,-0.06747058027749717,-0.00739799288637126,0.14219267042105926,7.896754147558353e-09,1.6758168497130718e-08,4.603479488696534e-10,2.465492264468907e-08
2026-06-17 00:22:00+00:00,-0.06760332170655459,-0.007216262045001524,0.14058195750623464,7.7168113163415e-09,1.665321196377435e-08,4.424891380830893e-10,2.437002328011585e-08
2026-06-17 00:23:00+00:00,-0.06773238332132586,-0.0070345986948761735,0.13896834295998184,7.536642663452216e-09,1.6547981908985044e-08,4.243463631627623e-10,2.408462457243726e-08
2026-06-17 00:24:00+00:00,-0.0678577616807762,-0.0068530186080168615,0.13735191660674487,7.356259643580367e-09,1.6442483100493747e-08,4.059198123919014e-10,2.3798742744074115e-08
2026-06-17 00:25:00+00:00,-0.06797945358528112,-0.0066715375610731445,0.13573276835059472,7.175673718863666e-09,1.6336720312187422e-08,3.872096995424741e-10,2.351239403105109e-08
2026-06-17 00:26:00+00:00,-0.06809745607797746,-0.006490171332445421,0.13411098815539188,6.994896356512966e-09,1.6230698322658564e-08,3.682162635958657e-10,2.322559467917153e-08
2026-06-17 00:27:00+00:00,-0.068211766444709,-0.006308935701545164,0.1324866660451483,6.813939028850322e-09,1.6124421915716938e-08,3.489397688486857e-10,2.293836094456726e-08
2026-06-17 00:28:00+00:00,-0.06832238221462865,-0.006127846446406585,0.13085989208343893,6.632813210642001e-09,1.601789587872293e-08,3.2938050479814237e-10,2.265070908936493e-08
2026-06-17 00:29:00+00:00,-0.06842930115926059,-0.005946919344204424,0.12923075638438036,6.451530380358528e-09,1.5911125003505124e-08,3.0953878635958173e-10,2.236265538386365e-08
2026-06-17 00:30:00+00:00,-0.06853252129257367,-0.005766170170147557,0.1275993491086758,6.2701020197478075e-09,1.5804114086800443e-08,2.8941495382062065e-10,2.207421610654825e-08
2026-06-17 00:31:00+00:00,-0.06863204087182512,-0.005585614694787654,0.1259657604412225,6.088539610710774e-09,1.5696867927854262e-08,2.690093725359452e-10,2.1785407538565035e-08
2026-06-17 00:32:00+00:00,-0.06872785839761103,-0.005405268682723778,0.1243300805860015,5.906854635154656e-09,1.558939132879655e-08,2.483224331851258e-10,2.1496245963951206e-08
2026-06-17 00:33:00+00:00,-0.06881997260730696,-0.005225147900512719,0.12269239981194527,5.725058580002725e-09,1.5481689097834843e-08,2.2735455229510442e-10,2.1206747677837568e-08
2026-06-17 00:34:00+00:00,-0.0689083824975526,-0.0050452680857560606,0.12105280829925333,5.5431629186277304e-09,1.537376603934058e-08,2.0610616997959547e-10,2.091692895796831e-08
2026-06-17 00:35:00+00:00,-0.06899308729126917,-0.00486564498880844,0.11941139633775692,5.3611791348715854e-09,1.5265626966266045e-08,1.8457775317115717e-10,2.062680610113763e-08
2026-06-17 00:36:00+00:00,-0.06907408646008704,-0.004686294342028052,0.11776825417624434,5.179118704744998e-09,1.5157276690875217e-08,1.6276979348270882e-10,2.0336395395620216e-08
2026-06-17 00:37:00+00:00,-0.06915137971786839,-0.004507231867519945,0.1161234720682181,4.996993101812568e-09,1.50487200281777e-08,1.4068280764368264e-10,2.004571312999027e-08
2026-06-17 00:38:00+00:00,-0.06922496702070731,-0.004328473275815002,0.1144771402617025,4.8148137958503416e-09,1.4939961794657893e-08,1.1831733767676988e-10,1.9754775590508237e-08
2026-06-17 00:39:00+00:00,-0.06929484856738978,-0.004150034263344177,0.11282934898247463,4.632592250796359e-09,1.4831006807638278e-08,9.567395068165016e-11,1.9463599058434635e-08
2026-06-17 00:40:00+00:00,-0.06936102479918063,-0.003971930511420217,0.11118018843016614,4.450339924407504e-09,1.4721859885214768e-08,7.275323868148614e-11,1.9172199809622273e-08
2026-06-17 00:41:00+00:00,-0.0694234963991288,-0.0037941776863667717,0.10952974878340016,4.2680682683605384e-09,1.4612525846506811e-08,4.955581900554723e-11,1.888059411486735e-08
2026-06-17 00:42:00+00:00,-0.06948226429218589,-0.003616791437505665,0.10787812018481727,4.085788726720945e-09,1.450300951074432e-08,2.608233395937935e-11,1.8588798237465267e-08
2026-06-17 00:43:00+00:00,-0.06953732964503587,-0.0034397873962871486,0.10622539274177298,3.903512735778035e-09,1.4393315697724777e-08,2.3334508410763315e-12,1.8296828433502813e-08
2026-06-17 00:44:00+00:00,-0.06958869386183854,-0.003263181180707536,0.10457165653731973,3.721251725567276e-09,1.428344922808142e-08,-2.169013749618616e-11,1.8004700953648698e-08
2026-06-17 00:45:00+00:00,-0.0696363586010122,-0.003086988368255085,0.10291700150940758,3.5390171046644776e-09,1.4173414916145603e-08,-4.5987715157016885e-11,1.771243202081008e-08
2026-06-17 00:46:00+00:00,-0.06968032574860633,-0.0029112245362599293,0.10126151764615475,3.3568202843125036e-09,1.4063217582371016e-08,-7.055853921168895e-11,1.7420037866683518e-08
2026-06-17 00:47:00+00:00,-0.069720597436148,-0.0027359052313681714,0.09960529482780471,3.1746726588347792e-09,1.3952862043227464e-08,-9.540184277903303e-11,1.7127534702062242e-08
2026-06-17 00:48:00+00:00,-0.06975717603557886,-0.0025610459768615687,0.0979484228709046,2.9925856110097406e-09,1.3842353113892304e-08,-1.2051683402790208e-10,1.6834938724902044e-08
2026-06-17 00:49:00+00:00,-0.06979006415933495,-0.002386662269879415,0.0962909915083575,2.8105705097411666e-09,1.3731695607795247e-08,-1.4590269649135305e-10,1.654226611753641e-08
2026-06-17 00:50:00+00:00,-0.06981926465956212,-0.0022127695822168614,0.09463309039921633,2.6286387109641716e-09,1.3620894336504054e-08,-1.7155858879177169e-10,1.6249533047468226e-08
2026-06-17 00:51:00+00:00,-0.0698447806281161,-0.0020393833576198075,0.09297480910964258,2.446801555314299e-09,1.3509954109111668e-08,-1.974836450049831e-10,1.5956755664425968e-08
2026-06-17 00:52:00+00:00,-0.06986661539584535,-0.001866519012918913,0.09131623712812033,2.2650703698271988e-09,1.3398879733102328e-08,-2.236769743295779e-10,1.5663950102929526e-08
2026-06-17 00:53:00+00:00,-0.06988477253308371,-0.0016941919317203652,0.08965746381259254,2.0834564619379813e-09,1.328767601124523e-08,-2.5013766192392465e-10,1.537113247318321e-08
2026-06-17 00:54:00+00:00,-0.06989925584819857,-0.0015224174700338919,0.08799857844665243,1.9019711254052008e-09,1.3176347745021831e-08,-2.7686476778117e-10,1.507831887042703e-08
2026-06-17 00:55:00+00:00,-0.06991006938446435,-0.0013512109570599368,0.0863396702212621,1.7206256385478787e-09,1.3064899733559089e-08,-3.0385732709263243e-10,1.4785525372106969e-08
2026-06-17 00:56:00+00:00,-0.0699172174333373,-0.001180587668635491,0.0846808281147843,1.5394312498681256e-09,1.2953336766463348e-08,-3.31114352700969e-10,1.4492768016331473e-08
2026-06-17 00:57:00+00:00,-0.0699207045130718,-0.001010562865971884,0.08302214107502578,1.3583991994308076e-09,1.284166363497316e-08,-3.586348309547832e-10,1.4200062834403969e-08
2026-06-17 00:58:00+00:00,-0.0699205353822525,-0.0008411517688718811,0.08136369789656475,1.1775407042304675e-09,1.2729885124404771e-08,-3.8641772462986924e-10,1.390742582863524e-08
2026-06-17 00:59:00+00:00,-0.06991671503598695,-0.0006723695596728765,0.07970558723418206,9.968669598483352e-10,1.2618006015489726e-08,-4.1446197227142935e-10,1.361487297533806e-08
2026-06-17 01:00:00+00:00,-0.06990924870532561,-0.0005042313841661095,0.07804789761333056,8.16389141383171e-10,1.250603108464208e-08,-4.427664880958074e-10,1.3322420226025251e-08
2026-06-17 01:01:00+00:00,-0.06989814185667291,-0.00033675234737005205,0.07639071739486854,6.361183994055114e-10,1.2393965101737642e-08,-4.713301625457574e-10,1.3030083501143154e-08
2026-06-17 01:02:00+00:00,-0.06988340019148367,-0.0001699475154119251,0.07473413480172832,4.560658629795174e-10,1.2281812832414317e-08,-5.001518617614097e-10,1.2737878695393834e-08
2026-06-17 01:03:00+00:00,-0.06986502964562565,-3.831912764290513e-06,0.07307823789379957,2.762426364792791e-10,1.21695790362382e-08,-5.292304281089221e-10,1.2445821672717478e-08
2026-06-17 01:04:00+00:00,-0.06984303638884293,0.00016157947799866346,0.0714231145715628,9.665979994655556e-11,1.2057268466860423e-08,-5.585646798490841e-10,1.2153928266806979e-08
2026-06-17 01:05:00+00:00,-0.06981742682418976,0.0003262717189645506,0.06976885255699508,-8.267159297416874e-11,1.1944885871204475e-08,-5.88153411730531e-10,1.1862214278230306e-08
2026-06-17 01:06:00+00:00,-0.06978820758490639,0.0004902299090740539,0.06811553943894007,-2.6174051004163894e-10,1.1832435992369348e-08,-6.179953937285321e-10,1.1570695482327708e-08
2026-06-17 01:07:00+00:00,-0.0697553855442338,0.0006534392132177755,0.06646326252462907,-4.4053595813083983e-10,1.171992356003006e-08,-6.480893746005752e-10,1.1279387601899219e-08
2026-06-17 01:08:00+00:00,-0.06971896779913717,0.0008158848230312293,0.06481210903528034,-6.190469599086998e-10,1.1607353303122042e-08,-6.784340771486702e-10,1.0988306343213342e-08
2026-06-17 01:09:00+00:00,-0.0696789616800212,0.000977551985704702,0.06316216595907538,-7.97262571346965e-10,1.1494729940795199e-08,-7.090282015410975e-10,1.0697467369448234e-08
2026-06-17 01:10:00+00:00,-0.06963537474778335,0.0011384259966643016,0.06151352009411611,-9.751718769880552e-10,1.1382058184975402e-08,-7.39870424478943e-10,1.0406886307987346e-08
2026-06-17 01:11:00+00:00,-0.06958821479286874,0.0012984922016410598,0.05986625803282514,-1.1527639916272767e-09,1.126934273925448e-08,-7.70959399315119e-10,1.0116578747627204e-08
2026-06-17 01:12:00+00:00,-0.06953748983484498,0.001457735997470084,0.058220466162856394,-1.330028060325887e-09,1.1156588299712272e-08,-8.022937561143555e-10,9.826560239386385e-09
2026-06-17 01:13:00+00:00,-0.06948320812131674,0.0016161428343955328,0.05657623064531224,-1.5069532610783409e-09,1.1043799552656295e-08,-8.338721019682341e-10,9.536846291577953e-09
2026-06-17 01:14:00+00:00,-0.06942537812758348,0.0017736982153080047,0.054933637428720636,-1.6835288033875696e-09,1.0930981176422396e-08,-8.65693020816762e-10,9.247452373034826e-09
2026-06-17 01:15:00+00:00,-0.06936400855615207,0.0019303876973808635,0.053292772242061345,-1.8597439289407385e-09,1.081813784080377e-08,-8.977550734387667e-10,8.958393911863032e-09
2026-06-17 01:16:00+00:00,-0.06929910833540888,0.0020861968937555646,0.05165372057662394,-2.0355879139736855e-09,1.0705274205755463e-08,-9.300567979096951e-10,8.669686291781777e-09
2026-06-17 01:17:00+00:00,-0.06923068661895514,0.002241111475320013,0.050016567678063666,-2.2110500703169825e-09,1.0592394920870738e-08,-9.625967096483672e-10,8.381344850553755e-09
2026-06-17 01:18:00+00:00,-0.0691587527838625,0.0023951171628013752,0.048381398599009556,-2.386119739114349e-09,1.047950462953806e-08,-9.953733002756712e-10,8.09338489042371e-09
2026-06-17 01:19:00+00:00,-0.06908331643547076,0.0025481997565380762,0.04674829802956543,-2.5607863109866955e-09,1.036660795713992e-08,-1.0283850416170742e-09,7.805821646153224e-09
2026-06-17 01:20:00+00:00,-0.06900438739772388,0.002700345096186208,0.04511735051942458,-2.7350392000527984e-09,1.0253709526400835e-08,-1.0616303802304093e-09,7.518670326348037e-09
2026-06-17 01:21:00+00:00,-0.06892197571798488,0.0028515390903980017,0.043488640311300786,-2.908867863440745e-09,1.0140813945809729e-08,-1.0951077414012982e-09,7.231946082368984e-09
2026-06-17 01:22:00+00:00,-0.06883609166528358,0.0030017677089620894,0.0418622513936715,-3.0822617951721502e-09,1.0027925814054565e-08,-1.1288155280086563e-09,6.945664018882414e-09
2026-06-17 01:23:00+00:00,-0.06874674572959223,0.0031510169846571505,0.04023826748759658,-3.255210528035567e-09,9.915049718499594e-09,-1.1627521206048833e-09,6.659839190464027e-09
2026-06-17 01:24:00+00:00,-0.06865394862029625,0.0032992730146884815,0.03861677203478113,-3.4277036348284947e-09,9.802190234829375e-09,-1.1969158777999743e-09,6.3744866000008794e-09
2026-06-17 01:25:00+00:00,-0.06855771126531125,0.003446521962434026,0.03699784818968161,-3.59973072928336e-09,9.689351926736978e-09,-1.2313051364763572e-09,6.089621197453618e-09
2026-06-17 01:26:00+00:00,-0.06845804481101891,0.0035927500564977826,0.03538157883011234,-3.771281465239838e-09,9.576539346215793e-09,-1.2659182113351874e-09,5.805257880975954e-09
2026-06-17 01:27:00+00:00,-0.06835496062070136,0.003737943593315687,0.03376804653817052,-3.942345538730138e-09,9.463757032860277e-09,-1.3007533955513328e-09,5.521411494130139e-09
2026-06-17 01:28:00+00:00,-0.0682484702740146,0.003882088937250696,0.03215733360537299,-4.1129126874619326e-09,9.35100951439862e-09,-1.3358089605222042e-09,5.238096826936688e-09
2026-06-17 01:29:00+00:00,-0.0681385855647186,0.0040251725166183736,0.03054952204532302,-4.282972689538307e-09,9.238301307082203e-09,-1.3710831553252345e-09,4.955328617543896e-09
2026-06-17 01:30:00+00:00,-0.06802531850285586,0.004167180848950002,0.028944693463218214,-4.452515378607807e-09,9.125636907324529e-09,-1.4065742106623934e-09,4.673121528716722e-09
2026-06-17 01:31:00+00:00,-0.06790868131051467,0.004308100503356354,0.027342929267353024,-4.6215306194040575e-09,9.013020806330745e-09,-1.4422803327324269e-09,4.391490186926688e-09
2026-06-17 01:32:00+00:00,-0.06778868642209675,0.004447918128601845,0.02574431050205798,-4.790008327324921e-09,8.90045747836362e-09,-1.4781997077784682e-09,4.110449151038698e-09
2026-06-17 01:33:00+00:00,-0.06766534648378866,0.00458662044643501,0.024148917895037408,-4.957938462980358e-09,8.787951384256832e-09,-1.5143305009568888e-09,3.830012921276474e-09
2026-06-17 01:34:00+00:00,-0.06753867435144201,0.004724194253946653,0.02255683183812196,-5.125311034247114e-09,8.675506970562819e-09,-1.5506708567050301e-09,3.5501959363157046e-09
2026-06-17 01:35:00+00:00,-0.06740868309090303,0.004860626422924855,0.020968132397664957,-5.292116095590849e-09,8.563128669808134e-09,-1.5872188984568186e-09,3.2710125742172856e-09
2026-06-17 01:36:00+00:00,-0.06727538597585177,0.004995903902102177,0.019382899296662946,-5.458343749937501e-09,8.450820899637327e-09,-1.6239727292108123e-09,2.9924771496998264e-09
2026-06-17 01:37:00+00:00,-0.0671387964881911,0.0051300137166417435,0.01780121192676098,-5.623984147557735e-09,8.338588063767787e-09,-1.660930431099452e-09,2.7146039162100526e-09
2026-06-17 01:38:00+00:00,-0.06699892831451694,0.005262942971781193,0.016223149313935304,-5.7890274897425835e-09,8.226434549614402e-09,-1.6980900664059281e-09,2.4374070598718187e-09
2026-06-17 01:39:00+00:00,-0.06685579534752512,0.005394678851095928,0.014648790142067655,-5.953464026604891e-09,8.114364730196145e-09,-1.735449676752904e-09,2.1609007035912543e-09
2026-06-17 01:40:00+00:00,-0.06670941168409761,0.00552520861250707,0.013078212770015585,-6.11728405507925e-09,8.002382964925238e-09,-1.773007282680556e-09,1.885098909845988e-09
2026-06-17 01:41:00+00:00,-0.06655979162313169,0.0056545196138904075,0.011511495089374305,-6.280477935044127e-09,7.890493590828569e-09,-1.8107608880279504e-09,1.6100156557844418e-09
2026-06-17 01:42:00+00:00,-0.06640694966556736,0.005782599277339729,0.00994871472149643,-6.44303606719759e-09,7.7787009352449e-09,-1.8487084735827305e-09,1.335664868047311e-09
2026-06-17 01:43:00+00:00,-0.06625090051319164,0.005909435114017671,0.008389948884336026,-6.604948908286872e-09,7.667009307031442e-09,-1.886848001502997e-09,1.0620603987445699e-09
2026-06-17 01:44:00+00:00,-0.06609165906790514,0.006035014718830066,0.006835274425824679,-6.766206967262392e-09,7.555422999583772e-09,-1.925177414222288e-09,7.8921603232138e-10
2026-06-17 01:45:00+00:00,-0.06592924042939864,0.006159325772285158,0.005284767803378745,-6.926800807826877e-09,7.443946288628258e-09,-1.9636946348402333e-09,5.17145480801381e-10
2026-06-17 01:46:00+00:00,-0.06576365989393605,0.006282356041384753,0.0037385050813078897,-7.08672104878089e-09,7.332583432546171e-09,-2.0023975673683184e-09,2.4586238376528114e-10
2026-06-17 01:47:00+00:00,-0.06559493295463978,0.006404093379520675,0.0021965619417763506,-7.245958362714102e-09,7.221338673364629e-09,-2.041284096427935e-09,-2.4619689349472832e-11
2026-06-17 01:48:00+00:00,-0.06542307529915208,0.006524525728186804,0.0006590136654545348,-7.404503478606406e-09,7.11021623523811e-09,-2.0803520877757756e-09,-2.9428724336829593e-10
2026-06-17 01:49:00+00:00,-0.06524810280899104,0.006643641117581157,-0.0008740648662210562,-7.562347181482943e-09,6.999220324826688e-09,-2.119599388230217e-09,-5.631268566562551e-10
2026-06-17 01:50:00+00:00,-0.06507003155707511,0.00676142766817568,-0.0024025991847277917,-7.71948031379535e-09,6.8883551304976075e-09,-2.1590238261138515e-09,-8.311251832977423e-10
2026-06-17 01:51:00+00:00,-0.06488887780933728,0.0068778735848980255,-0.00392651519380468,-7.875893771459572e-09,6.777624825140268e-09,-2.1986232099163535e-09,-1.0982689463193042e-09
2026-06-17 01:52:00+00:00,-0.06470465801845407,0.0069929671813821065,-0.005445739312249429,-8.031578519589563e-09,6.667033556283806e-09,-2.2383953330877194e-09,-1.3645449633057567e-09
2026-06-17 01:53:00+00:00,-0.0645173888287657,0.007106696846470609,-0.006960198279639448,-8.18652557101621e-09,6.5565854598351136e-09,-2.2783379674977576e-09,-1.6299401111810966e-09
2026-06-17 01:54:00+00:00,-0.06432708706999365,0.007219051068614172,-0.008469819299897485,-8.340726002115814e-09,6.4462846502284524e-09,-2.3184488682304408e-09,-1.894441351887362e-09
2026-06-17 01:55:00+00:00,-0.0641337697589217,0.007330018429818442,-0.00997452999918966,-8.494170948687619e-09,6.336135223232576e-09,-2.358725772257254e-09,-2.1580357254550432e-09
2026-06-17 01:56:00+00:00,-0.06393745409669495,0.007439587607402843,-0.011474258440954115,-8.646851607390684e-09,6.226141255011758e-09,-2.3991663988002976e-09,-2.420710352378926e-09
2026-06-17 01:57:00+00:00,-0.0637381574682607,0.00754774737425629,-0.012968933121436314,-8.79875923531892e-09,6.116306803043186e-09,-2.4397684494439825e-09,-2.6824524322757346e-09
2026-06-17 01:58:00+00:00,-0.06353589743944085,0.007654486600905093,-0.01445848299171192,-8.949885152722329e-09,6.006635903707317e-09,-2.480529608525115e-09,-2.943249249015012e-09
2026-06-17 01:59:00+00:00,-0.06333069175762138,0.00775979425478286,-0.015942837442407428,-9.100220741339936e-09,5.897132574258213e-09,-2.521447542930059e-09,-3.2030881670817228e-09
2026-06-17 02:00:00+00:00,-0.06312255835027644,0.00786365940150206,-0.017421926308955435,-9.249757444917526e-09,5.787800812471057e-09,-2.5625199022966313e-09,-3.461956632446469e-09
2026-06-17 02:01:00+00:00,-0.06291151532214842,0.007966071206396095,-0.018895679890340786,-9.39848677165045e-09,5.678644594944755e-09,-2.6037443194018233e-09,-3.7198421767056945e-09
2026-06-17 02:02:00+00:00,-0.06269758095379097,0.008067018935312475,-0.020364028951543055,-9.546400294265025e-09,5.569667877275718e-09,-2.6451184104820463e-09,-3.976732416989307e-09
2026-06-17 02:03:00+00:00,-0.06248077370448148,0.008166491948736185,-0.02182690467565077,-9.693489644975231e-09,5.460874597874954e-09,-2.6866397735373603e-09,-4.232615047100277e-09
2026-06-17 02:04:00+00:00,-0.062261112200185556,0.008264479725979374,-0.023284238825249187,-9.83974653335044e-09,5.352268665932658e-09,-2.728305994017602e-09,-4.487477867417782e-09
2026-06-17 02:05:00+00:00,-0.06203861524640294,0.008360971831791963,-0.024735963525944975,-9.985162722533922e-09,5.2438539774070136e-09,-2.7701146372042177e-09,-4.741308745126909e-09
2026-06-17 02:06:00+00:00,-0.061813301816151536,0.008455957940524346,-0.026182011425228954,-1.0129730046821439e-08,5.1356344035649e-09,-2.812063253793043e-09,-4.994095643256539e-09
2026-06-17 02:07:00+00:00,-0.06158519105283121,0.008549427830217709,-0.02762231564384087,-1.027344040634849e-08,5.027613794889448e-09,-2.854149378342155e-09,-5.245826611459043e-09
2026-06-17 02:08:00+00:00,-0.061354302268862695,0.008641371383431632,-0.029056809783416335,-1.0416285768122503e-08,4.9197959800487815e-09,-2.8963705294363017e-09,-5.496489788073721e-09
2026-06-17 02:09:00+00:00,-0.06112065494248131,0.008731778588800134,-0.03048542794063911,-1.0558258167680709e-08,4.8121847654333536e-09,-2.938724210282258e-09,-5.7460734022473555e-09
2026-06-17 02:10:00+00:00,-0.06088426871615828,0.008820639541773126,-0.031908104709359994,-1.069934970909043e-08,4.7047839349242e-09,-2.9812079087785668e-09,-5.9945657741662295e-09
2026-06-17 02:11:00+00:00,-0.060645163397442116,0.008907944444418938,-0.03332477517342931,-1.0839552564687072e-08,4.5975972504692065e-09,-3.0238190973781813e-09,-6.241955314217865e-09
2026-06-17 02:12:00+00:00,-0.060403358955685355,0.008993683606882017,-0.03473537492011865,-1.0978858976425793e-08,4.490628451237811e-09,-3.066555233439753e-09,-6.488230525187982e-09
2026-06-17 02:13:00+00:00,-0.060158875521336724,0.009077847447879124,-0.03613984003750426,-1.1117261255544488e-08,4.383881254005582e-09,-3.109413759461537e-09,-6.733380001538906e-09
2026-06-17 02:14:00+00:00,-0.05991173338527578,0.009160426491115746,-0.03753810710128737,-1.1254751781444872e-08,4.277359354057169e-09,-3.152392102187422e-09,-6.977392427387703e-09
2026-06-17 02:15:00+00:00,-0.059661952989728956,0.009241411384860433,-0.038930113284858195,-1.1391323013674e-08,4.1710664171324005e-09,-3.1954876772662513e-09,-7.2202565965415994e-09
2026-06-17 02:16:00+00:00,-0.059409554940285436,0.00932079287331293,-0.040315796184346296,-1.152696747283952e-08,4.065006092668616e-09,-3.238697882396943e-09,-7.461961380170904e-09
2026-06-17 02:17:00+00:00,-0.05915455999453397,0.009398561817397927,-0.04169509394982808,-1.1661677755189342e-08,3.9591820039875046e-09,-3.2820201023342258e-09,-7.702495751201837e-09
2026-06-17 02:18:00+00:00,-0.05889698906363913,0.009474709190078591,-0.04306794525168589,-1.179544652888934e-08,3.853597750867885e-09,-3.32545170781884e-09,-7.941848778021454e-09
2026-06-17 02:19:00+00:00,-0.058636863208713294,0.009549226077777659,-0.0444342892943537,-1.1928266535539552e-08,3.748256908815534e-09,-3.368990055950637e-09,-8.180009626724018e-09
2026-06-17 02:20:00+00:00,-0.05837420364179963,0.009622103680204322,-0.045794065808851626,-1.20601305896021e-08,3.643163029436925e-09,-3.4126324901314723e-09,-8.416967560165175e-09
2026-06-17 02:21:00+00:00,-0.05810903172421031,0.009693333311123608,-0.04714721505492385,-1.219103157864756e-08,3.5383196406095447e-09,-3.4563763401473153e-09,-8.652711938038015e-09
2026-06-17 02:22:00+00:00,-0.05784136896298074,0.009762906399644871,-0.04849367783652378,-1.2320962465143899e-08,3.433730245139774e-09,-3.5002189227102902e-09,-8.887232220004126e-09
2026-06-17 02:23:00+00:00,-0.057571237009284244,0.00983081449069607,-0.049833395501830954,-1.24499162862207e-08,3.3293983212608355e-09,-3.544157541624671e-09,-9.120517964959865e-09
2026-06-17 02:24:00+00:00,-0.057298657659229354,0.009897049245201975,-0.05116630993838406,-1.2577886153767844e-08,3.2253273226515594e-09,-3.5881894877065683e-09,-9.352558831116284e-09
2026-06-17 02:25:00+00:00,-0.05702365285420767,0.009961602436342386,-0.052492363550924674,-1.270486525184219e-08,3.1215206803411147e-09,-3.6323120376856043e-09,-9.583344571501075e-09
2026-06-17 02:26:00+00:00,-0.05674624466481359,0.010024465969087092,-0.053811499391253986,-1.2830846850376279e-08,3.01798179325858e-09,-3.6765224599244356e-09,-9.812865057117698e-09
2026-06-17 02:27:00+00:00,-0.05646645531016878,0.010085631852615417,-0.05512366097565635,-1.2955824286248912e-08,2.9147140415115795e-09,-3.720818006631512e-09,-1.0041110244737333e-08
2026-06-17 02:28:00+00:00,-0.0561843071435181,0.010145092219530878,-0.056428792407025224,-1.3079790976140195e-08,2.811720777822392e-09,-3.76519591913768e-09,-1.0268070198317803e-08
2026-06-17 02:29:00+00:00,-0.055899822654479236,0.01020283932153045,-0.057726838342231884,-1.320274041306726e-08,2.7090053300482805e-09,-3.809653426768698e-09,-1.049373508301898e-08
2026-06-17 02:30:00+00:00,-0.05561302446520194,0.010258865530729702,-0.05901774401025958,-1.3324666168572945e-08,2.606570999419908e-09,-3.8541877472482385e-09,-1.0718095169153036e-08
2026-06-17 02:31:00+00:00,-0.055323935328734385,0.010313163339983718,-0.06030145521250115,-1.3445561892654004e-08,2.5044210608278387e-09,-3.898796087023271e-09,-1.0941140831826165e-08
2026-06-17 02:32:00+00:00,-0.055032578129963025,0.010365725362998342,-0.061577918311483154,-1.356542131261968e-08,2.4025587640309304e-09,-3.943475641034882e-09,-1.1162862548588751e-08
2026-06-17 02:33:00+00:00,-0.054738975881736,0.010416544335470058,-0.06284708024863138,-1.3684238235303615e-08,2.3009873320505988e-09,-3.9882235931522465e-09,-1.1383250903253016e-08
2026-06-17 02:34:00+00:00,-0.054443151724380204,0.01046561311527399,-0.06410888853918045,-1.3802006546390402e-08,2.1997099617549905e-09,-4.033037116294483e-09,-1.1602296584635412e-08
2026-06-17 02:35:00+00:00,-0.05414512892169875,0.010512924683420955,-0.0653632912836434,-1.3918720211546896e-08,2.0987298230994357e-09,-4.077913372906858e-09,-1.181999038844746e-08
2026-06-17 02:36:00+00:00,-0.05384493086638083,0.01055847214006422,-0.06661023713162921,-1.4034373273086815e-08,1.9980500619649018e-09,-4.122849513509248e-09,-1.2036323211121913e-08
2026-06-17 02:37:00+00:00,-0.053542581060570374,0.010602248721888325,-0.06784967540691107,-1.4148959862785335e-08,1.897673790269951e-09,-4.167842682176267e-09,-1.2251286072515384e-08
2026-06-17 02:38:00+00:00,-0.053238103138622477,0.010644247777460262,-0.06908155593274073,-1.4262474183962402e-08,1.7976041001202017e-09,-4.2128900089806204e-09,-1.24648700838422e-08
2026-06-17 02:39:00+00:00,-0.052931520847523006,0.010684462784781485,-0.07030582915798445,-1.4374910524237213e-08,1.6978440538806716e-09,-4.257988615764003e-09,-1.2677066470356541e-08
2026-06-17 02:40:00+00:00,-0.05262285805245777,0.010722887347145,-0.07152244611998766,-1.4486263252473537e-08,1.5983966868494429e-09,-4.303135614202206e-09,-1.2887866565624094e-08
2026-06-17 02:41:00+00:00,-0.05231213873265739,0.010759515194072297,-0.0727313584559009,-1.4596526819396027e-08,1.4992650068618658e-09,-4.34832810685306e-09,-1.309726181253416e-08
2026-06-17 02:42:00+00:00,-0.05199938698088348,0.01079434018146511,-0.07393251839764323,-1.470569575732107e-08,1.4004519945391605e-09,-4.393563186797344e-09,-1.330524376278191e-08
2026-06-17 02:43:00+00:00,-0.05168462699928851,0.010827356292528921,-0.0751258787884824,-1.4813764682011426e-08,1.3019606020010375e-09,-4.438837938276569e-09,-1.3511804080010389e-08
2026-06-17 02:44:00+00:00,-0.051367883100657964,0.01085855763774073,-0.07631139307087816,-1.4920728291437188e-08,1.2037937540282298e-09,-4.4841494366106585e-09,-1.3716934537408959e-08
2026-06-17 02:45:00+00:00,-0.0510491797064454,0.010887938455458959,-0.07748901528835642,-1.502658136595744e-08,1.1059543481536647e-09,-4.529494748300219e-09,-1.3920627017803775e-08
2026-06-17 02:46:00+00:00,-0.050728541342713845,0.010915493112643868,-0.07865870010095488,-1.5131318770152853e-08,1.0084452530137882e-09,-4.574870931523764e-09,-1.4122873517139064e-08
2026-06-17 02:47:00+00:00,-0.050405992638483776,0.010941216105125617,-0.07982040278438467,-1.523493545259139e-08,9.112693088885445e-10,-4.620275036487992e-09,-1.4323666143702844e-08
2026-06-17 02:48:00+00:00,-0.05008155833179024,0.010965102054198504,-0.08097407919076946,-1.533742644194482e-08,8.144293308785818e-10,-4.66570410364149e-09,-1.4522997111066238e-08
2026-06-17 02:49:00+00:00,-0.049755263244835236,0.010987145722235407,-0.08211968588358755,-1.5438786860793485e-08,7.179280978713454e-10,-4.711155170111669e-09,-1.472085876292214e-08
2026-06-17 02:50:00+00:00,-0.04942713231467918,0.011007341990330086,-0.0832571799514337,-1.5539011906895695e-08,6.217683679483718e-10,-4.756625260976932e-09,-1.4917243538947323e-08
2026-06-17 02:51:00+00:00,-0.04909719056739323,0.011025685874150981,-0.08438651914453757,-1.563809686682514e-08,5.25952867030764e-10,-4.802111395763917e-09,-1.5112143999794376e-08
2026-06-17 02:52:00+00:00,-0.04876546312759074,0.011042172520040888,-0.08550766182129893,-1.57360371108266e-08,4.304842939006501e-10,-4.847610586326983e-09,-1.530555281692595e-08
2026-06-17 02:53:00+00:00,-0.048431975210636996,0.011056797205827883,-0.08662056697611517,-1.5832828095576916e-08,3.3536531722476545e-10,-4.89311983789297e-09,-1.5497462778352152e-08
2026-06-17 02:54:00+00:00,-0.04809675212421567,0.01106955534106778,-0.08772519422750649,-1.592846536319587e-08,2.405985772038226e-10,-4.938636148815151e-09,-1.568786678599205e-08
2026-06-17 02:55:00+00:00,-0.04775981926351631,0.011080442467449374,-0.08882150382823215,-1.602294454195337e-08,1.461866845179656e-10,-4.984156511206881e-09,-1.5876757857435404e-08
2026-06-17 02:56:00+00:00,-0.04742120211315374,0.011089454259049926,-0.08990945665821132,-1.611626134600726e-08,5.2132221014798004e-11,-5.0296779105997175e-09,-1.6064129124992462e-08
2026-06-17 02:57:00+00:00,-0.04708092624212077,0.01109658652282202,-0.09098901423572987,-1.6208411576443565e-08,-4.1562261294340327e-11,-5.075197326596005e-09,-1.6249973837737903e-08
2026-06-17 02:58:00+00:00,-0.04673901730631663,0.011101835198762976,-0.09206013870234217,-1.6299391119700937e-08,-1.3489423837173152e-10,-5.12071173258677e-09,-1.6434285358072668e-08
2026-06-17 02:59:00+00:00,-0.04639550104317022,0.011105196357259511,-0.09312279283146632,-1.638919594861282e-08,-2.2786121562232526e-10,-5.166218095581881e-09,-1.6617057164235143e-08
2026-06-17 03:00:00+00:00,-0.046050403258871775,0.011106666212221415,-0.09417694010152006,-1.6477822129535743e-08,-3.2046073343003856e-10,-5.211713380843985e-09,-1.6798282862965782e-08
2026-06-17 03:01:00+00:00,-0.045703749852074184,0.011106241101836063,-0.09522254455434388,-1.656526580857953e-08,-4.1269035521724004e-10,-5.257194544377134e-09,-1.697795616379677e-08
2026-06-17 03:02:00+00:00,-0.04535556679260764,0.011103917502025475,-0.09625957090328338,-1.6651523222201302e-08,-5.04547676725438e-10,-5.302658538567629e-09,-1.715607089892674e-08
2026-06-17 03:03:00+00:00,-0.04500588012528013,0.01109969202346172,-0.0972879845046749,-1.673659069472951e-08,-5.960303234540331e-10,-5.348102310955548e-09,-1.7332621018183543e-08
2026-06-17 03:04:00+00:00,-0.04465471596547391,0.011093561411745938,-0.09830775136513151,-1.6820464638409212e-08,-6.871359510297243e-10,-5.393522804780347e-09,-1.7507600589438937e-08
2026-06-17 03:05:00+00:00,-0.04430210050038202,0.011085522547835347,-0.09931883813751224,-1.690314155377365e-08,-7.778622452700976e-10,-5.438916958769213e-09,-1.768100379904375e-08
2026-06-17 03:06:00+00:00,-0.0439480599873368,0.011075572448198519,-0.10032121211901279,-1.698461802930752e-08,-8.682069214552288e-10,-5.484281707382683e-09,-1.7852824950762747e-08
2026-06-17 03:07:00+00:00,-0.043592620749071546,0.011063708265132054,-0.10131484126295302,-1.7064890742409938e-08,-9.581677256264662e-10,-5.52961398134189e-09,-1.8023058468036404e-08
2026-06-17 03:08:00+00:00,-0.043235809171798145,0.011049927286917269,-0.10229969417727719,-1.7143956459358782e-08,-1.0477424343228895e-09,-5.574910707873861e-09,-1.819169889368167e-08
2026-06-17 03:09:00+00:00,-0.04287765170688885,0.0110342269381236,-0.10327574011906412,-1.7221812034948606e-08,-1.136928854063223e-09,-5.6201688104708915e-09,-1.835874088901183e-08
2026-06-17 03:10:00+00:00,-0.042518174872309626,0.011016604777152841,-0.10424294897638658,-1.7298454410918066e-08,-1.2257248195854532e-09,-5.665385207956479e-09,-1.8524179230503518e-08
2026-06-17 03:11:00+00:00,-0.04215740522662204,0.010997058507384819,-0.10520129137139342,-1.73738806251491e-08,-1.3141282030972317e-09,-5.710556820692312e-09,-1.868800882824633e-08
2026-06-17 03:12:00+00:00,-0.04179536940295512,0.01097558596065877,-0.1061507385093203,-1.7448087798141808e-08,-1.402136900807942e-09,-5.755680561818164e-09,-1.885022469894975e-08
2026-06-17 03:13:00+00:00,-0.041432094084403376,0.010952185108896041,-0.10709126227891905,-1.7521073142128107e-08,-1.4897488417943338e-09,-5.800753343377339e-09,-1.901082198392244e-08
2026-06-17 03:14:00+00:00,-0.04106760600895719,0.010926854061288495,-0.10802283522266612,-1.7592833958389246e-08,-1.5769619850045676e-09,-5.845772074835299e-09,-1.9169795943393814e-08
2026-06-17 03:15:00+00:00,-0.04070193196465438,0.010899591064487762,-0.10894543055026731,-1.7663367638494275e-08,-1.6637743210427945e-09,-5.8907336636970835e-09,-1.9327141959537068e-08
2026-06-17 03:16:00+00:00,-0.04033509878758593,0.0108703945027349,-0.10985902213772256,-1.7732671664371564e-08,-1.7501838716521625e-09,-5.9356350157490925e-09,-1.9482855536023727e-08
2026-06-17 03:17:00+00:00,-0.03996713336345475,0.010839262898127387,-0.11076358451674023,-1.780074360709171e-08,-1.8361886885707717e-09,-5.980473034882036e-09,-1.9636932295662482e-08
2026-06-17 03:18:00+00:00,-0.03959806262280595,0.010806194910764268,-0.11165909288759657,-1.7867581128341387e-08,-1.9217868551330317e-09,-6.025244623588226e-09,-1.9789367983474418e-08
2026-06-17 03:19:00+00:00,-0.039227913540724475,0.010771189338816163,-0.11254552311340786,-1.7933181979836984e-08,-2.006976485433502e-09,-6.069946683031673e-09,-1.9940158465270486e-08
2026-06-17 03:20:00+00:00,-0.03885671313179978,0.01073424511848503,-0.11342285172729702,-1.7997544003824887e-08,-2.0917557248220467e-09,-6.11457611361256e-09,-2.0089299728646932e-08
2026-06-17 03:21:00+00:00,-0.038484488458540314,0.010695361322294504,-0.11429105590285721,-1.8060665130781862e-08,-2.1761227474583976e-09,-6.1591298133045185e-09,-2.023678787824026e-08
2026-06-17 03:22:00+00:00,-0.03811126660243122,0.010654537167864853,-0.11515011355217933,-1.8122543387778108e-08,-2.2600757652704855e-09,-6.203604683886654e-09,-2.0382619153048595e-08
2026-06-17 03:23:00+00:00,-0.03773707469970105,0.010611772004635991,-0.11600000318491188,-1.8183176886359408e-08,-2.343613014682533e-09,-6.247997622411886e-09,-2.052678990104194e-08
2026-06-17 03:24:00+00:00,-0.03736193991222226,0.010567065322707889,-0.1168407040068192,-1.8242563830843795e-08,-2.426732765995247e-09,-6.292305527491657e-09,-2.0669296596839042e-08
2026-06-17 03:25:00+00:00,-0.036985889436169095,0.010520416751084012,-0.11767219588957048,-1.8300702516134326e-08,-2.5094333202901245e-09,-6.3365252976125425e-09,-2.081013583642445e-08
2026-06-17 03:26:00+00:00,-0.036608950496928624,0.010471826057475458,-0.1184944593773021,-1.8357591328012453e-08,-2.5917130104283277e-09,-6.3806538316971804e-09,-2.094930433844078e-08
2026-06-17 03:27:00+00:00,-0.0362311503485361,0.01042129314848695,-0.11930747568183844,-1.841322874271905e-08,-2.6735701999297256e-09,-6.424688029082571e-09,-2.1086798942648777e-08
2026-06-17 03:28:00+00:00,-0.035852516268490515,0.010368818069214358,-0.12011122669437022,-1.8467613327987558e-08,-2.75500328489674e-09,-6.468624790302011e-09,-2.12226166128843e-08
2026-06-17 03:29:00+00:00,-0.035473075562514916,0.010314401004241767,-0.1209056949686918,-1.852074374201158e-08,-2.8360106918000414e-09,-6.512461016339376e-09,-2.135675443381162e-08
2026-06-17 03:30:00+00:00,-0.03509285555579736,0.010258042276632469,-0.12169086373500482,-1.857261873378893e-08,-2.9165908788424347e-09,-6.556193609752049e-09,-2.1489209612631368e-08
2026-06-17 03:31:00+00:00,-0.03471188359515362,0.010199742348643147,-0.12246671689505535,-1.8623237143369035e-08,-2.9967423358014664e-09,-6.5998194744065495e-09,-2.1619979479170503e-08
2026-06-17 03:32:00+00:00,-0.03433018704348435,0.01013950182117164,-0.1232332390282547,-1.8672597902407414e-08,-3.0764635843793673e-09,-6.643335516027867e-09,-2.1749061486786782e-08
2026-06-17 03:33:00+00:00,-0.03394779328954793,0.010077321432713456,-0.12399041535696986,-1.8720700030543842e-08,-3.155753174737366e-09,-6.6867386405762936e-09,-2.187645320528121e-08
2026-06-17 03:34:00+00:00,-0.03356472971296316,0.010013202065360216,-0.12473823185225952,-1.8767542644980228e-08,-3.234609696232379e-09,-6.7300257608052706e-09,-2.2002152341212608e-08
2026-06-17 03:35:00+00:00,-0.033181023731414475,0.009947144735773537,-0.12547667507980614,-1.8813124947357952e-08,-3.3130317618081296e-09,-6.7731937868128115e-09,-2.2126156709166082e-08
2026-06-17 03:36:00+00:00,-0.03279670275836141,0.009879150600000629,-0.126205732318602,-1.8857446233458713e-08,-3.3910180201423334e-09,-6.816239633668401e-09,-2.2248464253601046e-08
2026-06-17 03:37:00+00:00,-0.03241179422299091,0.0098092209540395,-0.12692539150399923,-1.8900505888570364e-08,-3.4685671494856166e-09,-6.859160218408392e-09,-2.236907303805598e-08
2026-06-17 03:38:00+00:00,-0.03202632555739557,0.00973735723210415,-0.12763564125449722,-1.8942303389823008e-08,-3.545677860901432e-09,-6.901952461438693e-09,-2.248798125072444e-08
2026-06-17 03:39:00+00:00,-0.031640324199832204,0.009663561007359843,-0.1283364708588398,-1.89828383049826e-08,-3.6223488966348474e-09,-6.9446132863442435e-09,-2.260518720161745e-08
2026-06-17 03:40:00+00:00,-0.03125381758872391,0.009587833991188642,-0.1290278702822343,-1.902211029262814e-08,-3.698579030884632e-09,-6.987139620278456e-09,-2.2720689323512772e-08
2026-06-17 03:41:00+00:00,-0.030866833165475015,0.009510178033947901,-0.12970983016046808,-1.9060119102307605e-08,-3.77436706920592e-09,-7.0295283940076035e-09,-2.2834486171513525e-08
2026-06-17 03:42:00+00:00,-0.030479398368727734,0.009430595124167794,-0.13038234180528407,-1.9096864574408328e-08,-3.849711849069116e-09,-7.071776542178777e-09,-2.2946576423477445e-08
2026-06-17 03:43:00+00:00,-0.030091540637413886,0.009349087389441749,-0.1310453971926775,-1.9132346639394255e-08,-3.924612238507605e-09,-7.113881003351957e-09,-2.305695887790186e-08
2026-06-17 03:44:00+00:00,-0.029703287405631794,0.009265657093141491,-0.1316989889656719,-1.91665653179295e-08,-3.999067136826124e-09,-7.155838719524526e-09,-2.3165632454755623e-08
2026-06-17 03:45:00+00:00,-0.029314666084783676,0.009180306641334603,-0.13234311048951158,-1.9199520725106087e-08,-4.073075480174865e-09,-7.197646641291008e-09,-2.3272596205280952e-08
2026-06-17 03:46:00+00:00,-0.028925704096175522,0.009093038574151169,-0.13297775574262422,-1.9231213061944178e-08,-4.146636229972178e-09,-7.239301719556143e-09,-2.3377849291916357e-08
2026-06-17 03:47:00+00:00,-0.028536428843463933,0.00900385557078378,-0.13360291939616373,-1.926164262174216e-08,-4.219748381581444e-09,-7.280800911932051e-09,-2.3481391003323604e-08
2026-06-17 03:48:00+00:00,-0.02814686771773893,0.00891276044831247,-0.13421859679166628,-1.9290809787913567e-08,-4.2924109618756715e-09,-7.322141181140814e-09,-2.3583220749789238e-08
2026-06-17 03:49:00+00:00,-0.02775704809307596,0.008819756160782309,-0.13482478394264497,-1.9318715034330614e-08,-4.364623029482686e-09,-7.363319495483681e-09,-2.36833380638133e-08
2026-06-17 03:50:00+00:00,-0.027366997328079814,0.00872484579995638,-0.13542147753188905,-1.9345358924882065e-08,-4.436383674582167e-09,-7.404332828876704e-09,-2.3781742599464233e-08
2026-06-17 03:51:00+00:00,-0.026976742763980044,0.008628032595101191,-0.13600867490829616,-1.937074211341912e-08,-4.507692018334492e-09,-7.445178160969168e-09,-2.3878434131753612e-08
2026-06-17 03:52:00+00:00,-0.02658631171978766,0.00852931991213711,-0.1365863740924939,-1.9394865343919976e-08,-4.5785472140082164e-09,-7.485852477653953e-09,-2.3973412557928193e-08
2026-06-17 03:53:00+00:00,-0.026195731490177156,0.008428711253350707,-0.13715457377369497,-1.9417729449978043e-08,-4.648948446292468e-09,-7.526352771320312e-09,-2.4066677896270512e-08
2026-06-17 03:54:00+00:00,-0.02580502934768822,0.008326210258150314,-0.137713273305767,-1.9439335354989877e-08,-4.718894931132653e-09,-7.566676040696282e-09,-2.4158230286122532e-08
2026-06-17 03:55:00+00:00,-0.02541423254509579,0.008221820701675375,-0.13826247269168046,-1.945968407086374e-08,-4.788385913946411e-09,-7.606819289817895e-09,-2.4248069984810154e-08
2026-06-17 03:56:00+00:00,-0.025023368283945406,0.008115546496697358,-0.13880217265394065,-1.9478776702043618e-08,-4.85742067770162e-09,-7.646779534184455e-09,-2.433619737974524e-08
2026-06-17 03:57:00+00:00,-0.024632463756814188,0.008007391689872183,-0.13933237452697889,-1.9496614439090973e-08,-4.9259985308251586e-09,-7.686553792196093e-09,-2.442261296991613e-08
2026-06-17 03:58:00+00:00,-0.02424154611726073,0.007897360464350613,-0.1398530803262895,-1.9513198562942065e-08,-4.994118815120103e-09,-7.726139091025337e-09,-2.450731737806217e-08
2026-06-17 03:59:00+00:00,-0.023850642486393327,0.007785457138988532,-0.1403642927250719,-1.952853044286017e-08,-5.061780902899429e-09,-7.765532465289422e-09,-2.4590311345759597e-08
2026-06-17 04:00:00+00:00,-0.023459779947505692,0.007671686167384589,-0.14086601506253457,-1.9542611537307446e-08,-5.128984198432599e-09,-7.804730957715607e-09,-2.4671595735740045e-08
2026-06-17 04:01:00+00:00,-0.023068985544270067,0.0075560521374992,-0.14135825134040916,-1.955544339378484e-08,-5.195728137625273e-09,-7.84373161911742e-09,-2.4751171531410114e-08
2026-06-17 04:02:00+00:00,-0.022678286282589402,0.0074385597723873875,-0.1418410062145231,-1.9567027647392388e-08,-5.2620121866427445e-09,-7.882531508484077e-09,-2.4829039834035133e-08
2026-06-17 04:03:00+00:00,-0.022287709125849216,0.007319213929144461,-0.14231428500140825,-1.9577366022083494e-08,-5.327835843265137e-09,-7.921127693281118e-09,-2.490520186534863e-08
2026-06-17 04:04:00+00:00,-0.02189728099425578,0.007198019598990205,-0.14277809367366298,-1.9586460329769493e-08,-5.393198636377815e-09,-7.959517249672273e-09,-2.4979658966147306e-08
2026-06-17 04:05:00+00:00,-0.021507028759291565,0.007074981905779376,-0.1432324388615746,-1.959431247000678e-08,-5.4581001259175534e-09,-7.997697263030376e-09,-2.5052412595924333e-08
2026-06-17 04:06:00+00:00,-0.02111697925745673,0.0069501061081520266,-0.1436773278282986,-1.9600924429321667e-08,-5.522539900296369e-09,-8.035664825926576e-09,-2.5123464329618036e-08
2026-06-17 04:07:00+00:00,-0.020727159248785723,0.006823397596381245,-0.1441127685441593,-1.9606298284457165e-08,-5.586517585735673e-09,-8.073417044994208e-09,-2.5192815870192836e-08
2026-06-17 04:08:00+00:00,-0.020337595467388343,0.006694861894096127,-0.14453876957848077,-1.961043619662108e-08,-5.650032832576184e-09,-8.110951031804343e-09,-2.5260469029197265e-08
2026-06-17 04:09:00+00:00,-0.01994831458387574,0.006564504656285025,-0.14495534016856737,-1.9613340414721516e-08,-5.713085324448652e-09,-8.148263909550339e-09,-2.5326425739170168e-08
2026-06-17 04:10:00+00:00,-0.019559343216200516,0.006432331670541622,-0.14536249019881803,-1.961501327482245e-08,-5.77567477539525e-09,-8.185352810989839e-09,-2.5390688050217697e-08
2026-06-17 04:11:00+00:00,-0.01917070792341169,0.006298348855413818,-0.1457602302030714,-1.9615457199526566e-08,-5.837800930688646e-09,-8.222214879346819e-09,-2.545325813021521e-08
2026-06-17 04:12:00+00:00,-0.018782435209967058,0.006162562261774196,-0.1461485713531505,-1.961467469726381e-08,-5.89946356496086e-09,-8.258847267798528e-09,-2.551413826222467e-08
2026-06-17 04:13:00+00:00,-0.018394551511907484,0.006024978068684808,-0.14652752547561362,-1.961266836319731e-08,-5.960662485283255e-09,-8.295247140911432e-09,-2.5573330848480566e-08
2026-06-17 04:14:00+00:00,-0.018007083210186355,0.005885602588009797,-0.14689710503012027,-1.9609440878050518e-08,-6.021397527721867e-09,-8.331411673231488e-09,-2.5630838405772385e-08
2026-06-17 04:15:00+00:00,-0.01762005661768449,0.005744442260181448,-0.1472573231189015,-1.9604995007846696e-08,-6.0816685592184495e-09,-8.367338050833756e-09,-2.5686663567065144e-08
2026-06-17 04:16:00+00:00,-0.017233497982636438,0.005601503655638607,-0.14760819348249724,-1.959933360431271e-08,-6.1414754770858525e-09,-8.403023470742422e-09,-2.5740809081398563e-08
2026-06-17 04:17:00+00:00,-0.016847433482856375,0.0054567934730259116,-0.14794973050063162,-1.959245960410623e-08,-6.200818209179081e-09,-8.43846514169404e-09,-2.5793277813285312e-08
2026-06-17 04:18:00+00:00,-0.016461889236623145,0.005310318541083436,-0.14828194916873735,-1.958437602787771e-08,-6.259696711038192e-09,-8.473660282308378e-09,-2.58440727389159e-08
2026-06-17 04:19:00+00:00,-0.016076891264793836,0.005162085813926423,-0.14860486516223062,-1.9575085982693303e-08,-6.318110974835424e-09,-8.508606127648852e-09,-2.5893196957528728e-08
2026-06-17 04:20:00+00:00,-0.015692465542634135,0.0050121023768972955,-0.1489184947388561,-1.9564592657968823e-08,-6.376061015908712e-09,-8.543299919971719e-09,-2.5940653673877535e-08
2026-06-17 04:21:00+00:00,-0.015308637954628286,0.004860375439044662,-0.14922285480776923,-1.95528993277737e-08,-6.4335468830372796e-09,-8.577738916017562e-09,-2.5986446210810978e-08
2026-06-17 04:22:00+00:00,-0.014925434315373819,0.004706912338878211,-0.1495179628958639,-1.9540009349403835e-08,-6.4905686532395576e-09,-8.611920384203472e-09,-2.6030578002643392e-08
2026-06-17 04:23:00+00:00,-0.014542880357067432,0.004551720539790763,-0.14980383715974757,-1.952592616373818e-08,-6.547126434223449e-09,-8.645841605995183e-09,-2.607305259796163e-08
2026-06-17 04:24:00+00:00,-0.014161001732422969,0.004394807631458303,-0.1500804963774125,-1.951065329458119e-08,-6.6032203631782035e-09,-8.679499875517704e-09,-2.6113873657759396e-08
2026-06-17 04:25:00+00:00,-0.013779824009587667,0.004236181327883878,-0.15034795994706487,-1.9494194348279773e-08,-6.658850606868881e-09,-8.712892500143624e-09,-2.6153044955148653e-08
2026-06-17 04:26:00+00:00,-0.01339937267453959,0.00407584946869001,-0.15060624788487476,-1.9476553013707113e-08,-6.714017361654028e-09,-8.746016800185593e-09,-2.6190570375361143e-08
2026-06-17 04:27:00+00:00,-0.013019673125785093,0.00391382001708597,-0.1508553808239585,-1.9457733061691725e-08,-6.768720853333565e-09,-8.778870109646799e-09,-2.622645391502529e-08
2026-06-17 04:28:00+00:00,-0.012640750677613673,0.0037501010614471864,-0.15109538000617206,-1.943773834452864e-08,-6.822961336242111e-09,-8.811449775742528e-09,-2.6260699680770752e-08
2026-06-17 04:29:00+00:00,-0.012262630555429359,0.003584700811531366,-0.1513262672798905,-1.9416572795805785e-08,-6.876739093402183e-09,-8.843753158820511e-09,-2.6293311889207968e-08
2026-06-17 04:30:00+00:00,-0.0118853378768018,0.0034176275988857946,-0.15154806513316227,-1.9394240430964526e-08,-6.930054441583824e-09,-8.875777636665578e-09,-2.632429487254835e-08
2026-06-17 04:31:00+00:00,-0.011508897686125619,0.003248889879265443,-0.15176079662474123,-1.9370745344876495e-08,-6.982907721174814e-09,-8.907520597554717e-09,-2.635365306605131e-08
2026-06-17 04:32:00+00:00,-0.011133334926289422,0.0030784962290310025,-0.15196448543008628,-1.9346091713370916e-08,-7.035299303329435e-09,-8.93897944528014e-09,-2.6381391016700352e-08
2026-06-17 04:33:00+00:00,-0.010758674443978669,0.0029064553456743247,-0.15215915582596956,-1.9320283792142844e-08,-7.0872295879462724e-09,-8.97015159837648e-09,-2.6407513380089115e-08
2026-06-17 04:34:00+00:00,-0.01038494098566238,0.0027327760460106043,-0.15234483268735244,-1.9293325916138693e-08,-7.138699003727481e-09,-9.001034490135421e-09,-2.6432024919866176e-08
2026-06-17 04:35:00+00:00,-0.010012159199208948,0.0025574672671899584,-0.15252154148606295,-1.9265222499735352e-08,-7.189708007947916e-09,-9.031625568854234e-09,-2.6454930507683267e-08
2026-06-17 04:36:00+00:00,-0.009640353632269082,0.0023805380661154896,-0.1526893082859487,-1.9235978036067494e-08,-7.240257085998669e-09,-9.061922297734942e-09,-2.6476235122066163e-08
2026-06-17 04:37:00+00:00,-0.009269548727803945,0.002201997617555976,-0.15284815974302368,-1.9205597096776317e-08,-7.290346751950103e-09,-9.091922155513374e-09,-2.649594384872642e-08
2026-06-17 04:38:00+00:00,-0.008899768822174442,0.0020218552134027984,-0.1529981231005931,-1.9174084331170418e-08,-7.339977548003356e-09,-9.121622636520015e-09,-2.6514061879173773e-08
2026-06-17 04:39:00+00:00,-0.008531038147316497,0.0018401202638532177,-0.15313922618747963,-1.9141444466508655e-08,-7.389150044331466e-09,-9.151021250595164e-09,-2.6530594510840122e-08
2026-06-17 04:40:00+00:00,-0.00816338083390547,0.0016568022972116986,-0.15327149740532559,-1.9107682307256e-08,-7.437864837489575e-09,-9.180115522239717e-09,-2.6545547144745575e-08
2026-06-17 04:41:00+00:00,-0.007796820879613489,0.0014719109525677815,-0.15339496576390887,-1.907280273448698e-08,-7.486122556967205e-09,-9.208902995885315e-09,-2.6558925291454183e-08
2026-06-17 04:42:00+00:00,-0.007431382191237575,0.001285455988383269,-0.15350966082211684,-1.9036810705644602e-08,-7.53392385516266e-09,-9.237381228583682e-09,-2.657073456080726e-08
2026-06-17 04:43:00+00:00,-0.007067088558659625,0.0010974472780958394,-0.15361561272075575,-1.899971125458556e-08,-7.581269413251409e-09,-9.265547794635937e-09,-2.658098066783697e-08
2026-06-17 04:44:00+00:00,-0.006703963653846033,0.0009078948076625543,-0.15371285217126424,-1.896150949022205e-08,-7.628159939976504e-09,-9.293400285311318e-09,-2.6589669430198553e-08
2026-06-17 04:45:00+00:00,-0.006342031033960756,0.0007168086771838916,-0.15380141045360152,-1.892221059692622e-08,-7.674596171617851e-09,-9.32093630843253e-09,-2.659680676854407e-08
2026-06-17 04:46:00+00:00,-0.005981314135416693,0.0005241990981839778,-0.1538813194138417,-1.8881819833666782e-08,-7.72057887188317e-09,-9.348153489026747e-09,-2.6602398705549954e-08
2026-06-17 04:47:00+00:00,-0.005621836277133661,0.0003300763952353014,-0.15395261145694955,-1.884034253354957e-08,-7.766108830998762e-09,-9.375049469145732e-09,-2.660645136454833e-08
2026-06-17 04:48:00+00:00,-0.005263620655291186,0.00013445100344255945,-0.15401531954862346,-1.8797784103632732e-08,-7.811186866536243e-09,-9.401621908116808e-09,-2.6608970970168973e-08
2026-06-17 04:49:00+00:00,-0.004906690346526611,-6.266652969889874e-05,-0.15406947720884398,-1.8754150024675733e-08,-7.855813822466217e-09,-9.427868482588035e-09,-2.660996384714195e-08
2026-06-17 04:50:00+00:00,-0.004551068295819673,-0.0002612655506920303,-0.15411511851058737,-1.870944584944163e-08,-7.899990570131942e-09,-9.453786887363934e-09,-2.6609436419573572e-08
2026-06-17 04:51:00+00:00,-0.004196777336968514,-0.0004613352907255758,-0.15415227806689902,-1.866367720446024e-08,-7.943718004794593e-09,-9.479374833250888e-09,-2.6607395209254836e-08
2026-06-17 04:52:00+00:00,-0.0038438401492333005,-0.0006628648816551647,-0.15418099106160715,-1.8616849786727836e-08,-7.986997053975424e-09,-9.504630053153745e-09,-2.660384684070326e-08
2026-06-17 04:53:00+00:00,-0.0034922793072868427,-0.0008658433398981424,-0.1542012931965529,-1.856896936606761e-08,-8.029828665946896e-09,-9.529550294209609e-09,-2.6598798032014508e-08
2026-06-17 04:54:00+00:00,-0.003142117245274169,-0.0010702595784956442,-0.15421322071964727,-1.8520041782509885e-08,-8.072213816725597e-09,-9.55413332332703e-09,-2.659225559923548e-08
2026-06-17 04:55:00+00:00,-0.002793376267185385,-0.0012761024031703039,-0.15421681041560925,-1.847007294715879e-08,-8.11415350841406e-09,-9.578376925711734e-09,-2.6584226455572847e-08
2026-06-17 04:56:00+00:00,-0.0024460785416558495,-0.001483360515132634,-0.1542120996018041,-1.8419068841090948e-08,-8.15564876902992e-09,-9.602278905385227e-09,-2.6574717610120867e-08
2026-06-17 04:57:00+00:00,-0.0021002461055936866,-0.0016920225089635393,-0.15419912612211809,-1.836703551506834e-08,-8.196700651432249e-09,-9.625837084860387e-09,-2.656373616650059e-08
2026-06-17 04:58:00+00:00,-0.0017559008522321784,-0.0019020768794350135,-0.15417792834846247,-1.8313979088477565e-08,-8.237310235369081e-09,-9.649049306203272e-09,-2.6551289323846646e-08
2026-06-17 04:59:00+00:00,-0.001413064543387077,-0.0021135120142634356,-0.15414854517347698,-1.8259905750055843e-08,-8.27747862473193e-09,-9.671913430128817e-09,-2.653738437478777e-08
2026-06-17 05:00:00+00:00,-0.0010717587975149837,-0.0023263162010198762,-0.15411101600705895,-1.8204821756137583e-08,-8.31720694890557e-09,-9.694427336818035e-09,-2.6522028705043153e-08
2026-06-17 05:01:00+00:00,-0.0007320050934799469,-0.002540477624898632,-0.15406538077501725,-1.8148733430904593e-08,-8.356496362410431e-09,-9.71658892587835e-09,-2.6505229793315026e-08
2026-06-17 05:02:00+00:00,-0.0003938247653856586,-0.0027559843717318427,-0.15401167991436543,-1.809164716542372e-08,-8.39534804476123e-09,-9.738396116751875e-09,-2.648699521018495e-08
2026-06-17 05:03:00+00:00,-5.723901273341908e-05,-0.0029728244233657025,-0.15394995436185788,-1.8033569418230607e-08,-8.433763198048162e-09,-9.759846847073352e-09,-2.6467332616278767e-08
2026-06-17 05:04:00+00:00,0.0002777311344923164,-0.0031909856722734387,-0.1538802455773733,-1.797450671161564e-08,-8.471743054478041e-09,-9.780939078261717e-09,-2.6446249766093682e-08
2026-06-17 05:05:00+00:00,0.0006110647672473365,-0.003410455901857873,-0.153802595502224,-1.7914465636132894e-08,-8.509288864854687e-09,-9.801670788031335e-09,-2.6423754500987583e-08
2026-06-17 05:06:00+00:00,0.0009427411389837936,-0.003631222805304063,-0.1537170465802321,-1.78534528456267e-08,-8.546401906947207e-09,-9.822039975855418e-09,-2.639985475257391e-08
2026-06-17 05:07:00+00:00,0.00127273964635808,-0.0038532739750755385,-0.15362364174629048,-1.779147505926546e-08,-8.583083481348832e-09,-9.84204466113459e-09,-2.6374558540614293e-08
2026-06-17 05:08:00+00:00,0.0016010398403753096,-0.004076596910057156,-0.15352242442520872,-1.7728539059665234e-08,-8.619334913294442e-09,-9.86168288411722e-09,-2.6347873972959676e-08
2026-06-17 05:09:00+00:00,0.0019276214234450334,-0.004301179013551107,-0.15341343852669878,-1.766465169333775e-08,-8.655157551447742e-09,-9.880952705534059e-09,-2.6319809244785493e-08
2026-06-17 05:10:00+00:00,0.002252464253575219,-0.004527007596139415,-0.15329672843927153,-1.759981986887329e-08,-8.690552768097409e-09,-9.899852207120435e-09,-2.6290372636970697e-08
2026-06-17 05:11:00+00:00,0.0025755483420139835,-0.004754069874002592,-0.1531723390301449,-1.7534050557848798e-08,-8.725521958864197e-09,-9.918379491361634e-09,-2.6259572516712995e-08
2026-06-17 05:12:00+00:00,0.0028968538579487724,-0.004982352972033227,-0.15304031563921783,-1.746735079329718e-08,-8.760066542611063e-09,-9.936532681993166e-09,-2.6227417335908244e-08
2026-06-17 05:13:00+00:00,0.003216361126003403,-0.005211843922085305,-0.15290070407438963,-1.7399727669621677e-08,-8.794187960754485e-09,-9.954309923849196e-09,-2.6193915630376162e-08
2026-06-17 05:14:00+00:00,0.0035340506262508536,-0.0054425296646473525,-0.15275355060505896,-1.733118834256149e-08,-8.827887676501538e-09,-9.971709382248487e-09,-2.6159076019063026e-08
2026-06-17 05:15:00+00:00,0.003849903018759912,-0.005674397059293346,-0.1525989019741028,-1.726174002513578e-08,-8.861167180429603e-09,-9.988729247127288e-09,-2.6122907205565382e-08
2026-06-17 05:16:00+00:00,0.004163899104014129,-0.005907432867078913,-0.15243680536729406,-1.719138999270991e-08,-8.894027980462436e-09,-1.0005367726844718e-08,-2.6085417973172345e-08
2026-06-17 05:17:00+00:00,0.00447601985293937,-0.006141623764762877,-0.1522673084287231,-1.7120145578693764e-08,-8.926471608584919e-09,-1.0021623052653296e-08,-2.6046617187278682e-08
2026-06-17 05:18:00+00:00,0.004786246400030052,-0.006376956341762122,-0.15209045925115738,-1.7048014174825532e-08,-8.958499618923328e-09,-1.0037493477725624e-08,-2.600651379374886e-08
2026-06-17 05:19:00+00:00,0.005094560047900154,-0.006613417103460681,-0.15190630636933677,-1.6975003230220193e-08,-8.990113587442066e-09,-1.0052977277351821e-08,-2.5965116817662257e-08
2026-06-17 05:20:00+00:00,0.005400942262209864,-0.00685099246747152,-0.15171489876100153,-1.6901120251705256e-08,-9.021315111752342e-09,-1.006807274885802e-08,-2.5922435363457598e-08
2026-06-17 05:21:00+00:00,0.005705374679189169,-0.007089668769232976,-0.15151628583841395,-1.6826372802404185e-08,-9.052105811233306e-09,-1.0082778211970743e-08,-2.587847861363749e-08
2026-06-17 05:22:00+00:00,0.006007839102849237,-0.007329432260009747,-0.15131051744646773,-1.675076850167685e-08,-9.082487326377744e-09,-1.0097092008872745e-08,-2.5833255828054594e-08
2026-06-17 05:23:00+00:00,0.006308317509698513,-0.007570269110421801,-0.15109764385514218,-1.6674315023525065e-08,-9.112461319017435e-09,-1.0111012504290201e-08,-2.57867763425425e-08
2026-06-17 05:24:00+00:00,0.006606792045904669,-0.007812165408377286,-0.15087771575980993,-1.659702009745115e-08,-9.142029471921157e-09,-1.0124538085625583e-08,-2.5739049569372307e-08
2026-06-17 05:25:00+00:00,0.006903245024816068,-0.008055107158592062,-0.15065078427191084,-1.6518891508155135e-08,-9.171193487063637e-09,-1.013766716213108e-08,-2.569008499521877e-08
2026-06-17 05:26:00+00:00,0.007197658951292547,-0.008299080295632755,-0.15041690092378418,-1.6439937090570206e-08,-9.199955091330269e-09,-1.0150398168746257e-08,-2.5639892181900473e-08
2026-06-17 05:27:00+00:00,0.007490016490578427,-0.00854407066892715,-0.15017611764933536,-1.6360164735071945e-08,-9.22831602808257e-09,-1.0162729560965284e-08,-2.5588480763154515e-08
2026-06-17 05:28:00+00:00,0.00778030048526164,-0.00879006404964848,-0.14992848679369208,-1.6279582384703773e-08,-9.25627806181684e-09,-1.0174659818000965e-08,-2.553586044652061e-08
2026-06-17 05:29:00+00:00,0.008068493957952907,-0.009037046134785759,-0.14967406109992443,-1.6198198033132247e-08,-9.283842977082281e-09,-1.0186187442497552e-08,-2.548204101021453e-08
2026-06-17 05:30:00+00:00,0.008354580108886352,-0.009285002545123766,-0.14941289370995617,-1.6116019725700007e-08,-9.311012578476359e-09,-1.0197310960515058e-08,-2.5427032304176364e-08
2026-06-17 05:31:00+00:00,0.008638542319277749,-0.009533918828296031,-0.14914503815664065,-1.6033055557846773e-08,-9.33778869002544e-09,-1.0208028921633437e-08,-2.5370844247872214e-08
2026-06-17 05:32:00+00:00,0.008920364149391437,-0.009783780457094979,-0.1488705483603085,-1.5949313674917163e-08,-9.364173155182464e-09,-1.0218339898984581e-08,-2.5313486830099626e-08
2026-06-17 05:33:00+00:00,0.009200029342137143,-0.010034572832730237,-0.14858947862490296,-1.586480227151736e-08,-9.390167836628122e-09,-1.0228242489506883e-08,-2.525497010814548e-08
2026-06-17 05:34:00+00:00,0.009477521820717615,-0.010286281282690504,-0.14830188363515434,-1.5779529591408706e-08,-9.415774615840122e-09,-1.0237735313915819e-08,-2.5195304207248828e-08
2026-06-17 05:35:00+00:00,0.009752825697302049,-0.010538891068703288,-0.14800781844387623,-1.5693503924905062e-08,-9.440995393515253e-09,-1.0246817016996064e-08,-2.5134499318420314e-08
2026-06-17 05:36:00+00:00,0.010025925257109533,-0.010792387373952744,-0.14770733847879444,-1.560673361246175e-08,-9.465832086887964e-09,-1.0255486266522306e-08,-2.5072565699349715e-08
2026-06-17 05:37:00+00:00,0.010296804993115055,-0.011046755328450689,-0.14740049953063625,-1.5519227036101078e-08,-9.490286636606095e-09,-1.0263741757170018e-08,-2.500951367270717e-08
2026-06-17 05:38:00+00:00,0.0105654495648798,-0.011301979981111057,-0.14708735775035733,-1.5430992628539457e-08,-9.514360996480338e-09,-1.0271582205239721e-08,-2.4945353625019794e-08
2026-06-17 05:39:00+00:00,0.010831843827511421,-0.011558046320009674,-0.14676796964191266,-1.5342038865820676e-08,-9.538057140196816e-09,-1.027900635222899e-08,-2.4880096006017493e-08
2026-06-17 05:40:00+00:00,0.011095972823524917,-0.011814939266552416,-0.14644239206269707,-1.5252374269254966e-08,-9.561377058907316e-09,-1.0286012964116183e-08,-2.4813751328162282e-08
2026-06-17 05:41:00+00:00,0.011357821786039182,-0.012072643678721226,-0.14611068221499338,-1.5162007404028313e-08,-9.584322761667981e-09,-1.0292600831372942e-08,-2.4746330165696295e-08
2026-06-17 05:42:00+00:00,0.011617376136458114,-0.012331144348824541,-0.1457728976436315,-1.5070946878997535e-08,-9.60689627404974e-09,-1.0298768769109495e-08,-2.4677843153047277e-08
2026-06-17 05:43:00+00:00,0.011874621492568654,-0.012590426011750228,-0.14542909622573164,-1.4979201344733068e-08,-9.629099639881155e-09,-1.03045156173162e-08,-2.4608300984614223e-08
2026-06-17 05:44:00+00:00,0.012129543659840002,-0.012850473336385795,-0.14507933617547775,-1.4886779495102648e-08,-9.65093491902965e-09,-1.030984024059304e-08,-2.4537714414132297e-08
2026-06-17 05:45:00+00:00,0.012382128639598818,-0.013111270933923488,-0.14472367602978245,-1.4793690064662256e-08,-9.672404188267944e-09,-1.031474152870786e-08,-2.4466094252930198e-08
2026-06-17 05:46:00+00:00,0.012632362626330496,-0.013372803355398366,-0.1443621746500235,-1.469994182896575e-08,-9.693509540909904e-09,-1.031921839612387e-08,-2.4393451369875654e-08
2026-06-17 05:47:00+00:00,0.01288023201112367,-0.01363505509533837,-0.1439948912128903,-1.4605543603266887e-08,-9.714253086723862e-09,-1.0323269782708242e-08,-2.431979668999075e-08
2026-06-17 05:48:00+00:00,0.013125723374039597,-0.013898010585316103,-0.14362188520921101,-1.4510504244118142e-08,-9.734636949624958e-09,-1.0326894652550639e-08,-2.4245141193743102e-08
2026-06-17 05:49:00+00:00,0.013368823509972164,-0.014161654215676625,-0.143243216433124,-1.4414832641601694e-08,-9.754663274079967e-09,-1.033009199727909e-08,-2.416949591568166e-08
2026-06-17 05:50:00+00:00,0.01360951939249759,-0.01442597030631143,-0.1428589449872948,-1.4318537729360237e-08,-9.774334215487264e-09,-1.0332860831665049e-08,-2.4092871944847503e-08
2026-06-17 05:51:00+00:00,0.013847798202052189,-0.014690943130853937,-0.14246913126728156,-1.4221628475887426e-08,-9.79365194651003e-09,-1.0335200196686542e-08,-2.4015280422397454e-08
2026-06-17 05:52:00+00:00,0.014083647316544969,-0.014956556908285061,-0.14207383596251605,-1.41241138867013e-08,-9.81261865441127e-09,-1.0337109158628593e-08,-2.393673254111257e-08
2026-06-17 05:53:00+00:00,0.014317054314298125,-0.01522279580646898,-0.14167312005072077,-1.4026003003394159e-08,-9.831236541832626e-09,-1.0338586809490943e-08,-2.3857239545226783e-08
2026-06-17 05:54:00+00:00,0.014548006974202832,-0.015489643942449803,-0.14126704479279736,-1.3927304902993203e-08,-9.849507825982291e-09,-1.0339632266912258e-08,-2.3776812728975495e-08
2026-06-17 05:55:00+00:00,0.014776493277745384,-0.015757085385127878,-0.1408556717242248,-1.382802869619427e-08,-9.867434738599274e-09,-1.0340244674242417e-08,-2.3695463434793546e-08
2026-06-17 05:56:00+00:00,0.015002501408018898,-0.016025104154303832,-0.14043906265552952,-1.3728183528414165e-08,-9.885019525650666e-09,-1.0340423200549813e-08,-2.3613203054064832e-08
2026-06-17 05:57:00+00:00,0.015226019750125323,-0.016293684221420343,-0.14001727966640432,-1.362777857844473e-08,-9.902264447156981e-09,-1.0340167040833148e-08,-2.3530043025601713e-08
2026-06-17 05:58:00+00:00,0.015447036893916896,-0.01656280951293916,-0.13959038509644878,-1.3526823056938742e-08,-9.919171776919665e-09,-1.0339475415970573e-08,-2.3445994833858407e-08
2026-06-17 05:59:00+00:00,0.01566554162898852,-0.01683246390618566,-0.13915844154557044,-1.3425326208461231e-08,-9.935743801085079e-09,-1.0338347572201603e-08,-2.336107000954631e-08
2026-06-17 06:00:00+00:00,0.015881522964741518,-0.017102631248154726,-0.13872151185949133,-1.3323297303008742e-08,-9.951982823228897e-09,-1.0336782783793142e-08,-2.327528012623764e-08
2026-06-17 06:01:00+00:00,0.01609497010079889,-0.017373295328564173,-0.13827965913802054,-1.3220745646587755e-08,-9.967891155880023e-09,-1.0334780349037914e-08,-2.3188636802467778e-08
2026-06-17 06:02:00+00:00,0.016305872448859976,-0.01764443990095941,-0.13783294672083216,-1.3117680572951023e-08,-9.983471125963585e-09,-1.0332339593189518e-08,-2.3101151698914607e-08
2026-06-17 06:03:00+00:00,0.016514219625586773,-0.017916048675696072,-0.13738143818866055,-1.3014111445773403e-08,-9.9987250729833e-09,-1.0329459867714876e-08,-2.3012836518756702e-08
2026-06-17 06:04:00+00:00,0.01672000145936562,-0.01818810532895595,-0.13692519734525058,-1.2910047654880674e-08,-1.0013655349047432e-08,-1.03261405502939e-08,-2.2923703003928104e-08
2026-06-17 06:05:00+00:00,0.016923207982663474,-0.018460593493288414,-0.1364642882303142,-1.2805498619845517e-08,-1.0028264318264143e-08,-1.0322381044944642e-08,-2.283376293810966e-08
2026-06-17 06:06:00+00:00,0.01712382943886588,-0.018733496766773147,-0.13599877510088168,-1.2700473785947879e-08,-1.004255435702651e-08,-1.0318180782178511e-08,-2.2743028142974387e-08
2026-06-17 06:07:00+00:00,0.01732185627983291,-0.019006798710273526,-0.13552872243266637,-1.2594982625105793e-08,-1.0056527853314428e-08,-1.0313539218844802e-08,-2.2651510478420222e-08
2026-06-17 06:08:00+00:00,0.01751727916855532,-0.01928048285131328,-0.13505419490912757,-1.2489034633973591e-08,-1.0070187206533546e-08,-1.030845583835331e-08,-2.255922184050714e-08
2026-06-17 06:09:00+00:00,0.01771008897729389,-0.01955453268204011,-0.13457525742354992,-1.238263933453594e-08,-1.0083534827772626e-08,-1.0302930150490806e-08,-2.2466174162308566e-08
2026-06-17 06:10:00+00:00,0.017900276785345823,-0.019828931657676928,-0.13409197507281395,-1.227580627456484e-08,-1.0096573137539693e-08,-1.0296961691406785e-08,-2.2372379412104533e-08
2026-06-17 06:11:00+00:00,0.01808783389577795,-0.020103663215103533,-0.1336044131401133,-1.2168545019661458e-08,-1.0109304571043068e-08,-1.0290550025179518e-08,-2.2277849590704526e-08
2026-06-17 06:12:00+00:00,0.01827275181301575,-0.02037871075019493,-0.13311263710441024,-1.2060865162380692e-08,-1.0121731570599291e-08,-1.028369474101738e-08,-2.2182596732979985e-08
2026-06-17 06:13:00+00:00,0.01845502225519892,-0.020654057629709816,-0.13261671263426816,-1.195277631701304e-08,-1.0133856589914038e-08,-1.0276395455505067e-08,-2.2086632906927077e-08
2026-06-17 06:14:00+00:00,0.018634637154971503,-0.02092968719466967,-0.13211670557328825,-1.1844288117856061e-08,-1.0145682092746751e-08,-1.0268651811755337e-08,-2.1989970210602812e-08
2026-06-17 06:15:00+00:00,0.018811588657885375,-0.021205582758409308,-0.13161268194237183,-1.1735410220017884e-08,-1.0157210552871015e-08,-1.0260463479906004e-08,-2.18926207728889e-08
2026-06-17 06:16:00+00:00,0.018985869123942248,-0.021481727609634252,-0.13110470792984902,-1.1626152297950544e-08,-1.0168444453881137e-08,-1.0251830156678108e-08,-2.179459675183168e-08
2026-06-17 06:17:00+00:00,0.019157471126565316,-0.02175810501102926,-0.13059284988967043,-1.1516524045185168e-08,-1.0179386288450792e-08,-1.0242751565802823e-08,-2.169591033363596e-08
2026-06-17 06:18:00+00:00,0.019326387454245378,-0.02203469820266092,-0.13007717433435362,-1.1406535173394392e-08,-1.0190038558850211e-08,-1.0233227457786789e-08,-2.15965737322446e-08
2026-06-17 06:19:00+00:00,0.01949261110889934,-0.02231149039964553,-0.12955774793465225,-1.1296195412633435e-08,-1.0200403776019771e-08,-1.0223257610128522e-08,-2.1496599188653208e-08
2026-06-17 06:20:00+00:00,0.019656135310999988,-0.022588464801181422,-0.12903463749964175,-1.118551450763191e-08,-1.0210484459771587e-08,-1.0212841827106905e-08,-2.1395998967403497e-08
2026-06-17 06:21:00+00:00,0.019816953489344216,-0.022865604575434274,-0.1285079099974031,-1.1074502223611077e-08,-1.022028313696684e-08,-1.0201979939752677e-08,-2.1294785360577916e-08
2026-06-17 06:22:00+00:00,0.019975059302489204,-0.023142892890902822,-0.12797763251284713,-1.0963168333120113e-08,-1.0229802346822967e-08,-1.0190671807156182e-08,-2.119297067994308e-08
2026-06-17 06:23:00+00:00,0.020130446612518622,-0.023420312880751692,-0.12744387228164902,-1.0851522630687799e-08,-1.0239044632477815e-08,-1.0178917314282532e-08,-2.1090567263165614e-08
2026-06-17 06:24:00+00:00,0.02028310950308832,-0.02369784766856252,-0.1269066966577836,-1.0739574921455597e-08,-1.0248012546209258e-08,-1.0166716373379799e-08,-2.0987587467664856e-08
2026-06-17 06:25:00+00:00,0.020433042273893066,-0.023975480360974494,-0.12636617312091308,-1.0627335024623555e-08,-1.0256708647872592e-08,-1.0154068923864219e-08,-2.0884043672496145e-08
2026-06-17 06:26:00+00:00,0.020580239442288553,-0.024253194051298346,-0.1258223692655957,-1.0514812771191144e-08,-1.0265135504730576e-08,-1.0140974932166847e-08,-2.077994827592172e-08
2026-06-17 06:27:00+00:00,0.020724695741990394,-0.024530971817569705,-0.1252753528006404,-1.0402018004591619e-08,-1.0273295690657239e-08,-1.0127434391744292e-08,-2.0675313695248857e-08
2026-06-17 06:28:00+00:00,0.020866406125983762,-0.024808796729060986,-0.1247251915360569,-1.0288960578116147e-08,-1.0281191786986217e-08,-1.0113447323207695e-08,-2.0570152365102362e-08
2026-06-17 06:29:00+00:00,0.02100536576408947,-0.025086651842198937,-0.12417195338628356,-1.017565035588738e-08,-1.0288826381232382e-08,-1.0099013774248661e-08,-2.046447673711976e-08
2026-06-17 06:30:00+00:00,0.02114157004436055,-0.025364520204026575,-0.12361570635953242,-1.0062097211338516e-08,-1.0296202067222462e-08,-1.0084133819624897e-08,-2.0358299278560978e-08
2026-06-17 06:31:00+00:00,0.021275014572994154,-0.025642384852846097,-0.12305651855563807,-9.948311026801233e-09,-1.0303321445069736e-08,-1.0068807561119211e-08,-2.0251632471870968e-08
2026-06-17 06:32:00+00:00,0.021405695175280147,-0.02592022882108038,-0.12249445815633829,-9.834301692000537e-09,-1.0310187120799494e-08,-1.0053035127767633e-08,-2.0144488812800033e-08
2026-06-17 06:33:00+00:00,0.021533607891419684,-0.02619803512828882,-0.12192959343004897,-9.720079106592349e-09,-1.0316801704680663e-08,-1.0036816675336191e-08,-2.0036880811273014e-08
2026-06-17 06:34:00+00:00,0.02165874898960334,-0.0264757868049295,-0.12136199270321352,-9.605653170173737e-09,-1.0323167815987376e-08,-1.0020152387669915e-08,-1.9928820986161115e-08
2026-06-17 06:35:00+00:00,0.02178111494758143,-0.026753466861784453,-0.12079172438744473,-9.491033794660365e-09,-1.0329288075675985e-08,-1.0003042474769534e-08,-1.982032187033635e-08
2026-06-17 06:36:00+00:00,0.021900702465753256,-0.02703105831357617,-0.12021885694976085,-9.376230894508634e-09,-1.0335165110888509e-08,-9.985487173963553e-09,-1.9711396005397143e-08
2026-06-17 06:37:00+00:00,0.022017508462976516,-0.027308544172002083,-0.11964345891719685,-9.261254388728944e-09,-1.034080155311784e-08,-9.967486749867044e-09,-1.9602055941846785e-08
2026-06-17 06:38:00+00:00,0.022131530077428952,-0.02758590744895443,-0.11906559886930321,-9.146114199896619e-09,-1.0346200038613904e-08,-9.949041494006139e-09,-1.9492314238510523e-08
2026-06-17 06:39:00+00:00,0.022242764666271193,-0.0278631311566018,-0.11848534543395636,-9.030820253663344e-09,-1.0351363207571162e-08,-9.9301517252708e-09,-1.9382183461234507e-08
2026-06-17 06:40:00+00:00,0.022351209806559896,-0.02814019831061506,-0.11790276727704621,-8.915382477084219e-09,-1.0356293704332107e-08,-9.910817789223e-09,-1.9271676181416324e-08
2026-06-17 06:41:00+00:00,0.022456863294167528,-0.02841709192883024,-0.11731793310390334,-8.799810799065918e-09,-1.0360994176888967e-08,-9.891040058838174e-09,-1.9160804975954885e-08
2026-06-17 06:42:00+00:00,0.022559723143895795,-0.028693795032381883,-0.11673091165313085,-8.684115149518041e-09,-1.0365467276677286e-08,-9.870818934016917e-09,-1.904958242619533e-08
2026-06-17 06:43:00+00:00,0.0226597875902535,-0.028970290648865922,-0.11614177168640373,-8.568305457822386e-09,-1.0369715658314999e-08,-9.85015484176679e-09,-1.8938021116137386e-08
2026-06-17 06:44:00+00:00,0.02275705508477158,-0.029246561807744993,-0.11555058199184327,-8.452391654714609e-09,-1.0373741978439989e-08,-9.829048235726249e-09,-1.88261336331546e-08
2026-06-17 06:45:00+00:00,0.022851524305414535,-0.029522591562235162,-0.11495741135447034,-8.33638366245317e-09,-1.037754889987833e-08,-9.80749959736068e-09,-1.8713932562331498e-08
2026-06-17 06:46:00+00:00,0.022943194141770037,-0.029798362957593125,-0.11436232858860398,-8.22029140818302e-09,-1.0381139084373845e-08,-9.785509434351825e-09,-1.8601430492556866e-08
2026-06-17 06:47:00+00:00,0.023032063705210954,-0.030073859055410823,-0.11376540250601828,-8.104124813482676e-09,-1.0384515197185185e-08,-9.763078281543231e-09,-1.8488640010667863e-08
2026-06-17 06:48:00+00:00,0.02311813232541625,-0.030349062926148467,-0.11316670192277917,-7.987893797187706e-09,-1.0387679905676283e-08,-9.740206701032741e-09,-1.8375573702863987e-08
2026-06-17 06:49:00+00:00,0.023201399552580652,-0.03062395765773092,-0.11256629563761411,-7.871608271463331e-09,-1.0390635878924965e-08,-9.716895281254218e-09,-1.8262244150388298e-08
2026-06-17 06:50:00+00:00,0.023281865154163126,-0.030898526346700712,-0.11196425244903649,-7.755278145455449e-09,-1.039338578761355e-08,-9.693144637949563e-09,-1.8148663933069e-08
2026-06-17 06:51:00+00:00,0.023359529117004816,-0.031172752106704997,-0.11136064113364115,-7.638913321339157e-09,-1.0395932303807727e-08,-9.668955413615005e-09,-1.8034845625146886e-08
2026-06-17 06:52:00+00:00,0.0234343916462966,-0.031446618066532955,-0.11075553044797742,-7.522523695048751e-09,-1.0398278100622476e-08,-9.644328277533272e-09,-1.7920801795671227e-08
2026-06-17 06:53:00+00:00,0.023506453166014424,-0.03172010737342841,-0.11014898911748036,-7.406119154336596e-09,-1.0400425851935096e-08,-9.61926392569637e-09,-1.7806545006271692e-08
2026-06-17 06:54:00+00:00,0.02357571431788668,-0.031993203191388805,-0.10954108583890712,-7.289709579616385e-09,-1.0402378232471684e-08,-9.59376308091631e-09,-1.769208781208807e-08
2026-06-17 06:55:00+00:00,0.02364217596005774,-0.03226588869887142,-0.1089318892767008,-7.173304844664637e-09,-1.0404137916050041e-08,-9.567826492666373e-09,-1.757744276071468e-08
2026-06-17 06:56:00+00:00,0.023705839173549716,-0.032538147110024465,-0.10832146803363771,-7.056914806932229e-09,-1.040570757997621e-08,-9.541454937343938e-09,-1.746262238690844e-08
2026-06-17 06:57:00+00:00,0.023766705252438614,-0.03280996164821268,-0.10770989067676685,-6.940549319178572e-09,-1.0407089898233216e-08,-9.514649217431928e-09,-1.734763921741179e-08
2026-06-17 06:58:00+00:00,0.023824775708834248,-0.03308131556020105,-0.107097225722988,-6.8242182227972785e-09,-1.0408287545593028e-08,-9.487410162564925e-09,-1.7232505768390306e-08
2026-06-17 06:59:00+00:00,0.023880052272592246,-0.03335219211937876,-0.10648354162380888,-6.707931346317677e-09,-1.0409303196022854e-08,-9.459738628515602e-09,-1.711723454234053e-08
2026-06-17 07:00:00+00:00,0.023932536890142773,-0.033622574623361656,-0.10586890676924246,-6.591698506227768e-09,-1.041013952300676e-08,-9.431635497880514e-09,-1.700183802923453e-08
2026-06-17 07:01:00+00:00,0.023982231724668786,-0.03389244639736716,-0.10525338947678137,-6.475529505301684e-09,-1.0410799198938742e-08,-9.403101679321435e-09,-1.6886328704240426e-08
2026-06-17 07:02:00+00:00,0.02402913915538097,-0.034161790792578584,-0.10463705799161344,-6.359434133001253e-09,-1.0411284894722627e-08,-9.374138108180652e-09,-1.677071902772388e-08
2026-06-17 07:03:00+00:00,0.0240732617775076,-0.034430591189771105,-0.10401998047743816,-6.243422163736936e-09,-1.0411599280064667e-08,-9.344745745985995e-09,-1.6655021443801602e-08
2026-06-17 07:04:00+00:00,0.024114602401508718,-0.034698830997269295,-0.10340222501738378,-6.1275033577035264e-09,-1.0411745022809946e-08,-9.314925580802859e-09,-1.653924838051347e-08
2026-06-17 07:05:00+00:00,0.02415316405363058,-0.034966493657383024,-0.10278385959663,-6.011687457457508e-09,-1.0411724788758937e-08,-9.28467862655778e-09,-1.6423412246216444e-08
2026-06-17 07:06:00+00:00,0.02418894997344627,-0.03523356263626859,-0.10216495211819905,-5.89598419252465e-09,-1.0411541240506309e-08,-9.254005923724233e-09,-1.6307525433030957e-08
2026-06-17 07:07:00+00:00,0.02422196361853412,-0.03550002145159343,-0.10154557035861003,-5.780403266843503e-09,-1.0411197041623723e-08,-9.222908538535056e-09,-1.6191600308467226e-08
2026-06-17 07:08:00+00:00,0.024252208656979125,-0.0357658536367776,-0.10092578201421903,-5.664954374389745e-09,-1.0410694849528511e-08,-9.191387563553567e-09,-1.6075649223918257e-08
2026-06-17 07:09:00+00:00,0.024279688971966848,-0.036031042768177576,-0.10030565465795395,-5.549647186795295e-09,-1.04100373199214e-08,-9.159444117171454e-09,-1.5959684506716696e-08
2026-06-17 07:10:00+00:00,0.024304408659713717,-0.03629557245747735,-0.09968525574957801,-5.434491356877354e-09,-1.0409227105452831e-08,-9.127079343744396e-09,-1.5843718462330186e-08
2026-06-17 07:11:00+00:00,0.024326372029174516,-0.03655942635305185,-0.09906465262953006,-5.3194965173485126e-09,-1.040826685545314e-08,-9.094294413629612e-09,-1.5727763372801654e-08
2026-06-17 07:12:00+00:00,0.024345583601790448,-0.03682258814277127,-0.09844391250918784,-5.204672279664186e-09,-1.0407159215434735e-08,-9.061090522890491e-09,-1.561183149509892e-08
2026-06-17 07:13:00+00:00,0.024362048110857605,-0.037085041555409884,-0.09782310246655182,-5.090028233264849e-09,-1.0405906827287169e-08,-9.027468893190711e-09,-1.5495935060552017e-08
2026-06-17 07:14:00+00:00,0.02437577050097633,-0.037346770359259165,-0.09720228944608986,-4.975573945763619e-09,-1.0404512329033199e-08,-8.993430771999743e-09,-1.5380086274796818e-08
2026-06-17 07:15:00+00:00,0.02438675592769378,-0.03760775836495622,-0.09658154024902137,-4.861318961547637e-09,-1.0402978354034958e-08,-8.958977432328055e-09,-1.5264297315582595e-08
2026-06-17 07:16:00+00:00,0.024395009756848274,-0.03786798942583323,-0.09596092153139772,-4.747272801601745e-09,-1.040130753152744e-08,-8.924110172724545e-09,-1.5148580333129185e-08
2026-06-17 07:17:00+00:00,0.024400537564142635,-0.038127447441005935,-0.09534049979379716,-4.633444961649705e-09,-1.0399502485883685e-08,-8.88883031703494e-09,-1.503294744753339e-08
2026-06-17 07:18:00+00:00,0.024403345134275146,-0.03838611634794532,-0.09472034138994086,-4.519844915406243e-09,-1.0397565835368106e-08,-8.853139214812194e-09,-1.491741075077435e-08
2026-06-17 07:19:00+00:00,0.02440343846157988,-0.03864398014730816,-0.0941005124895434,-4.4064821035539514e-09,-1.039550019651459e-08,-8.817038240207371e-09,-1.4801982300068542e-08
2026-06-17 07:20:00+00:00,0.024400823747519458,-0.03890102287043824,-0.09348107911788779,-4.29336594753401e-09,-1.0393308177119397e-08,-8.780528793279675e-09,-1.4686674124653407e-08
2026-06-17 07:21:00+00:00,0.024395507401423794,-0.03915722860433711,-0.09286210711759028,-4.180505838595995e-09,-1.0390992380513968e-08,-8.743612298742678e-09,-1.4571498219109964e-08
2026-06-17 07:22:00+00:00,0.024387496039628132,-0.03941258148412624,-0.0922436621573886,-4.067911140796403e-09,-1.0388555404076565e-08,-8.706290206540883e-09,-1.4456466544872969e-08
2026-06-17 07:23:00+00:00,0.024376796484724114,-0.03966706569622303,-0.09162580972344905,-3.955591189492355e-09,-1.038599983925633e-08,-8.668563991518943e-09,-1.4341591028748684e-08
2026-06-17 07:24:00+00:00,0.02436341576499935,-0.039920665478316394,-0.09100861511635805,-3.84355529108186e-09,-1.038332827125458e-08,-8.630435153415444e-09,-1.422688356233644e-08
2026-06-17 07:25:00+00:00,0.024347361113744394,-0.04017336512265935,-0.09039214344067661,-3.731812721384796e-09,-1.0380543278649122e-08,-8.591905216461961e-09,-1.4112356000033918e-08
2026-06-17 07:26:00+00:00,0.024328639968577412,-0.04042514897436618,-0.08977645960736852,-3.6203727261794475e-09,-1.0377647433325599e-08,-8.552975729864176e-09,-1.3998020159505046e-08
2026-06-17 07:27:00+00:00,0.024307259970883423,-0.04067600143267337,-0.08916162832804664,-3.5092445205185856e-09,-1.0374643300410087e-08,-8.513648267341802e-09,-1.3883887820928673e-08
2026-06-17 07:28:00+00:00,0.024283228965033078,-0.04092590695400701,-0.08854771410490431,-3.3984372869825417e-09,-1.037153343764696e-08,-8.473924427099755e-09,-1.3769970724629502e-08
2026-06-17 07:29:00+00:00,0.024256554997899728,-0.04117485004706402,-0.08793478123542932,-3.287960177933e-09,-1.0368320394491009e-08,-8.433805831929617e-09,-1.3656280572424009e-08
2026-06-17 07:30:00+00:00,0.024227246316841665,-0.04142281529472404,-0.08732289377978754,-3.1778223054686544e-09,-1.0365006716088118e-08,-8.393294127887487e-09,-1.3542829021556773e-08
2026-06-17 07:31:00+00:00,0.024195311371194926,-0.04166978732225926,-0.08671211560011549,-3.068032755277644e-09,-1.0361594936355061e-08,-8.352390986441396e-09,-1.3429627691632705e-08
2026-06-17 07:32:00+00:00,0.024160758809817523,-0.0419157508216255,-0.08610251032387439,-2.9586005758679328e-09,-1.0358087582417059e-08,-8.311098102495158e-09,-1.3316688158284991e-08
2026-06-17 07:33:00+00:00,0.024123597481242647,-0.04216069054366063,-0.08549414135384326,-2.8495347815241104e-09,-1.0354487173292146e-08,-8.269417195531673e-09,-1.3204021954816256e-08
2026-06-17 07:34:00+00:00,0.024083836431813915,-0.04240459130641519,-0.08488707184567434,-2.7408443487634894e-09,-1.0350796219317626e-08,-8.22735000794801e-09,-1.3091640568081115e-08
2026-06-17 07:35:00+00:00,0.024041484906277596,-0.042647437986690254,-0.08428136472670157,-2.632538219746246e-09,-1.0347017222280173e-08,-8.184898306821677e-09,-1.2979555442026418e-08
2026-06-17 07:36:00+00:00,0.023996552345898432,-0.04288921552808757,-0.08367708267385153,-2.524625298425725e-09,-1.0343152675226488e-08,-8.142063882423385e-09,-1.2867777973652213e-08
2026-06-17 07:37:00+00:00,0.02394904838816752,-0.04312990893882565,-0.08307428811689863,-2.41711445153877e-09,-1.0339205062005247e-08,-8.098848548779193e-09,-1.2756319513544017e-08
2026-06-17 07:38:00+00:00,0.023898982865618347,-0.04336950329489918,-0.08247304322804203,-2.3100145068967252e-09,-1.0335176857222048e-08,-8.055254143068507e-09,-1.2645191364118774e-08
2026-06-17 07:39:00+00:00,0.023846365805316752,-0.04360798373870586,-0.08187340992405887,-2.203334253729276e-09,-1.0331070526067005e-08,-8.01128252606113e-09,-1.253440477979628e-08
2026-06-17 07:40:00+00:00,0.023791207428846137,-0.043845335476194645,-0.0812754498645557,-2.0970824440621174e-09,-1.0326888522836254e-08,-7.966935582209672e-09,-1.2423970966898373e-08
2026-06-17 07:41:00+00:00,0.02373351814753455,-0.04408154379820915,-0.08067922442104142,-1.9912677826819213e-09,-1.032263329533073e-08,-7.92221521762275e-09,-1.2313901078012653e-08
2026-06-17 07:42:00+00:00,0.02367330856703749,-0.044316594051789296,-0.08008479471028059,-1.8858989401012073e-09,-1.0318307277931498e-08,-7.877123362614558e-09,-1.2204206218032705e-08
2026-06-17 07:43:00+00:00,0.023610589483193754,-0.04455047165940086,-0.07949222156838037,-1.780984543346816e-09,-1.0313912895746653e-08,-7.83166197012491e-09,-1.209489743909347e-08
2026-06-17 07:44:00+00:00,0.023545371881740038,-0.04478316211649483,-0.07890156554833526,-1.6765331774075613e-09,-1.0309452563502815e-08,-7.785833015749008e-09,-1.1985985740910375e-08
2026-06-17 07:45:00+00:00,0.023477666937439263,-0.04501465099164527,-0.07831288691841679,-1.5725533846326925e-09,-1.0304928685138321e-08,-7.739638497871088e-09,-1.1877482069771013e-08
2026-06-17 07:46:00+00:00,0.023407486012674155,-0.045244923929292344,-0.07772624565296478,-1.4690536634314649e-09,-1.0300343653737949e-08,-7.693080436953767e-09,-1.1769397317169414e-08
2026-06-17 07:47:00+00:00,0.02333484065728733,-0.04547396664825716,-0.07714170143341634,-1.366042468802226e-09,-1.0295699851258586e-08,-7.646160876161624e-09,-1.1661742320060812e-08
2026-06-17 07:48:00+00:00,0.0232597426073791,-0.04570176494322427,-0.07655931364371601,-1.2635282115255419e-09,-1.0290999648391901e-08,-7.598881880987382e-09,-1.1554527859917443e-08
2026-06-17 07:49:00+00:00,0.023182203783925166,-0.045928304687014185,-0.07597914136201032,-1.1615192568557752e-09,-1.0286245404316777e-08,-7.55124553893094e-09,-1.1447764661172553e-08
2026-06-17 07:50:00+00:00,0.023102236291780272,-0.04615357183168979,-0.07540124335560461,-1.0600239239049266e-09,-1.0281439466529815e-08,-7.50325395927687e-09,-1.134146339043474e-08
2026-06-17 07:51:00+00:00,0.02301985242113471,-0.046377552401804675,-0.07482567809038518,-9.590504886283625e-10,-1.0276584169497852e-08,-7.454909274136784e-09,-1.1235634658126215e-08
2026-06-17 07:52:00+00:00,0.022935064638577383,-0.04660023251935066,-0.0742525036908885,-8.586071724092717e-10,-1.0271681838998752e-08,-7.40621363516839e-09,-1.1130289011408024e-08
2026-06-17 07:53:00+00:00,0.022847885597417843,-0.04682159837024104,-0.07368177798490369,-7.587021566563597e-10,-1.0266734785190392e-08,-7.357169217910264e-09,-1.1025436941846751e-08
2026-06-17 07:54:00+00:00,0.022758328128638657,-0.047041636229613576,-0.07311355846302954,-6.593435719063943e-10,-1.026174530682301e-08,-7.307778218207037e-09,-1.0921088878729404e-08
2026-06-17 07:55:00+00:00,0.022666405242419325,-0.047260332454705664,-0.0725479022887382,-5.605395000877289e-10,-1.0256715690131031e-08,-7.258042853536998e-09,-1.081725519021876e-08
2026-06-17 07:56:00+00:00,0.022572130127179884,-0.04747767348594163,-0.07198486629341465,-4.6229797460275817e-10,-1.0251648208405277e-08,-7.207965362715266e-09,-1.0713946183008035e-08
2026-06-17 07:57:00+00:00,0.022475516147815407,-0.04769364584949236,-0.07142450696790478,-3.646269785228066e-10,-1.0246545121959373e-08,-7.157548005402427e-09,-1.061117210048218e-08
2026-06-17 07:58:00+00:00,0.022376576844397325,-0.04790823615824879,-0.07086688045868972,-2.6753444410675687e-10,-1.0241408677869701e-08,-7.1067930620728265e-09,-1.0508943121976458e-08
2026-06-17 07:59:00+00:00,0.02227532593211636,-0.04812143111056238,-0.07031204256887875,-1.7102825346161897e-10,-1.0236241109862379e-08,-7.055702834096174e-09,-1.0407269363323998e-08
2026-06-17 08:00:00+00:00,0.022171777299464655,-0.048333217492862415,-0.06976004874951577,-7.511623688655054e-11,-1.0231044638077266e-08,-7.004279643525346e-09,-1.0306160874963817e-08
2026-06-17 08:01:00+00:00,0.02206594500736059,-0.04854358217964612,-0.06921095409835588,2.019382715690208e-11,-1.0225821468842637e-08,-6.952525832906497e-09,-1.0205627641685735e-08
2026-06-17 08:02:00+00:00,0.021957843287183552,-0.04875251213617335,-0.06866481335094313,1.1489421326914089e-10,-1.0220573794660292e-08,-6.900443764832078e-09,-1.0105679581391151e-08
2026-06-17 08:03:00+00:00,0.02184748654338537,-0.04895999441182646,-0.06812168088896037,2.0897724660035338e-10,-1.0215303792723434e-08,-6.848035823084339e-09,-1.0006326546123082e-08
2026-06-17 08:04:00+00:00,0.021734889341867507,-0.04916601616218033,-0.0675816107086151,3.0243531245097864e-10,-1.0210013629236756e-08,-6.7953044093205504e-09,-9.907578316785777e-09
2026-06-17 08:05:00+00:00,0.021620066423353408,-0.049370564619915666,-0.0670446564539939,3.95260843898835e-10,-1.0204705452709414e-08,-6.742251947218814e-09,-9.809444608810578e-09
2026-06-17 08:06:00+00:00,0.0215030326919934,-0.049573627116650226,-0.06651087138549906,4.874463312108501e-10,-1.0199381398005979e-08,-6.688880879281698e-09,-9.71193506679513e-09
2026-06-17 08:07:00+00:00,0.021383803217885747,-0.04977519107654029,-0.06598030838783427,5.789843196497946e-10,-1.0194043585245752e-08,-6.6351936677865695e-09,-9.615059265595958e-09
2026-06-17 08:08:00+00:00,0.021262393234751886,-0.049975244018866535,-0.06545301996216533,6.698674103044235e-10,-1.018869411957722e-08,-6.581192794441873e-09,-9.518826709272797e-09
2026-06-17 08:09:00+00:00,0.021138818139373926,-0.05017377355786279,-0.0649290582243682,7.600882603766532e-10,-1.0183335090868954e-08,-6.526880760289652e-09,-9.4232468304923e-09
2026-06-17 08:10:00+00:00,0.021013093489297023,-0.05037076740532773,-0.06440847489689795,8.496395845124568e-10,-1.0177968573797395e-08,-6.472260085170956e-09,-9.328328989284939e-09
2026-06-17 08:11:00+00:00,0.020885235002783994,-0.05056621336931695,-0.06389132131045593,9.385141544407745e-10,-1.017259662747915e-08,-6.417333308120173e-09,-9.234082473038375e-09
2026-06-17 08:12:00+00:00,0.020755258557556566,-0.050760099355109556,-0.06337764839994108,1.0267047991469978e-09,-1.0167221295327019e-08,-6.362102987169297e-09,-9.14051649618002e-09
2026-06-17 08:13:00+00:00,0.020623180188586533,-0.05095241336756988,-0.0628675066965335,1.114204406544273e-09,-1.0161844604999594e-08,-6.306571698841753e-09,-9.047640198455322e-09
2026-06-17 08:14:00+00:00,0.020489016089978183,-0.05114314350679389,-0.06236094633084444,1.2010059215833517e-09,-1.015646856706837e-08,-6.250742038730662e-09,-8.955462645485019e-09
2026-06-17 08:15:00+00:00,0.020352782601959295,-0.05133227798718211,-0.061858017008883506,1.287102354427541e-09,-1.0151095179095973e-08,-6.194616618457113e-09,-8.863992824668432e-09
2026-06-17 08:16:00+00:00,0.020214496228066484,-0.05151980510958648,-0.06135876804193666,1.3724867688305974e-09,-1.0145726419241208e-08,-6.138198070330905e-09,-8.77323965041061e-09
2026-06-17 08:17:00+00:00,0.02007417362070636,-0.05170571328231445,-0.06086324831796196,1.4571522912216262e-09,-1.014036425015944e-08,-6.081489043698615e-09,-8.683211958937814e-09
2026-06-17 08:18:00+00:00,0.019931831584582768,-0.051889991014902416,-0.06037150630919086,1.5410921081606973e-09,-1.0135010617891385e-08,-6.0244922061122175e-09,-8.593918509730688e-09
2026-06-17 08:19:00+00:00,0.019787487072624864,-0.05207262692251141,-0.059883590059157485,1.6242994685095977e-09,-1.0129667451732372e-08,-5.967210242156423e-09,-8.505367983222774e-09
2026-06-17 08:20:00+00:00,0.019641157187242547,-0.052253609723173486,-0.05939954718853573,1.7067676822486166e-09,-1.0124336663951222e-08,-5.909645854416723e-09,-8.417568981702606e-09
2026-06-17 08:21:00+00:00,0.01949285917767547,-0.052432928240337795,-0.05891942488693841,1.7884901216875283e-09,-1.0119020149797551e-08,-5.851801762526537e-09,-8.330530028110022e-09
2026-06-17 08:22:00+00:00,0.01934261043912328,-0.05261057140289016,-0.05844326991145812,1.869460221756696e-09,-1.0113719787270763e-08,-5.793680703535131e-09,-8.244259565514067e-09
2026-06-17 08:23:00+00:00,0.01919042851039423,-0.05278652824720964,-0.05797112857964444,1.9496714809149146e-09,-1.0108437436886363e-08,-5.735285431073876e-09,-8.158765955971448e-09
2026-06-17 08:24:00+00:00,0.019036331073643647,-0.05296078791632969,-0.057503046770602785,2.0291174610207533e-09,-1.0103174941689526e-08,-5.6766187157859e-09,-8.074057480668773e-09
2026-06-17 08:25:00+00:00,0.018880335957073165,-0.05313333965595354,-0.057039069926788824,2.107791785573928e-09,-1.0097934125952647e-08,-5.617683346217937e-09,-7.990142340378719e-09
2026-06-17 08:26:00+00:00,0.01872246111700685,-0.05330417283506404,-0.05657924302657109,2.185688149022438e-09,-1.0092716799369052e-08,-5.558482124103733e-09,-7.907028650346614e-09
2026-06-17 08:27:00+00:00,0.018562724659170533,-0.05347327691884385,-0.05612361061205158,2.262800304951884e-09,-1.0087524750289767e-08,-5.499017870283839e-09,-7.824724445337882e-09
2026-06-17 08:28:00+00:00,0.018401144823804963,-0.053640641486125074,-0.0556722167696756,2.33912207380055e-09,-1.0082359750144456e-08,-5.439293421004574e-09,-7.743237676343905e-09
2026-06-17 08:29:00+00:00,0.018237739986525253,-0.05380625622715414,-0.05522510512810597,2.4146473421766723e-09,-1.0077223552053095e-08,-5.379311628323592e-09,-7.662576209876422e-09
2026-06-17 08:30:00+00:00,0.01807252865778372,-0.05397011094316413,-0.05478231885763789,2.489370062488914e-09,-1.0072117890725142e-08,-5.3190753601641046e-09,-7.582747828236229e-09
2026-06-17 08:31:00+00:00,0.017905529479861376,-0.0541321955486642,-0.054343900663072986,2.563284254468773e-09,-1.0067044482306398e-08,-5.258587499738837e-09,-7.503760227837624e-09
2026-06-17 08:32:00+00:00,0.017736761227295766,-0.05429250007028962,-0.05390989278537666,2.636384004461936e-09,-1.0062005024303755e-08,-5.197850945811639e-09,-7.425621019841819e-09
2026-06-17 08:33:00+00:00,0.01756624280504274,-0.05445101464778136,-0.053480336997981666,2.7086634661511923e-09,-1.0057001195456417e-08,-5.136868612516023e-09,-7.348337729305225e-09
2026-06-17 08:34:00+00:00,0.017393993245984948,-0.05460772953559085,-0.05305527460106412,2.7801168611858405e-09,-1.0052034655429924e-08,-5.075643428955649e-09,-7.271917794244084e-09
2026-06-17 08:35:00+00:00,0.017220031709428985,-0.054762635103611686,-0.05263474641842712,2.8507384799383257e-09,-1.0047107044933625e-08,-5.014178338701222e-09,-7.1963685649953e-09
2026-06-17 08:36:00+00:00,0.017044377485357285,-0.05491572183219123,-0.05221879280243274,2.9205226791040762e-09,-1.0042219984300382e-08,-4.95247630145269e-09,-7.121697305196306e-09
2026-06-17 08:37:00+00:00,0.016867049974399244,-0.055066980330767595,-0.051807453612098646,2.989463890091121e-09,-1.0037375077867427e-08,-4.89054028797302e-09,-7.0479111877763065e-09
2026-06-17 08:38:00+00:00,0.016688068712946976,-0.05521640131254431,-0.05140076823582075,3.057556608170766e-09,-1.003257390723858e-08,-4.8283732867579445e-09,-6.975017299067813e-09
2026-06-17 08:39:00+00:00,0.016507453353026395,-0.05536397561321016,-0.050998775569441275,3.1247954005163944e-09,-1.0027818035477916e-08,-4.765978298843755e-09,-6.903022634961521e-09
2026-06-17 08:40:00+00:00,0.016325223666670746,-0.05550969418585078,-0.05060151402129479,3.19117490447731e-09,-1.0023109005965206e-08,-4.703358339517971e-09,-6.831934101487896e-09
2026-06-17 08:41:00+00:00,0.016141399544409032,-0.055653548101630826,-0.050209021509318406,3.256689827452138e-09,-1.0018448342250284e-08,-4.640516437949302e-09,-6.7617585147981466e-09
2026-06-17 08:42:00+00:00,0.01595600099244407,-0.055795528551454907,-0.04982133545562971,3.321334948150303e-09,-1.0013837548049915e-08,-4.5774556366150504e-09,-6.692502599899612e-09
2026-06-17 08:43:00+00:00,0.015769048130908514,-0.05593562684654094,-0.049438492783635976,3.3851051168146527e-09,-1.0009278106821712e-08,-4.5141789911046485e-09,-6.624172990007059e-09
2026-06-17 08:44:00+00:00,0.015580561194055742,-0.056073834417684695,-0.04906052991911934,3.4479952550326006e-09,-1.0004771482002592e-08,-4.450689570477715e-09,-6.556776226969992e-09
2026-06-17 08:45:00+00:00,0.015390560527559233,-0.056210142816782195,-0.048687482785069694,3.5100003562283716e-09,-1.0000319116683918e-08,-4.386990456631783e-09,-6.490318760455547e-09
2026-06-17 08:46:00+00:00,0.015199066587260631,-0.056344543717042804,-0.048319386800021506,3.5711154863226763e-09,-9.995922433582609e-09,-4.3230847443163616e-09,-6.424806947259933e-09
2026-06-17 08:47:00+00:00,0.015006099936277807,-0.05647702891448017,-0.04795627687303158,3.6313357841835464e-09,-9.99158283483115e-09,-4.25897554054009e-09,-6.3602470506476036e-09
2026-06-17 08:48:00+00:00,0.01481168125026991,-0.056607590323345204,-0.04759818740749582,3.6906564597376106e-09,-9.987301700889061e-09,-4.194665966064514e-09,-6.296645241151451e-09
2026-06-17 08:49:00+00:00,0.014615831295988955,-0.05673621999192,-0.047245152287792955,3.749072800926162e-09,-9.983080394917885e-09,-4.130159150477493e-09,-6.234007593991723e-09
2026-06-17 08:50:00+00:00,0.01441857095772969,-0.056862910081224294,-0.04689720489025606,3.806580164685761e-09,-9.978920255754424e-09,-4.065458238702083e-09,-6.172340091068663e-09
2026-06-17 08:51:00+00:00,0.01421992121601723,-0.05698765288074151,-0.04655437807017293,3.8631739837486535e-09,-9.974822602470669e-09,-4.000566385976308e-09,-6.111648618722016e-09
2026-06-17 08:52:00+00:00,0.014019903152983414,-0.05711044080383951,-0.0462167041657048,3.918849764819096e-09,-9.9707887331255e-09,-3.935486759444419e-09,-6.051938968306405e-09
2026-06-17 08:53:00+00:00,0.013818537948814505,-0.05723126638940882,-0.04588421499242406,3.973603089192906e-09,-9.966819924642253e-09,-3.870222537582475e-09,-5.993216835449347e-09
2026-06-17 08:54:00+00:00,0.013615846881276192,-0.057350122301680274,-0.045556941842752885,4.027429613125968e-09,-9.96291743267214e-09,-3.8047769101495855e-09,-5.935487819546172e-09
2026-06-17 08:55:00+00:00,0.01341185132191178,-0.05746700133198909,-0.0452349154808469,4.080325068237482e-09,-9.959082491557957e-09,-3.739153077341897e-09,-5.878757423320474e-09
2026-06-17 08:56:00+00:00,0.0132065727382738,-0.057581896396947524,-0.04491816614610023,4.132285261122476e-09,-9.955316314273224e-09,-3.673354250884717e-09,-5.823031053150748e-09
2026-06-17 08:57:00+00:00,0.013000032688465472,-0.057694800541119584,-0.04460672354519515,4.183306074492344e-09,-9.951620092159488e-09,-3.6073836526236026e-09,-5.7683140176671435e-09
2026-06-17 08:58:00+00:00,0.012792252821748283,-0.05780570693622897,-0.04430061685386713,4.233383466823315e-09,-9.947994995117984e-09,-3.5412445149190137e-09,-5.7146115282946695e-09
2026-06-17 08:59:00+00:00,0.012583254880323568,-0.05791460887924377,-0.0439998747127229,4.282513471915052e-09,-9.944442170055082e-09,-3.4749400813681538e-09,-5.661928698140031e-09
2026-06-17 09:00:00+00:00,0.012373060678391844,-0.058021499805038415,-0.04370452522388257,4.330692203830313e-09,-9.940962745590836e-09,-3.408473601903227e-09,-5.610270541760523e-09
2026-06-17 09:01:00+00:00,0.012161692130943955,-0.058126373267618936,-0.0434145959542764,4.377915849540109e-09,-9.937557825071125e-09,-3.341848339904655e-09,-5.559641975531016e-09
2026-06-17 09:02:00+00:00,0.011949171232302559,-0.05822922295313487,-0.043130113930545874,4.424180674248542e-09,-9.93422849108471e-09,-3.275067567282068e-09,-5.510047816836168e-09
2026-06-17 09:03:00+00:00,0.011735520058156118,-0.0583300426777266,-0.04285110563623665,4.469483020598694e-09,-9.930975804022259e-09,-3.2081345652553826e-09,-5.461492783423564e-09
2026-06-17 09:04:00+00:00,0.011520760763455358,-0.058428826388146796,-0.04257759701008608,4.513819308984778e-09,-9.927800802326344e-09,-3.1410526237497178e-09,-5.4139814933415654e-09
2026-06-17 09:05:00+00:00,0.011304915583025058,-0.05852556816098972,-0.042309613446504774,4.557186037314549e-09,-9.924704502177119e-09,-3.0738250419870398e-09,-5.36751846486257e-09
2026-06-17 09:06:00+00:00,0.011088006827999928,-0.05862026220398335,-0.04204717979203415,4.5995797816519775e-09,-9.92168789753893e-09,-3.0064551279945895e-09,-5.322108115886953e-09
2026-06-17 09:07:00+00:00,0.010870056885255351,-0.05871290285585332,-0.04179032034444869,4.640997196283217e-09,-9.918751959950283e-09,-2.9389461982046555e-09,-5.277754763667067e-09
2026-06-17 09:08:00+00:00,0.010651088213549077,-0.05880348458761969,-0.04153905884953317,4.681435014134608e-09,-9.915897638700942e-09,-2.8713015771293344e-09,-5.234462624566334e-09
2026-06-17 09:09:00+00:00,0.010431123344406273,-0.05889200200179422,-0.041293418501424595,4.720890046600638e-09,-9.913125860443485e-09,-2.8035245975987055e-09,-5.192235813842847e-09
2026-06-17 09:10:00+00:00,0.010210184885666324,-0.0589784498301391,-0.041053421940798654,4.759359182918217e-09,-9.9104375281223e-09,-2.7356186019470447e-09,-5.151078345204084e-09
2026-06-17 09:11:00+00:00,0.00998829549542477,-0.05906282294599118,-0.04081909125302338,4.796839394782077e-09,-9.907833525803497e-09,-2.667586935848757e-09,-5.11099413102142e-09
2026-06-17 09:12:00+00:00,0.0097654779144832,-0.05914511634741898,-0.0405904479645459,4.833327729998532e-09,-9.905314711111685e-09,-2.599432956212351e-09,-5.071986981113154e-09
2026-06-17 09:13:00+00:00,0.009541754943921742,-0.059225325168209116,-0.04036751304487993,4.868821316848854e-09,-9.902881920164312e-09,-2.5311600263770173e-09,-5.034060603315458e-09
2026-06-17 09:14:00+00:00,0.009317149447480966,-0.059303444675930676,-0.040150306903611675,4.903317363305801e-09,-9.900535966378987e-09,-2.462771516489624e-09,-4.997218603073186e-09
2026-06-17 09:15:00+00:00,0.009091684350385716,-0.0593794702719961,-0.03993884938915062,4.936813157135984e-09,-9.898277640199406e-09,-2.394270803704964e-09,-4.961464483063421e-09
2026-06-17 09:16:00+00:00,0.008865382636081784,-0.05945339749247317,-0.039733159786078116,4.969306066371676e-09,-9.896107709207338e-09,-2.325661271432262e-09,-4.926801642835663e-09
2026-06-17 09:17:00+00:00,0.008638267346522155,-0.0595252220076812,-0.03953325681639237,5.000793539121827e-09,-9.894026918020963e-09,-2.256946309659356e-09,-4.893233378899136e-09
2026-06-17 09:18:00+00:00,0.00841036158047068,-0.05959493962245929,-0.039339158637430836,5.031273103847959e-09,-9.892035988229407e-09,-2.1881293149863725e-09,-4.860762884381448e-09
2026-06-17 09:19:00+00:00,0.008181688489983272,-0.059662546277017246,-0.03915088283937628,5.060742369337536e-09,-9.890135618309252e-09,-2.1192136896036583e-09,-4.829393248971716e-09
2026-06-17 09:20:00+00:00,0.007952271278633662,-0.059728038047116655,-0.03896844644482108,5.089199025601309e-09,-9.88832648371276e-09,-2.050202841290649e-09,-4.79912745811145e-09
2026-06-17 09:21:00+00:00,0.007722133207838647,-0.059791411141437975,-0.03879186590654826,5.116640842139288e-09,-9.886609235396604e-09,-1.981100185220245e-09,-4.769968393257316e-09
2026-06-17 09:22:00+00:00,0.0074912975694626655,-0.05985266191155118,-0.0386211571130617,5.143065672216172e-09,-9.884984504797593e-09,-1.911909137393923e-09,-4.741918832581422e-09
2026-06-17 09:23:00+00:00,0.007259787720757532,-0.059911786837960244,-0.038456335377066345,5.168471447567747e-09,-9.883452896443862e-09,-1.8426331234815876e-09,-4.714981448876115e-09
2026-06-17 09:24:00+00:00,0.007027627056996721,-0.059968782540103314,-0.03829741544096777,5.192856182070237e-09,-9.882014992847305e-09,-1.7732755721563505e-09,-4.689158810777068e-09
2026-06-17 09:25:00+00:00,0.006794839017686422,-0.06002364577370111,-0.03814441147475363,5.216217970950478e-09,-9.880671353078132e-09,-1.7038399170986582e-09,-4.664453382127654e-09
2026-06-17 09:26:00+00:00,0.006561447085147025,-0.06007637343085411,-0.037997337075628586,5.238554990724729e-09,-9.879422512792806e-09,-1.6343295967596523e-09,-4.640867522068077e-09
2026-06-17 09:27:00+00:00,0.00632747478046101,-0.06012696254083705,-0.03785620526642421,5.259865499597556e-09,-9.878268984434481e-09,-1.5647480535585943e-09,-4.618403484836926e-09
2026-06-17 09:28:00+00:00,0.006092945661887051,-0.06017541027016155,-0.03772102849380573,5.280147837724305e-09,-9.877211256815684e-09,-1.4950987337001653e-09,-4.597063419091379e-09
2026-06-17 09:29:00+00:00,0.005857883325504956,-0.06022171392220982,-0.03759181862937359,5.299400426658155e-09,-9.876249795319234e-09,-1.4253850876541162e-09,-4.576849368661078e-09
2026-06-17 09:30:00+00:00,0.005622311401273183,-0.060265870937884936,-0.037468586968584225,5.317621770061625e-09,-9.87538504184857e-09,-1.3556105694181046e-09,-4.5577632717869455e-09
2026-06-17 09:31:00+00:00,0.005386253552282373,-0.06030787889556212,-0.03735134422923122,5.334810453427336e-09,-9.874617414803088e-09,-1.2857786363639967e-09,-4.539806961375752e-09
2026-06-17 09:32:00+00:00,0.005149733470733267,-0.06034773551160776,-0.03724010055031409,5.350965144535883e-09,-9.873947308883147e-09,-1.2158927487211863e-09,-4.5229821643472636e-09
2026-06-17 09:33:00+00:00,0.004912774887187083,-0.06038543863791959,-0.03713486549058029,5.366084592362942e-09,-9.873375094076568e-09,-1.1459563719351204e-09,-4.5072905017136264e-09
2026-06-17 09:34:00+00:00,0.004675401538188547,-0.06042098627007124,-0.03703564803933468,5.380167630103145e-09,-9.872901120550121e-09,-1.07597296904521e-09,-4.492733490446976e-09
2026-06-17 09:35:00+00:00,0.004437637205996282,-0.060454376536114726,-0.03694245659606599,5.393213171383027e-09,-9.872525710968257e-09,-1.0059460105664064e-09,-4.479312539585231e-09
2026-06-17 09:36:00+00:00,0.004199505688695923,-0.06048560770430222,-0.03685529898309754,5.405220212721931e-09,-9.872249165640553e-09,-9.358789672785527e-10,-4.467028952918621e-09
2026-06-17 09:37:00+00:00,0.003961030807637027,-0.060514678180939106,-0.036774182443494306,5.416187832943867e-09,-9.872071761258449e-09,-8.657753126691335e-10,-4.4558839283145815e-09
2026-06-17 09:38:00+00:00,0.0037222364032023438,-0.060541586510804414,-0.03669911363865272,5.426115193387076e-09,-9.871993750820018e-09,-7.956385216499786e-10,-4.445878557432942e-09
2026-06-17 09:39:00+00:00,0.00348314633636448,-0.060566331376853556,-0.03663009864955838,5.43500153776919e-09,-9.872015363566324e-09,-7.254720715231847e-10,-4.437013825797134e-09
2026-06-17 09:40:00+00:00,0.0032437844798475883,-0.06058891160103327,-0.036567142974933776,5.442846192440226e-09,-9.872136805157699e-09,-6.552794397865718e-10,-4.429290612717473e-09
2026-06-17 09:41:00+00:00,0.003004174725580367,-0.06060932614336562,-0.03651025153271856,5.449648565994686e-09,-9.872358257454965e-09,-5.850641064187016e-10,-4.422709691460279e-09
2026-06-17 09:42:00+00:00,0.0027643409759498883,-0.060627574102711836,-0.03645942865826212,5.455408149829187e-09,-9.872679878591594e-09,-5.14829551805777e-10,-4.417271728762406e-09
2026-06-17 09:43:00+00:00,0.002524307145168099,-0.06064365471650853,-0.03641467810583629,5.46012451779933e-09,-9.873101803114237e-09,-4.4457925733874996e-10,-4.412977285314907e-09
2026-06-17 09:44:00+00:00,0.0022840971618082783,-0.0606575673597736,-0.03637600304112839,5.4637973259879494e-09,-9.873624140388416e-09,-3.7431670622994593e-10,-4.409826814400466e-09
2026-06-17 09:45:00+00:00,0.0020437349435384307,-0.060669311549745024,-0.036343406064109185,5.4664263141438084e-09,-9.874246980003224e-09,-3.040453777113032e-10,-4.407820665859415e-09
2026-06-17 09:46:00+00:00,0.0018032444320638002,-0.060678886938747886,-0.03631688917714992,5.468011303412328e-09,-9.87497038403308e-09,-2.3376875554926576e-10,-4.406959080620752e-09
2026-06-17 09:47:00+00:00,0.0015626495678333257,-0.06068629331899922,-0.03629645380506994,5.468552197917278e-09,-9.875794392020821e-09,-1.6349032238761946e-10,-4.4072421941035436e-09
2026-06-17 09:48:00+00:00,0.001321974292077402,-0.06069153062148254,-0.03628210079043123,5.468048984451313e-09,-9.876719019765123e-09,-9.321356019852104e-11,-4.40867003531381e-09
2026-06-17 09:49:00+00:00,0.0010812425453234189,-0.06069459891585819,-0.03627383039433865,5.4665017321448195e-09,-9.87774425948983e-09,-2.2941950299604884e-11,-4.411242527345011e-09
2026-06-17 09:50:00+00:00,0.0008404782674019521,-0.0606954984104486,-0.03627164229558601,5.4639105927369305e-09,-9.878870079652325e-09,4.732102648666407e-11,-4.4149594869153945e-09
2026-06-17 09:51:00+00:00,0.0005997053944916328,-0.0606942294521699,-0.03627553559122885,5.460275800516877e-09,-9.88009642496745e-09,1.1757189020334364e-10,-4.419820624450573e-09
2026-06-17 09:52:00+00:00,0.00035894785759781056,-0.06069079252655934,-0.03628550879668825,5.455597672077096e-09,-9.881423216509e-09,1.8780716204109045e-10,-4.425825544431904e-09
2026-06-17 09:53:00+00:00,0.00011822957916974436,-0.060685188257639106,-0.03630155984695086,5.449876606536473e-09,-9.882850351813722e-09,2.580233649961686e-10,-4.4329737452772485e-09
2026-06-17 09:54:00+00:00,-0.0001224255264644157,-0.06067741740790033,-0.036323686095402104,5.44311308514981e-09,-9.884377704610892e-09,3.282170233017174e-10,-4.441264619461082e-09
2026-06-17 09:55:00+00:00,-0.000362993548086752,-0.06066748087763456,-0.036351884307428146,5.435307671806054e-09,-9.886005123653145e-09,3.983846611326614e-10,-4.450697451847091e-09
2026-06-17 09:56:00+00:00,-0.0006034506082213992,-0.060655379707328344,-0.0363861506908753,5.426461012410323e-09,-9.887732438353243e-09,4.685228098539202e-10,-4.46127142594292e-09
2026-06-17 09:57:00+00:00,-0.0008437728245806694,-0.06064111507366789,-0.03642648085155161,5.416573835022656e-09,-9.889559450251252e-09,5.386279984489147e-10,-4.472985615228595e-09
2026-06-17 09:58:00+00:00,-0.0010839363366618106,-0.060624688292190504,-0.03647286982328864,5.405646949963133e-09,-9.891485938755202e-09,6.086967595616517e-10,-4.485838988792069e-09
2026-06-17 09:59:00+00:00,-0.0013239173023118448,-0.06060610081637556,-0.03652531206199257,5.3936812493669904e-09,-9.89351165982801e-09,6.787256286844403e-10,-4.49983041046102e-09
2026-06-17 10:00:00+00:00,-0.0015636918988672908,-0.0605853542376495,-0.036583801444601355,5.380677707472809e-09,-9.895636345874472e-09,7.487111440857238e-10,-4.5149586384016625e-09
2026-06-17 10:01:00+00:00,-0.0018032363265876763,-0.06056245028505736,-0.0366483312707354,5.3666373803263045e-09,-9.897859705707652e-09,8.186498474324168e-10,-4.531222325381348e-09
2026-06-17 10:02:00+00:00,-0.0020425268084939166,-0.0605373908252974,-0.03671889426408395,5.351561405625288e-09,-9.90018142493468e-09,8.88538283506755e-10,-4.548620019309393e-09
2026-06-17 10:03:00+00:00,-0.0022815395918524793,-0.0605101778626515,-0.03679548257107456,5.335451002953219e-09,-9.902601165580814e-09,9.583730004150215e-10,-4.567150162627595e-09
2026-06-17 10:04:00+00:00,-0.0025202509518601713,-0.06048081353860396,-0.03687808776284572,5.318307473332792e-09,-9.90511856630443e-09,1.028150550167124e-09,-4.586811092971638e-09
2026-06-17 10:05:00+00:00,-0.002758637193521713,-0.06044930013163647,-0.036966700837238096,5.300132199088255e-09,-9.907733242562639e-09,1.0978674890731996e-09,-4.607601043474384e-09
2026-06-17 10:06:00+00:00,-0.00299667464464505,-0.06041564005731501,-0.03706131220822069,5.280926644225433e-09,-9.910444785045114e-09,1.1675203756121246e-09,-4.629518140819681e-09
2026-06-17 10:07:00+00:00,-0.0032343396856255656,-0.060379835868096025,-0.037161911743839274,5.2606923533875555e-09,-9.913252765271894e-09,1.2371057775530743e-09,-4.652560411884339e-09
2026-06-17 10:08:00+00:00,-0.0034716087108963255,-0.06034189025284049,-0.037268488713331833,5.2394309527291566e-09,-9.916156727507348e-09,1.3066202624389275e-09,-4.676725774778192e-09
2026-06-17 10:09:00+00:00,-0.0037084581592592104,-0.06030180603657113,-0.03738103182524448,5.217144149151106e-09,-9.919156194246313e-09,1.3760604046160084e-09,-4.702012045095207e-09
2026-06-17 10:10:00+00:00,-0.0039448645045931634,-0.060259586180888974,-0.03749952921622659,5.193833730449164e-09,-9.922250664811905e-09,1.4454227827423475e-09,-4.728416934362741e-09
2026-06-17 10:11:00+00:00,-0.004180804262169358,-0.06021523378305394,-0.03762396845464098,5.169501565084572e-09,-9.925439615424917e-09,1.5147039812559388e-09,-4.755938050340346e-09
2026-06-17 10:12:00+00:00,-0.004416253987701057,-0.06016875207614527,-0.03775433654152906,5.144149601951673e-09,-9.928722499417748e-09,1.5839005897228563e-09,-4.784572897466074e-09
2026-06-17 10:13:00+00:00,-0.004651190281347158,-0.060120144428451955,-0.03789061991091026,5.117779870112827e-09,-9.932098747053224e-09,1.6530092038502286e-09,-4.814318876940397e-09
2026-06-17 10:14:00+00:00,-0.004885589786946747,-0.0600694143436939,-0.03803280443078049,5.090394479152981e-09,-9.93556776565597e-09,1.7220264247749932e-09,-4.8451732865029894e-09
2026-06-17 10:15:00+00:00,-0.0051194291955610205,-0.06001656546037082,-0.03818087540575742,5.061995618284969e-09,-9.939128939855748e-09,1.7909488599917586e-09,-4.877133321570778e-09
2026-06-17 10:16:00+00:00,-0.005352685244738661,-0.05996160155212131,-0.038334817575617124,5.032585556977875e-09,-9.942781631342191e-09,1.8597731226430833e-09,-4.910196074364316e-09
2026-06-17 10:17:00+00:00,-0.005585334726509916,-0.05990452652598287,-0.03849461512058704,5.002166643890304e-09,-9.946525179045415e-09,1.9284958336790218e-09,-4.94435853515511e-09
2026-06-17 10:18:00+00:00,-0.005817354473585788,-0.059845344424695704,-0.03866025164776626,4.9707413079647655e-09,-9.950358897963627e-09,1.9971136177450063e-09,-4.9796175899988614e-09
2026-06-17 10:19:00+00:00,-0.0060487213949245175,-0.05978405942250939,-0.03883171023875002,4.938312055654511e-09,-9.95428208465498e-09,2.0656231121959877e-09,-5.01597002900047e-09
2026-06-17 10:20:00+00:00,-0.00627941243349165,-0.05972067582915267,-0.03900897338389093,4.904881474323926e-09,-9.958294008855033e-09,2.1340209561254134e-09,-5.053412534531107e-09
2026-06-17 10:21:00+00:00,-0.00650940459777183,-0.05965519808659481,-0.03919202302918133,4.870452229417195e-09,-9.962393919181652e-09,2.2023037980738786e-09,-5.091941689764457e-09
2026-06-17 10:22:00+00:00,-0.006738674953641608,-0.059587630769978,-0.03938084056589035,4.835027065048341e-09,-9.96658104206463e-09,2.2704682937669515e-09,-5.131553977016289e-09
2026-06-17 10:23:00+00:00,-0.006967200628532148,-0.05951797858675638,-0.03957540683170432,4.798608803847353e-09,-9.97085458142842e-09,2.338511106867622e-09,-5.172245777581066e-09
2026-06-17 10:24:00+00:00,-0.007194958809850524,-0.059446246377236917,-0.03977570211088905,4.761200347022004e-09,-9.975213718839907e-09,2.4064289083893845e-09,-5.214013371817903e-09
2026-06-17 10:25:00+00:00,-0.007421926753648292,-0.05937243911216143,-0.03998170614239278,4.722804672856807e-09,-9.979657613972815e-09,2.474218378831276e-09,-5.256852941116008e-09
2026-06-17 10:26:00+00:00,-0.0076480817773239155,-0.05929656189510313,-0.04019339811238974,4.683424838424359e-09,-9.98418540417298e-09,2.5418762057691025e-09,-5.300760565748622e-09
2026-06-17 10:27:00+00:00,-0.00787340126779523,-0.05921861996009075,-0.0404107566618717,4.643063977759313e-09,-9.988796204737633e-09,2.609399085913075e-09,-5.34573222697832e-09
2026-06-17 10:28:00+00:00,-0.008097862680273255,-0.05913861867212631,-0.04063375988731496,4.601725302314787e-09,-9.993489109161306e-09,2.676783724600055e-09,-5.391763806846519e-09
2026-06-17 10:29:00+00:00,-0.008321443535908312,-0.05905656352725162,-0.04086238532990016,4.559412101412129e-09,-9.9982631875238e-09,2.7440268347701717e-09,-5.43885108611167e-09
2026-06-17 10:30:00+00:00,-0.008544121446391622,-0.05897246014844422,-0.04109661002585175,4.516127738724179e-09,-1.0003117492366684e-08,2.8111251432446237e-09,-5.486989753642505e-09
2026-06-17 10:31:00+00:00,-0.008765874079217646,-0.05888631429124821,-0.04133641043654506,4.471875656676054e-09,-1.0008051050473696e-08,2.8780753814783667e-09,-5.536175393797642e-09
2026-06-17 10:32:00+00:00,-0.008986679182700989,-0.05879813183981856,-0.041581762495444693,4.4266593736486415e-09,-1.0013062868176911e-08,2.9448742917064056e-09,-5.58640349452827e-09
2026-06-17 10:33:00+00:00,-0.009206514584023011,-0.05870791880658187,-0.04183264160180159,4.38048248375757e-09,-1.0018151930305086e-08,3.0115186262693206e-09,-5.637669446547516e-09
2026-06-17 10:34:00+00:00,-0.009425358190328404,-0.058615681331881275,-0.042089022623133444,4.3333486565577995e-09,-1.002331720049744e-08,3.078005147794628e-09,-5.6899685439396405e-09
2026-06-17 10:35:00+00:00,-0.009643187988433784,-0.05852142568443416,-0.042350879892895224,4.2852616374649545e-09,-1.002855762083447e-08,3.1443306286118633e-09,-5.743295983369516e-09
2026-06-17 10:36:00+00:00,-0.009859982048134194,-0.05842515826016636,-0.042618187215721255,4.236225246908516e-09,-1.0033872112128183e-08,3.210491851572424e-09,-5.797646865219667e-09
2026-06-17 10:37:00+00:00,-0.010075718523260195,-0.058326885582060894,-0.04289091786831191,4.186243380298756e-09,-1.003925957410337e-08,3.276485610054646e-09,-5.853016193804615e-09
2026-06-17 10:38:00+00:00,-0.010290375654642248,-0.058226614299000806,-0.04316904460445214,4.135320007277305e-09,-1.0044718885538171e-08,3.342308708531347e-09,-5.909398878260866e-09
2026-06-17 10:39:00+00:00,-0.010503931769965119,-0.05812435118620654,-0.043452539652971314,4.083459171987164e-09,-1.005024890413518e-08,3.407957962232615e-09,-5.966789732148017e-09
2026-06-17 10:40:00+00:00,-0.010716365278735488,-0.058020103146630586,-0.04374137470594956,4.030664994055335e-09,-1.0055848465106677e-08,3.4734301955340078e-09,-6.025183471051342e-09
2026-06-17 10:41:00+00:00,-0.010927654701369567,-0.057913877202444966,-0.04403552098263001,3.976941662817201e-09,-1.0061516387729339e-08,3.538722249625155e-09,-6.084574724912138e-09
2026-06-17 10:42:00+00:00,-0.011137778632254685,-0.05780568050525855,-0.04433494914237354,3.922293444425217e-09,-1.0067251465912146e-08,3.603830972333736e-09,-6.144958021486929e-09
2026-06-17 10:43:00+00:00,-0.011346715765162035,-0.05769552032948398,-0.04463962934363545,3.866724677221102e-09,-1.0073052474502772e-08,3.668753224505318e-09,-6.20632779728167e-09
2026-06-17 10:44:00+00:00,-0.011554444889798166,-0.05758340407280227,-0.04494953123480019,3.810239771863824e-09,-1.0078918168117378e-08,3.733485879236334e-09,-6.268678396253554e-09
2026-06-17 10:45:00+00:00,-0.011760944892669115,-0.05746933925612196,-0.045264623953087335,3.752843211787861e-09,-1.0084847280827366e-08,3.798025821420716e-09,-6.332004069039505e-09
2026-06-17 10:46:00+00:00,-0.011966194760852405,-0.05735333352187659,-0.04558487613136089,3.6945395520483418e-09,-1.0090838526542704e-08,3.8623699488489606e-09,-6.396298974494363e-09
2026-06-17 10:47:00+00:00,-0.012170173579345862,-0.05723539463563481,-0.045910255896028374,3.6353334197563904e-09,-1.009689059920789e-08,3.926515171163491e-09,-6.461557179451499e-09
2026-06-17 10:48:00+00:00,-0.012372860536764485,-0.0571155304835002,-0.046240730872594865,3.5752295130649787e-09,-1.0103002172638098e-08,3.9904584110472165e-09,-6.527772659573119e-09
2026-06-17 10:49:00+00:00,-0.012574234924532097,-0.05699374907274592,-0.04657626818630341,3.5142326015484765e-09,-1.0109171900743748e-08,4.054196603939122e-09,-6.594939299195272e-09
2026-06-17 10:50:00+00:00,-0.012774276140288348,-0.05687005853018064,-0.04691683446852519,3.452347524633543e-09,-1.0115398417876896e-08,4.117726698702584e-09,-6.663050893243353e-09
2026-06-17 10:51:00+00:00,-0.0129729636812023,-0.05674446710527054,-0.047262395837810584,3.389579194208501e-09,-1.0121680337041621e-08,4.1810456553305934e-09,-6.7321011428331205e-09
2026-06-17 10:52:00+00:00,-0.013170277171615195,-0.05661698315905684,-0.04761291797087675,3.3259325873768743e-09,-1.0128016256379357e-08,4.244150452633941e-09,-6.802083669002482e-09
2026-06-17 10:53:00+00:00,-0.0133661963255064,-0.05648761517921797,-0.04796836600440625,3.2614127556642647e-09,-1.0134404749972294e-08,4.30703807738518e-09,-6.8729919943080284e-09
2026-06-17 10:54:00+00:00,-0.01356070097801049,-0.05635637176651424,-0.04832870461255194,3.196024817074181e-09,-1.0140844374401508e-08,4.3697055330364216e-09,-6.944819557327326e-09
2026-06-17 10:55:00+00:00,-0.013753771073167817,-0.05622326164150061,-0.048693897978465295,3.1297739596107696e-09,-1.0147333666842608e-08,4.4321498358122265e-09,-7.017559707231838e-09
2026-06-17 10:56:00+00:00,-0.013945386671409878,-0.056088293640072034,-0.04906390980851701,3.0626654392175174e-09,-1.0153871145549377e-08,4.494368016740008e-09,-7.091205706331859e-09
2026-06-17 10:57:00+00:00,-0.01413552794813744,-0.055951476714635726,-0.04943870333137837,2.9947045798153226e-09,-1.0160455309959497e-08,4.556357120990591e-09,-7.165750730144175e-09
2026-06-17 10:58:00+00:00,-0.014324175197210711,-0.05581281993225516,-0.04981824130173569,2.9258967727699813e-09,-1.016708464067942e-08,4.618114208567083e-09,-7.241187867909439e-09
2026-06-17 10:59:00+00:00,-0.014511308830118894,-0.055672332475542444,-0.05020248600052212,2.856247477030382e-09,-1.0173757599602083e-08,4.679636353827229e-09,-7.3175101225717e-09
2026-06-17 11:00:00+00:00,-0.014696909379455649,-0.055530023640591154,-0.05059139924274188,2.7857622178893172e-09,-1.0180472630400308e-08,4.740920646325458e-09,-7.394710412510991e-09
2026-06-17 11:01:00+00:00,-0.014880957497660595,-0.055385902838418336,-0.05098494237254741,2.7144465878301024e-09,-1.01872281581416e-08,4.801964190026379e-09,-7.472781570311497e-09
2026-06-17 11:02:00+00:00,-0.015063433964032848,-0.055239979590072895,-0.051383076278382456,2.6423062440837993e-09,-1.0194022589673433e-08,4.8627641052974304e-09,-7.551716345589634e-09
2026-06-17 11:03:00+00:00,-0.015244319673162709,-0.05509226353442427,-0.051785761365410576,2.569346912253898e-09,-1.0200854312417314e-08,4.92331752512214e-09,-7.631507400163416e-09
2026-06-17 11:04:00+00:00,-0.01542359566480174,-0.05494276441152859,-0.05219295763781732,2.495574377401844e-09,-1.020772170032721e-08,4.983621603664274e-09,-7.712147322925366e-09
2026-06-17 11:05:00+00:00,-0.015601243088179742,-0.05479149208167287,-0.05260462459176292,2.4209944947654916e-09,-1.0214623104917076e-08,5.043673505606919e-09,-7.793628610151585e-09
2026-06-17 11:06:00+00:00,-0.015777243228407217,-0.05463845651137174,-0.05302072129273307,2.345613181633408e-09,-1.0221556861593552e-08,5.1034704134997635e-09,-7.875943679960144e-09
2026-06-17 11:07:00+00:00,-0.015951577499768853,-0.054483667777401545,-0.05344120635789543,2.2694364194628576e-09,-1.0228521288385077e-08,5.1630095257888844e-09,-7.95908486892222e-09
2026-06-17 11:08:00+00:00,-0.016124227449087085,-0.05432713606463358,-0.05386603796069643,2.1924702529720885e-09,-1.0235514685769253e-08,5.222288057242175e-09,-8.043044432797164e-09
2026-06-17 11:09:00+00:00,-0.016295174754568962,-0.054168871667469295,-0.05429517382975891,2.114720790624831e-09,-1.0242535336972103e-08,5.281303238644842e-09,-8.127814546347273e-09
2026-06-17 11:10:00+00:00,-0.01646440123245537,-0.054008884984379,-0.054728571265828835,2.0361942016366917e-09,-1.0249581508421794e-08,5.340052318446962e-09,-8.213387306785103e-09
2026-06-17 11:11:00+00:00,-0.016631888831405452,-0.05384718652353447,-0.05516618712581342,1.956896718951489e-09,-1.0256651449339332e-08,5.398532560737923e-09,-8.299754730387842e-09
2026-06-17 11:12:00+00:00,-0.016797619639080955,-0.05368378689733801,-0.05560797783990408,1.876834636400787e-09,-1.0263743392169001e-08,5.456741247094398e-09,-8.386908755768214e-09
2026-06-17 11:13:00+00:00,-0.01696157588109303,-0.053518696823815874,-0.056053899410617045,1.7960143090101358e-09,-1.0270855552974145e-08,5.514675676011906e-09,-8.47484124396401e-09
2026-06-17 11:14:00+00:00,-0.017123739918691285,-0.053351927127938195,-0.05650390739808136,1.7144421541338469e-09,-1.027798612955798e-08,5.5723331618729515e-09,-8.563543975424133e-09
2026-06-17 11:15:00+00:00,-0.017284094269457255,-0.05318348872854452,-0.05695795699748994,1.632124644030397e-09,-1.0285133308085646e-08,5.629711041119163e-09,-8.65300866405525e-09
2026-06-17 11:16:00+00:00,-0.01744262157816212,-0.05301339265714172,-0.05741600293199734,1.5490683158165804e-09,-1.0292295254115762e-08,5.686806663011902e-09,-8.743226938299182e-09
2026-06-17 11:17:00+00:00,-0.017599304637914197,-0.05284165004480032,-0.05787799952633223,1.465279764650968e-09,-1.029947011846608e-08,5.743617395907386e-09,-8.834190353815113e-09
2026-06-17 11:18:00+00:00,-0.017754126387706,-0.0526682721231712,-0.05834390069681822,1.3807656442014474e-09,-1.0306656036230228e-08,5.80014062618789e-09,-8.925890392028781e-09
2026-06-17 11:19:00+00:00,-0.01790706991373265,-0.052493270223577936,-0.05881365995666065,1.295532665679197e-09,-1.0313851126955081e-08,5.856373758627552e-09,-9.018318461275884e-09
2026-06-17 11:20:00+00:00,-0.01805811844895429,-0.05231665577814888,-0.05928723041175571,1.209587598919615e-09,-1.0321053494463342e-08,5.912314215790712e-09,-9.111465895543726e-09
2026-06-17 11:21:00+00:00,-0.018207255375776048,-0.05213844031748579,-0.05976456477018566,1.1229372707253111e-09,-1.0328261227275069e-08,5.96795943869338e-09,-9.205323956549757e-09
2026-06-17 11:22:00+00:00,-0.01835446422665519,-0.051958635470616896,-0.060245615343025534,1.0355885648518243e-09,-1.0335472398700997e-08,6.023306886808131e-09,-9.299883833849172e-09
2026-06-17 11:23:00+00:00,-0.018499728686759052,-0.051777252962417766,-0.06073033405423841,9.47548420543453e-10,-1.0342685067150869e-08,6.078354038671526e-09,-9.395136646607415e-09
2026-06-17 11:24:00+00:00,-0.018643032592235535,-0.051594304616402936,-0.06121867243247052,8.588238338508315e-10,-1.0349897276015882e-08,6.133098390927633e-09,-9.491073442165051e-09
2026-06-17 11:25:00+00:00,-0.018784359929782377,-0.05140980235427771,-0.0617105816051349,7.694218577793677e-10,-1.0357107052391573e-08,6.1875374580313e-09,-9.587685194612206e-09
2026-06-17 11:26:00+00:00,-0.018923694855175532,-0.05122375818110168,-0.06220601238029107,6.793495934223003e-10,-1.0364312413789838e-08,6.241668778258261e-09,-9.684962820367538e-09
2026-06-17 11:27:00+00:00,-0.019061021666910757,-0.05103618420702444,-0.06270491512815318,5.886142024984436e-10,-1.037151135842916e-08,6.2954899044482466e-09,-9.782897155930716e-09
2026-06-17 11:28:00+00:00,-0.019196324825193758,-0.050847092632334626,-0.06320723986382132,4.972228986322222e-10,-1.0378701871885194e-08,6.348998410179343e-09,-9.881478973252972e-09
2026-06-17 11:29:00+00:00,-0.01932958894963137,-0.05065649574875879,-0.06371293623668031,4.051829480371627e-10,-1.0385881926031825e-08,6.402191888856119e-09,-9.980698977994663e-09
2026-06-17 11:30:00+00:00,-0.019460798818330002,-0.05046440594154291,-0.06422195352360653,3.1250167078043147e-10,-1.0393049478544108e-08,6.455067952967798e-09,-1.0080547807763677e-08
2026-06-17 11:31:00+00:00,-0.019589939373391423,-0.05027083568257909,-0.06473424065024119,2.1918643702362123e-10,-1.0400202473542058e-08,6.507624235851757e-09,-1.0181016036518436e-08
2026-06-17 11:32:00+00:00,-0.019716995716441817,-0.05007579753720337,-0.06524974617636838,1.2524467017546496e-10,-1.0407338841859651e-08,6.55985838980644e-09,-1.0282094171684186e-08
2026-06-17 11:33:00+00:00,-0.019841953113851875,-0.049879304157833024,-0.06576841831108313,3.068384396516537e-11,-1.0414456500761876e-08,6.6117680877110454e-09,-1.0383772656796712e-08
2026-06-17 11:34:00+00:00,-0.01996479699598195,-0.0496813682856037,-0.06629020491181566,-6.448851707424518e-11,-1.0421553354379529e-08,6.66335102244585e-09,-1.0486041871453774e-08
2026-06-17 11:35:00+00:00,-0.020085512959662526,-0.04948200274742201,-0.06681505349517869,-1.602648392754506e-10,-1.0428627294185616e-08,6.714604907642986e-09,-1.0588892133461066e-08
2026-06-17 11:36:00+00:00,-0.020204086763372757,-0.049281220462256664,-0.06734291120942565,-2.5663749640382607e-10,-1.0435676197007516e-08,6.765527475492215e-09,-1.0692313693411342e-08
2026-06-17 11:37:00+00:00,-0.020320504346792768,-0.04907903441987209,-0.06787372493335683,-3.5359882109413234e-10,-1.0442697931893731e-08,6.816116483691675e-09,-1.0796296752987863e-08
2026-06-17 11:38:00+00:00,-0.020434751804480077,-0.04887545770996454,-0.06840744114166744,-4.5114108971055715e-10,-1.0449690350725329e-08,6.866369705652865e-09,-1.0900831440435886e-08
2026-06-17 11:39:00+00:00,-0.020546815407420413,-0.04867050349736746,-0.06894400601219144,-5.492565350345447e-10,-1.0456651294942934e-08,6.916284938003785e-09,-1.1005907829977479e-08
2026-06-17 11:40:00+00:00,-0.020656681595378017,-0.04846418503341974,-0.06948336538633959,-6.47937340990818e-10,-1.0463578593669014e-08,6.965859997591768e-09,-1.1111515934659832e-08
2026-06-17 11:41:00+00:00,-0.020764336981384437,-0.0482565156490513,-0.07002546478976582,-7.471756457441964e-10,-1.0470470064268967e-08,7.01509272284449e-09,-1.1217645710013163e-08
2026-06-17 11:42:00+00:00,-0.020869768350968477,-0.04804750875677778,-0.07057024943039195,-8.469635414273044e-10,-1.0477323512634692e-08,7.0639809732565445e-09,-1.1324287054061995e-08
2026-06-17 11:43:00+00:00,-0.020972962664316672,-0.04783717784787955,-0.07111766420439528,-9.472930749983083e-10,-1.0484136732876984e-08,7.112522630001272e-09,-1.1431429807875292e-08
2026-06-17 11:44:00+00:00,-0.02107390705619048,-0.04762553649352539,-0.07166765369732006,-1.0481562481222074e-09,-1.0490907507961155e-08,7.160715595466236e-09,-1.1539063756083362e-08
2026-06-17 11:45:00+00:00,-0.021172588837671234,-0.047412598342111506,-0.07222016219347066,-1.1495450188056163e-09,-1.0497633609872784e-08,7.208557793923973e-09,-1.16471786286784e-08
2026-06-17 11:46:00+00:00,-0.02126899549594909,-0.047198377121084226,-0.07277513367082118,-1.251451300330633e-09,-1.0504312799505662e-08,7.256047170924167e-09,-1.1755764099836295e-08
2026-06-17 11:47:00+00:00,-0.021363114698090584,-0.046982886629875986,-0.07333251182155642,-1.3538669646312026e-09,-1.0510942827012237e-08,7.303181694738128e-09,-1.1864809791643439e-08
2026-06-17 11:48:00+00:00,-0.021454934284475955,-0.0467661407522398,-0.07389224001477265,-1.4567838369749587e-09,-1.051752143073301e-08,7.349959353285657e-09,-1.1974305267707969e-08
2026-06-17 11:49:00+00:00,-0.02154444228732607,-0.04654815342872255,-0.0744542614055549,-1.5601937094247248e-09,-1.0524046343104673e-08,7.396378161585725e-09,-1.2084240052529398e-08
2026-06-17 11:50:00+00:00,-0.0216316269082103,-0.0463289386891413,-0.07501851879552046,-1.6640883245276233e-09,-1.0530515281828782e-08,7.442436152082294e-09,-1.2194603606356405e-08
2026-06-17 11:51:00+00:00,-0.02171647653455319,-0.04610851062928273,-0.07558495473337974,-1.7684593871608176e-09,-1.0536925956193484e-08,7.488131381393832e-09,-1.2305385343354302e-08
2026-06-17 11:52:00+00:00,-0.021798979735847535,-0.04588688341733702,-0.07615351149271113,-1.873298562038019e-09,-1.0543276065922282e-08,7.533461928309717e-09,-1.2416574627960301e-08
2026-06-17 11:53:00+00:00,-0.021879125265377043,-0.045664071290953595,-0.07672413107821754,-1.9785974743600676e-09,-1.0549563300991894e-08,7.578425894332696e-09,-1.2528160775351961e-08
2026-06-17 11:54:00+00:00,-0.021956902060081582,-0.045440088558879335,-0.07729675522507853,-2.0843477098006115e-09,-1.0555785342025941e-08,7.623021403282997e-09,-1.2640133051826553e-08
2026-06-17 11:55:00+00:00,-0.022032299242926972,-0.04521494959560115,-0.0778713254156417,-2.1905408170981533e-09,-1.0561939860756457e-08,7.667246602258429e-09,-1.275248067785461e-08
2026-06-17 11:56:00+00:00,-0.022105306122379993,-0.04498866884453726,-0.07844778287094788,-2.2971683064156473e-09,-1.0568024519714565e-08,7.711099660886443e-09,-1.2865192826130212e-08
2026-06-17 11:57:00+00:00,-0.02217591219382728,-0.04476126081509926,-0.07902606856122477,-2.4042216510418575e-09,-1.0574036972723515e-08,7.754578771893225e-09,-1.2978258623765372e-08
2026-06-17 11:58:00+00:00,-0.022244107140108705,-0.044532740082489336,-0.07960612320996356,-2.51169228795571e-09,-1.0579974865241293e-08,7.797682150904942e-09,-1.3091667153197003e-08
2026-06-17 11:59:00+00:00,-0.022309880830007286,-0.044303121290385716,-0.08018788727622445,-2.6195716159621125e-09,-1.0585835832647902e-08,7.840408035611817e-09,-1.3205407448610015e-08
2026-06-17 12:00:00+00:00,-0.022373223330188666,-0.044072419130190034,-0.08077130105041434,-2.7278510065322103e-09,-1.0591617506828914e-08,7.882754691108108e-09,-1.3319468513361125e-08
2026-06-17 12:01:00+00:00,-0.022434124887994282,-0.043840648372960055,-0.08135630451754433,-2.836521788348094e-09,-1.0597317507327003e-08,7.92472040133971e-09,-1.3433839295675096e-08
2026-06-17 12:02:00+00:00,-0.022492575944937563,-0.04360782384434477,-0.08194283745895982,-2.945575259063847e-09,-1.0602933447273742e-08,7.966303475457502e-09,-1.3548508706337588e-08
2026-06-17 12:03:00+00:00,-0.02254856713382001,-0.04337396043108384,-0.08253083943007603,-3.0550026828682093e-09,-1.0608462932224677e-08,8.00750224591455e-09,-1.3663465615092887e-08
2026-06-17 12:04:00+00:00,-0.022602089279959575,-0.04313907307779433,-0.08312024977159005,-3.1647952920180762e-09,-1.0613903560769412e-08,8.048315069200203e-09,-1.3778698852787487e-08
2026-06-17 12:05:00+00:00,-0.022653133401267296,-0.04290317678878504,-0.0837110076041753,-3.274944286143793e-09,-1.0619252924063258e-08,8.088740325202837e-09,-1.3894197210207052e-08
2026-06-17 12:06:00+00:00,-0.022701690709471305,-0.042666286624714334,-0.0843030518407863,-3.3854408337295717e-09,-1.062450860644616e-08,8.128776417762457e-09,-1.4009949440175732e-08
2026-06-17 12:07:00+00:00,-0.022747752610200442,-0.04242841770455702,-0.08489632118343059,-3.4962760717071005e-09,-1.0629668185486805e-08,8.168421774364873e-09,-1.4125944257193905e-08
2026-06-17 12:08:00+00:00,-0.022791310705014643,-0.04218958519782667,-0.08549075414565584,-3.6074411090248433e-09,-1.063472923263855e-08,8.207674847185195e-09,-1.4242170341663394e-08
2026-06-17 12:09:00+00:00,-0.022832356790092642,-0.041949804332999344,-0.08608628903144161,-3.7189270230642977e-09,-1.0639689312595236e-08,8.246534111673065e-09,-1.4358616335659533e-08
2026-06-17 12:10:00+00:00,-0.02287088285625234,-0.041709090394909804,-0.08668286393538341,-3.8307248603794496e-09,-1.0644545982703613e-08,8.284998066638223e-09,-1.4475270843083063e-08
2026-06-17 12:11:00+00:00,-0.022906881097805074,-0.041467458703839305,-0.0872804168375686,-3.942825648137396e-09,-1.0649296799115609e-08,8.323065238926331e-09,-1.4592122447253005e-08
2026-06-17 12:12:00+00:00,-0.022940343900024,-0.04122492464708005,-0.08787888546506184,-4.055220377612311e-09,-1.0653939307576815e-08,8.36073417590299e-09,-1.4709159685189125e-08
2026-06-17 12:13:00+00:00,-0.022971263848339304,-0.040981503657602635,-0.088478207388075,-4.167900015467405e-09,-1.0658471049983508e-08,8.39800345039656e-09,-1.4826371065450913e-08
2026-06-17 12:14:00+00:00,-0.02299963372706755,-0.04073721121613835,-0.08907832000865645,-4.280855502922809e-09,-1.0662889563173332e-08,8.434871660079226e-09,-1.494374506609614e-08
2026-06-17 12:15:00+00:00,-0.0230254465195463,-0.0404920628536314,-0.08967916055401717,-4.394077754360132e-09,-1.0667192378832237e-08,8.47133742651285e-09,-1.506127013319237e-08
2026-06-17 12:16:00+00:00,-0.02304869540957974,-0.04024607414300435,-0.09028066609955962,-4.507557661406793e-09,-1.0671377023698102e-08,8.507399396846868e-09,-1.5178934685104896e-08
2026-06-17 12:17:00+00:00,-0.02306937378077146,-0.03999926070753912,-0.09088277355346192,-4.621286089683777e-09,-1.0675441020360758e-08,8.543056242150676e-09,-1.5296727110044536e-08
2026-06-17 12:18:00+00:00,-0.02308747521795637,-0.03975163821284976,-0.09148541967420405,-4.7352538820085195e-09,-1.0679381886687112e-08,8.57830665856554e-09,-1.541463576869563e-08
2026-06-17 12:19:00+00:00,-0.023102993507384588,-0.03950322236885356,-0.09208854107043155,-4.8494518579683725e-09,-1.0683197136495876e-08,8.613149367010037e-09,-1.5532648994464247e-08
2026-06-17 12:20:00+00:00,-0.023115922637263378,-0.039254028926715,-0.09269207421127457,-4.963870815806521e-09,-1.068688427977098e-08,8.64758311344433e-09,-1.56507550955775e-08
2026-06-17 12:21:00+00:00,-0.02312625679670334,-0.03900407368642966,-0.09329595539826081,-5.078501528286361e-09,-1.0690440821253683e-08,8.681606667358353e-09,-1.5768942349540046e-08
2026-06-17 12:22:00+00:00,-0.0231339903823842,-0.038753372468737876,-0.09390012087636863,-5.19333475692404e-09,-1.0693864266566279e-08,8.71521882725452e-09,-1.5887199023490317e-08
2026-06-17 12:23:00+00:00,-0.023139117989594005,-0.038501941154585974,-0.09450450668120464,-5.30836123283399e-09,-1.0697152113555795e-08,8.74841841246259e-09,-1.6005513346389784e-08
2026-06-17 12:24:00+00:00,-0.02314163441910688,-0.038249795652149206,-0.09510904876136675,-5.423571672921707e-09,-1.070030185877958e-08,8.78120426951224e-09,-1.6123873531701287e-08
2026-06-17 12:25:00+00:00,-0.02314153467585925,-0.037996951911398874,-0.09571368293418774,-5.538956772926266e-09,-1.0703310995717555e-08,8.813575269440855e-09,-1.6242267768643823e-08
2026-06-17 12:26:00+00:00,-0.023138813969491964,-0.037743425915831644,-0.09631834490837252,-5.6545072114744295e-09,-1.0706177015095719e-08,8.845530308930307e-09,-1.636068422657015e-08
2026-06-17 12:27:00+00:00,-0.023133467714686367,-0.03748923368469827,-0.09692297028313132,-5.770213649402437e-09,-1.0708897405678903e-08,8.877068309775704e-09,-1.647911105508134e-08
2026-06-17 12:28:00+00:00,-0.023125491531505563,-0.037234391269807106,-0.09752749455416523,-5.886066731261687e-09,-1.0711469653597351e-08,8.908188219327968e-09,-1.659753638485904e-08
2026-06-17 12:29:00+00:00,-0.023114881245895256,-0.03697891475681364,-0.09813185311565442,-6.002057084626894e-09,-1.0713891243127878e-08,8.938889010288946e-09,-1.6715948327754772e-08
2026-06-17 12:30:00+00:00,-0.023101632889858146,-0.03672282026215733,-0.09873598127054177,-6.1181753224314866e-09,-1.0716159657048864e-08,8.969169680819647e-09,-1.683433497948035e-08
2026-06-17 12:31:00+00:00,-0.02308574270203232,-0.03646612393463371,-0.0993398142266779,-6.234412041584028e-09,-1.071827237634989e-08,8.999029254417132e-09,-1.695268441793392e-08
2026-06-17 12:32:00+00:00,-0.023067207127710952,-0.03620884194954081,-0.09994328711377824,-6.3507578263312176e-09,-1.0720226880675862e-08,9.02846678054629e-09,-1.707098470700708e-08
2026-06-17 12:33:00+00:00,-0.023046022818703604,-0.035950990519003516,-0.10054633495411008,-6.467203243450094e-09,-1.0722020647431759e-08,9.057481332813975e-09,-1.7189223890881852e-08
2026-06-17 12:34:00+00:00,-0.023022186636377277,-0.03569258586196189,-0.10114889277116199,-6.583738856686556e-09,-1.0723651157251075e-08,9.086072014141089e-09,-1.7307390013937632e-08
2026-06-17 12:35:00+00:00,-0.022995695647632885,-0.035433644243703835,-0.10175089544233495,-6.700355208035236e-09,-1.0725115885779909e-08,9.114237949438388e-09,-1.7425471093815146e-08
2026-06-17 12:36:00+00:00,-0.022966547127937345,-0.03517418194648364,-0.10235227780830664,-6.817042831638688e-09,-1.072641230971792e-08,9.14197829083206e-09,-1.7543455141356607e-08
2026-06-17 12:37:00+00:00,-0.022934738561029164,-0.0349142152773329,-0.10295297464994199,-6.9337922510025605e-09,-1.0727537905721455e-08,9.169292215947003e-09,-1.7661330156724016e-08
2026-06-17 12:38:00+00:00,-0.022900267639242064,-0.03465376056712369,-0.10355292068944952,-7.0505939787779545e-09,-1.0728490150279379e-08,9.196178928294356e-09,-1.777908412905733e-08
2026-06-17 12:39:00+00:00,-0.022863132263481006,-0.03439283416720479,-0.10415205060229563,-7.167438518884991e-09,-1.0729266520111469e-08,9.222637657163997e-09,-1.789670503899646e-08
2026-06-17 12:40:00+00:00,-0.022823330543319954,-0.03413145244854908,-0.10475029902290642,-7.2843163671574316e-09,-1.0729864492604859e-08,9.24866765795684e-09,-1.801418085976229e-08
2026-06-17 12:41:00+00:00,-0.022780860797623793,-0.03386963180303181,-0.105347600541363,-7.401218010562755e-09,-1.0730281545620258e-08,9.27426821173395e-09,-1.813149955618301e-08
2026-06-17 12:42:00+00:00,-0.022735721554416707,-0.03360738864023826,-0.1059438897146587,-7.518133929085561e-09,-1.0730515157933438e-08,9.299438625596333e-09,-1.8248649087019e-08
2026-06-17 12:43:00+00:00,-0.02268791155116578,-0.03334473938752739,-0.10653910107073672,-7.635054596248404e-09,-1.0730562809699272e-08,9.32417823253122e-09,-1.8365617405947674e-08
2026-06-17 12:44:00+00:00,-0.02263742973472878,-0.03308170049378337,-0.10713316908883838,-7.751970476654034e-09,-1.0730421980722924e-08,9.348486390587328e-09,-1.848239245737696e-08
2026-06-17 12:45:00+00:00,-0.022584275261537876,-0.0328182884028737,-0.107726028304277,-7.868872039108757e-09,-1.0730090156613301e-08,9.3723624869703e-09,-1.8598962195722058e-08
2026-06-17 12:46:00+00:00,-0.022528447498139398,-0.032554519594327445,-0.10831761316054232,-7.985749738240435e-09,-1.0729564820907034e-08,9.395805931605758e-09,-1.871531455914747e-08
2026-06-17 12:47:00+00:00,-0.02246994602065922,-0.032290410552150206,-0.10890785811829398,-8.102594028071492e-09,-1.072884346016285e-08,9.418816161585325e-09,-1.8831437488234342e-08
2026-06-17 12:48:00+00:00,-0.02240877061536802,-0.032025977772621436,-0.10949669763293937,-8.21939535941352e-09,-1.0727923563294347e-08,9.441392640124678e-09,-1.894731892270787e-08
2026-06-17 12:49:00+00:00,-0.022344921278198423,-0.03176123776128017,-0.11008406616455801,-8.33614418132978e-09,-1.0726802621905465e-08,9.463534856574083e-09,-1.9062946803235245e-08
2026-06-17 12:50:00+00:00,-0.022278398215484278,-0.03149620703429394,-0.11066989817500153,-8.452830940468568e-09,-1.0725478130030463e-08,9.485242326316534e-09,-1.9178309070499033e-08
2026-06-17 12:51:00+00:00,-0.02220920184344137,-0.031230902115181855,-0.11125412813924176,-8.56944608272403e-09,-1.0723947584668603e-08,9.506514590892023e-09,-1.9293393667392634e-08
2026-06-17 12:52:00+00:00,-0.022137332789058144,-0.030965339537066823,-0.11183669054255702,-8.685980052657852e-09,-1.0722208485957023e-08,9.527351217689586e-09,-1.9408188538614875e-08
2026-06-17 12:53:00+00:00,-0.022062791888104415,-0.03069953583394807,-0.11241751990344853,-8.802423297547273e-09,-1.0720258337524528e-08,9.547751800853023e-09,-1.9522681635071803e-08
2026-06-17 12:54:00+00:00,-0.021985580187840744,-0.03043350754980735,-0.11299655075422063,-8.918766263199636e-09,-1.0718094646419555e-08,9.567715960108138e-09,-1.9636860909619193e-08
2026-06-17 12:55:00+00:00,-0.021905698945888022,-0.03016727123712013,-0.11357371763759527,-9.034999395023553e-09,-1.0715714922113395e-08,9.587243340501089e-09,-1.9750714317136948e-08
2026-06-17 12:56:00+00:00,-0.021823149627460292,-0.02990084343023415,-0.11414895520945466,-9.15111315054086e-09,-1.0713116682405818e-08,9.60633361627726e-09,-1.986422983294668e-08
2026-06-17 12:57:00+00:00,-0.021737933910000114,-0.02963424068524785,-0.11472219809072527,-9.267097980807963e-09,-1.0710297445000915e-08,9.624986484975107e-09,-1.997739542580888e-08
2026-06-17 12:58:00+00:00,-0.021650053680453998,-0.02936747955270707,-0.11529338097197686,-9.382944343499353e-09,-1.0707254733519529e-08,9.643201671051159e-09,-2.0090199077018883e-08
2026-06-17 12:59:00+00:00,-0.021559511035327262,-0.029100576581746015,-0.11586243859766171,-9.498642701290496e-09,-1.0703986076370813e-08,9.660978925293184e-09,-2.020262877766131e-08
2026-06-17 13:00:00+00:00,-0.021466308281720012,-0.028833548321889772,-0.11642930576273702,-9.614183520904417e-09,-1.0700489006903315e-08,9.678318024459242e-09,-2.031467252780773e-08
2026-06-17 13:01:00+00:00,-0.021370447934660846,-0.028566411314890572,-0.11699391733256344,-9.729557276823663e-09,-1.0696761063175218e-08,9.695218771753822e-09,-2.0426318339998882e-08
2026-06-17 13:02:00+00:00,-0.02127193272037299,-0.028299182103053315,-0.11755620823196974,-9.844754448484971e-09,-1.0692799789293698e-08,9.711680996290383e-09,-2.053755423777867e-08
2026-06-17 13:03:00+00:00,-0.021170765573663503,-0.02803187722155992,-0.11811611345838793,-9.959765523254968e-09,-1.0688602734411975e-08,9.727704553451428e-09,-2.0648368257666945e-08
2026-06-17 13:04:00+00:00,-0.02106694963881702,-0.02776451319967281,-0.11867356808561115,-1.007458099597838e-08,-1.0684167453582047e-08,9.743289324629488e-09,-2.0758748449560427e-08
2026-06-17 13:05:00+00:00,-0.020960488268612836,-0.027497106558020873,-0.11922850727241811,-1.018919137119043e-08,-1.0679491508125629e-08,9.758435217526268e-09,-2.0868682879316057e-08
2026-06-17 13:06:00+00:00,-0.02085138502703309,-0.027229673817548622,-0.11978086623421927,-1.030358715826619e-08,-1.0674572464090677e-08,9.773142164910682e-09,-2.0978159622356868e-08
2026-06-17 13:07:00+00:00,-0.020739643680982068,-0.02696223146619272,-0.12033058035667324,-1.0417758887413883e-08,-1.0669407897824838e-08,9.787410128516431e-09,-2.108716678523872e-08
2026-06-17 13:08:00+00:00,-0.02062526821187683,-0.026694796005506893,-0.12087758504086366,-1.0531697088486315e-08,-1.066399538853171e-08,9.80123909319429e-09,-2.1195692477018027e-08
2026-06-17 13:09:00+00:00,-0.020508262806283595,-0.026427383914553175,-0.12142181582259638,-1.0645392307384893e-08,-1.0658332523754072e-08,9.814629070956014e-09,-2.1303724831138964e-08
2026-06-17 13:10:00+00:00,-0.02038863185956671,-0.026160011661483837,-0.12196320833830956,-1.0758835101269551e-08,-1.0652416898056399e-08,9.827580099831783e-09,-2.141125199932595e-08
2026-06-17 13:11:00+00:00,-0.0202663799745369,-0.02589269569978516,-0.12250169833690322,-1.0872016040120516e-08,-1.0646246113119598e-08,9.840092243900343e-09,-2.1518262153240114e-08
2026-06-17 13:12:00+00:00,-0.020141511961598253,-0.02562545246811735,-0.12303722168474504,-1.0984925707554298e-08,-1.0639817778705806e-08,9.852165593116624e-09,-2.1624743486260106e-08
2026-06-17 13:13:00+00:00,-0.020014032837592798,-0.02535829838755462,-0.12356971436982347,-1.1097554701318997e-08,-1.0633129511863654e-08,9.863800263567082e-09,-2.173068421318265e-08
2026-06-17 13:14:00+00:00,-0.019883947826536737,-0.025091249862441857,-0.1240991125053938,-1.1209893634034275e-08,-1.0626178937706672e-08,9.874996397266722e-09,-2.1836072571740947e-08
2026-06-17 13:15:00+00:00,-0.019751262359410653,-0.02482432327968745,-0.12462535233566382,-1.1321933133341006e-08,-1.0618963689957709e-08,9.885754162011227e-09,-2.1940896823298714e-08
2026-06-17 13:16:00+00:00,-0.01961598207284973,-0.024557535005558087,-0.1251483702410271,-1.1433663843413677e-08,-1.0611481410397347e-08,9.896073751623038e-09,-2.2045145253811024e-08
2026-06-17 13:17:00+00:00,-0.01947811280873005,-0.024290901384593507,-0.12566810274472698,-1.1545076425344476e-08,-1.0603729749323612e-08,9.905955385818088e-09,-2.2148806174668087e-08
2026-06-17 13:18:00+00:00,-0.01933766061774198,-0.0240244387483822,-0.1261844864909744,-1.1656161554441796e-08,-1.059570636531249e-08,9.91539930922579e-09,-2.2251867919754286e-08
2026-06-17 13:19:00+00:00,-0.019194631747323252,-0.02375816338257012,-0.12669745834775836,-1.1766909933962044e-08,-1.0587408928959228e-08,9.924405794809296e-09,-2.2354318862921272e-08
2026-06-17 13:20:00+00:00,-0.019049032657743412,-0.02349209157183048,-0.12720695526469308,-1.1877312276001143e-08,-1.0578835116866188e-08,9.932975138726225e-09,-2.245614739286733e-08
2026-06-17 13:21:00+00:00,-0.018900870009947224,-0.023226239566475952,-0.12771291437949625,-1.1987359316044507e-08,-1.0569982616289308e-08,9.941107663834966e-09,-2.2557341932333815e-08
2026-06-17 13:22:00+00:00,-0.018750150669256272,-0.022960623591819676,-0.1282152729949599,-1.2097041809680555e-08,-1.0560849124263208e-08,9.948803718560871e-09,-2.2657890933943764e-08
2026-06-17 13:23:00+00:00,-0.01859688170489821,-0.022695259846855657,-0.1287139685809821,-1.22063505326699e-08,-1.055143234780805e-08,9.956063676959783e-09,-2.275778288047795e-08
2026-06-17 13:24:00+00:00,-0.01844107038829816,-0.022430164500891976,-0.12920893878548254,-1.2315276282818838e-08,-1.0541730003898252e-08,9.962887938728901e-09,-2.2857006286717092e-08
2026-06-17 13:25:00+00:00,-0.018282724192766334,-0.02216535369296238,-0.12970012143946236,-1.2423809880828756e-08,-1.05317398200686e-08,9.969276929200793e-09,-2.2955549700897356e-08
2026-06-17 13:26:00+00:00,-0.01812185079435489,-0.021900843532968076,-0.13018745455502448,-1.2531942169406031e-08,-1.0521459534312808e-08,9.975231099048761e-09,-2.3053401703718837e-08
2026-06-17 13:27:00+00:00,-0.01795845807018413,-0.021636650098540086,-0.13067087633539845,-1.2639664015182867e-08,-1.0510886895479596e-08,9.980750924545271e-09,-2.315055091066246e-08
2026-06-17 13:28:00+00:00,-0.017792554098581825,-0.021372789435083993,-0.13115032517963737,-1.274696630894257e-08,-1.0500019663507218e-08,9.985836907278503e-09,-2.324698597244979e-08
2026-06-17 13:29:00+00:00,-0.01762414716087619,-0.021109277560426944,-0.1316257396629069,-1.2853839963383096e-08,-1.0488855608303589e-08,9.990489573569603e-09,-2.3342695571686685e-08
2026-06-17 13:30:00+00:00,-0.017453245728218166,-0.02084613043559653,-0.13209705863496413,-1.2960275926356792e-08,-1.0477392514243373e-08,9.994709477136663e-09,-2.3437668440600163e-08
2026-06-17 13:31:00+00:00,-0.01727985848207971,-0.02058336400929802,-0.13256422108393964,-1.3066265161900706e-08,-1.0465628174776497e-08,9.9984971947551e-09,-2.3531893336677204e-08
2026-06-17 13:32:00+00:00,-0.017103994298315165,-0.020320994184469185,-0.13302716623550528,-1.3171798664581669e-08,-1.0453560395638461e-08,1.000185332921983e-08,-2.3625359060220132e-08
2026-06-17 13:33:00+00:00,-0.016925662251316666,-0.020059036826511,-0.13348583353375904,-1.3276867456081659e-08,-1.0441186994763942e-08,1.0004778508322596e-08,-2.37180544508456e-08
2026-06-17 13:34:00+00:00,-0.01674487161209827,-0.019797507760486027,-0.1339401626496488,-1.3381462587129416e-08,-1.0428505802570775e-08,1.0007273385164996e-08,-2.380996838970019e-08
2026-06-17 13:35:00+00:00,-0.016561631849488515,-0.019536422772618883,-0.13439009347851272,-1.3485575136454057e-08,-1.0415514661623043e-08,1.0009338637577804e-08,-2.39010897980771e-08
2026-06-17 13:36:00+00:00,-0.0163759526278201,-0.01927579760682452,-0.13483556615102327,-1.3589196212731587e-08,-1.04022114273133e-08,1.0010974968594053e-08,-2.3991407640044886e-08
2026-06-17 13:37:00+00:00,-0.016187843808819113,-0.019015647967217858,-0.1352765210309987,-1.3692316953830358e-08,-1.0388593968050254e-08,1.0012183105987662e-08,-2.408091092188061e-08
2026-06-17 13:38:00+00:00,-0.015997315445537126,-0.018755989509518088,-0.13571289873421022,-1.3794928530464153e-08,-1.0374660165007209e-08,1.0012963802333417e-08,-2.4169588695471362e-08
2026-06-17 13:39:00+00:00,-0.01580437778890017,-0.018496837850058394,-0.13614464011389044,-1.3897022142704588e-08,-1.0360407912906847e-08,1.0013317835120963e-08,-2.4257430055611433e-08
2026-06-17 13:40:00+00:00,-0.015609041285888789,-0.01823820856477193,-0.13657168625632213,-1.3998589020473848e-08,-1.034583511871332e-08,1.0013246005767054e-08,-2.4344424139187166e-08
2026-06-17 13:41:00+00:00,-0.015411316564122625,-0.017980117161210993,-0.13699397857266024,-1.4099620435697057e-08,-1.0330939706457937e-08,1.0012749142176369e-08,-2.4430560142154993e-08
2026-06-17 13:42:00+00:00,-0.015211214455131114,-0.017722579120785835,-0.13741145866705887,-1.4200107684630946e-08,-1.0315719610669405e-08,1.0011828095029227e-08,-2.451582729530035e-08
2026-06-17 13:43:00+00:00,-0.015008745978687454,-0.01746560987014819,-0.13782406842999645,-1.4300042100033728e-08,-1.0300172781006909e-08,1.0010483739981716e-08,-2.4600214881040636e-08
2026-06-17 13:44:00+00:00,-0.014803922344519556,-0.01720922478544295,-0.13823175002517726,-1.4399415049865689e-08,-1.0284297181717477e-08,1.0008716977160893e-08,-2.4683712231583167e-08
2026-06-17 13:45:00+00:00,-0.014596754953785741,-0.016953439194063898,-0.13863444588667728,-1.4498217936461455e-08,-1.026809079136612e-08,1.000652873089931e-08,-2.4766308727827576e-08
2026-06-17 13:46:00+00:00,-0.01438725539442022,-0.01669826836883389,-0.1390320987319371,-1.4596442199047066e-08,-1.0251551602970353e-08,1.0003919949947222e-08,-2.484799380201742e-08
2026-06-17 13:47:00+00:00,-0.014175435444235523,-0.016443727531725794,-0.1394246515617573,-1.4694079313009956e-08,-1.0234677624931662e-08,1.0000891607079683e-08,-2.4928756937941618e-08
2026-06-17 13:48:00+00:00,-0.013961307068401554,-0.016189831850920385,-0.13981204766306604,-1.4791120790632057e-08,-1.0217466880248331e-08,9.997444699126118e-09,-2.500858767088039e-08
2026-06-17 13:49:00+00:00,-0.013744882419010417,-0.01593659643998522,-0.14019423061609965,-1.4887558181847866e-08,-1.0199917407457459e-08,9.993580247002591e-09,-2.5087475589305327e-08
2026-06-17 13:50:00+00:00,-0.013526173832880295,-0.015684036355390868,-0.14057114430206602,-1.4983383075938365e-08,-1.018202726054786e-08,9.989299295460688e-09,-2.5165410336486226e-08
2026-06-17 13:51:00+00:00,-0.013305193838103128,-0.015432166605842186,-0.14094273287840417,-1.5078587097097332e-08,-1.016379450812448e-08,9.98460291257107e-09,-2.524238160522181e-08
2026-06-17 13:52:00+00:00,-0.013081955132071242,-0.015181002119974182,-0.14130894087396473,-1.5173161918469117e-08,-1.0145217237581302e-08,9.97949219169197e-09,-2.531837915605042e-08
2026-06-17 13:53:00+00:00,-0.012856470610276428,-0.014930557789888325,-0.1416697130635483,-1.5267099244223424e-08,-1.0126293549346763e-08,9.973968248244147e-09,-2.5393392793570187e-08
2026-06-17 13:54:00+00:00,-0.0126287533447366,-0.014680848439433083,-0.14202499456161047,-1.5360390823149803e-08,-1.0107021561328732e-08,9.968032221763551e-09,-2.5467412384478536e-08
2026-06-17 13:55:00+00:00,-0.012398816590259237,-0.014431888833143322,-0.14237473079859467,-1.5453028444573033e-08,-1.0087399407652532e-08,9.961685275201917e-09,-2.5540427852225566e-08
2026-06-17 13:56:00+00:00,-0.012166673781880993,-0.014183693673395004,-0.14271886752938126,-1.554500394013903e-08,-1.006742523897695e-08,9.95492859487346e-09,-2.561242917911598e-08
2026-06-17 13:57:00+00:00,-0.0119323385350067,-0.01393627760060688,-0.14305735083782262,-1.563630918417063e-08,-1.0047097223166915e-08,9.94776339036356e-09,-2.5683406407337545e-08
2026-06-17 13:58:00+00:00,-0.01169582464234252,-0.013689655189957975,-0.14339012714051802,-1.5726936094483797e-08,-1.0026413544541298e-08,9.940190894481946e-09,-2.5753349639025096e-08
2026-06-17 13:59:00+00:00,-0.011457146075519252,-0.01344384095323714,-0.14371714318912948,-1.581687663227702e-08,-1.0005372404865062e-08,9.932212362931369e-09,-2.582224903714208e-08
2026-06-17 14:00:00+00:00,-0.011216316983846938,-0.013198849337379762,-0.1440383460777737,-1.5906122803240357e-08,-9.983972023457776e-09,9.923829074617055e-09,-2.5890094826698134e-08
2026-06-17 14:01:00+00:00,-0.01097335169190318,-0.012954694722227697,-0.14435368324420794,-1.599466665809047e-08,-9.962210636887368e-09,9.915042331144518e-09,-2.5956877294977837e-08
2026-06-17 14:02:00+00:00,-0.010728264698103701,-0.012711391418998075,-0.14466310247727932,-1.608250029328973e-08,-9.94008649941113e-09,9.905853456959006e-09,-2.602258679270086e-08
2026-06-17 14:03:00+00:00,-0.010481070682419408,-0.01246895367963373,-0.14496655189958607,-1.6169615848602048e-08,-9.917597882805533e-09,9.896263798730797e-09,-2.6087213731407582e-08
2026-06-17 14:04:00+00:00,-0.010231784479180814,-0.012227395663562235,-0.14526398005006058,-1.6256005519093218e-08,-9.894743078716814e-09,9.886274726870544e-09,-2.6150748597810032e-08
2026-06-17 14:05:00+00:00,-0.009980421113240184,-0.0119867314832163,-0.14555533576961113,-1.634166153816114e-08,-9.87152039525334e-09,9.875887633085715e-09,-2.6213181933414478e-08
2026-06-17 14:06:00+00:00,-0.00972699577275609,-0.011746975170654053,-0.1458405682865314,-1.642657619050292e-08,-9.84792815918663e-09,9.865103931707864e-09,-2.627450434968955e-08
2026-06-17 14:07:00+00:00,-0.009471523816929596,-0.011508140687005924,-0.14611962719966975,-1.6510741809351404e-08,-9.823964716458338e-09,9.853925059456554e-09,-2.633470652580974e-08
2026-06-17 14:08:00+00:00,-0.009214020774706393,-0.01127024192125127,-0.14639246247944282,-1.6594150776247616e-08,-9.799628431538705e-09,9.84235247503371e-09,-2.639377920778632e-08
2026-06-17 14:09:00+00:00,-0.00895450234175578,-0.011033292687439161,-0.14665902447566304,-1.6676795522554734e-08,-9.774917687853245e-09,9.830387659187498e-09,-2.645171321040798e-08
2026-06-17 14:10:00+00:00,-0.008692984379303353,-0.01079730672369289,-0.14691926392349483,-1.675866853061635e-08,-9.749830888075077e-09,9.818032114475647e-09,-2.6508499418691428e-08
2026-06-17 14:11:00+00:00,-0.008429482915847192,-0.010562297694060585,-0.14717313194061882,-1.6839762332601232e-08,-9.724366454078171e-09,9.805287365379756e-09,-2.65641287866794e-08
2026-06-17 14:12:00+00:00,-0.008164014143795431,-0.01032827918541275,-0.1474205800355198,-1.6920069511927464e-08,-9.698522827141832e-09,9.792154957860724e-09,-2.6618592339069298e-08
2026-06-17 14:13:00+00:00,-0.007896594419256574,-0.010095264707278381,-0.14766156011302384,-1.6999582704330007e-08,-9.672298468652629e-09,9.77863645957529e-09,-2.6671881172982637e-08
2026-06-17 14:14:00+00:00,-0.007627240265992263,-0.009863267697107561,-0.147896024456559,-1.7078294594904942e-08,-9.645691858672912e-09,9.76473345909686e-09,-2.6723986453577855e-08
2026-06-17 14:15:00+00:00,-0.007355968349371134,-0.009632301491458065,-0.1481239258058608,-1.7156197929793878e-08,-9.61870149909473e-09,9.750447567267504e-09,-2.6774899428888605e-08
2026-06-17 14:16:00+00:00,-0.007082795516076462,-0.009402379369941899,-0.14834521725285807,-1.723328550042135e-08,-9.591325910746506e-09,9.735780415310959e-09,-2.6824611411167854e-08
2026-06-17 14:17:00+00:00,-0.006807738763257944,-0.00917351452238141,-0.14855985231664282,-1.7309550154825172e-08,-9.563563634805234e-09,9.720733655626817e-09,-2.6873113789630406e-08
2026-06-17 14:18:00+00:00,-0.006530815246605745,-0.008945720057467618,-0.1487677849293863,-1.7384984795348527e-08,-9.535413232999667e-09,9.705308961577443e-09,-2.6920398028348194e-08
2026-06-17 14:19:00+00:00,-0.006252042276729465,-0.008719008999875308,-0.14896896944322863,-1.7459582380069214e-08,-9.506873287979014e-09,9.689508027340107e-09,-2.696645566804823e-08
2026-06-17 14:20:00+00:00,-0.005971437320770975,-0.008493394291747239,-0.1491633606290361,-1.753333592193165e-08,-9.477942402941491e-09,9.673332567677499e-09,-2.701127832487314e-08
2026-06-17 14:21:00+00:00,-0.0056890179991168285,-0.008268888790217963,-0.14935091368295692,-1.7606238490248425e-08,-9.448619202035111e-09,9.65678431797627e-09,-2.7054857692283536e-08
2026-06-17 14:22:00+00:00,-0.005404802087286678,-0.008045505268899675,-0.14953158422847745,-1.7678283210262223e-08,-9.418902330834454e-09,9.639865033983896e-09,-2.7097185541096678e-08
2026-06-17 14:23:00+00:00,-0.005118807507083052,-0.007823256411120832,-0.14970532832535288,-1.7749463265730357e-08,-9.388790455745225e-09,9.622576491577143e-09,-2.7138253721475582e-08
2026-06-17 14:24:00+00:00,-0.00483105233597278,-0.007602154817499374,-0.14987210246477228,-1.7819771896533596e-08,-9.35828226505704e-09,9.604920486988305e-09,-2.7178054161590637e-08
2026-06-17 14:25:00+00:00,-0.004541554805106325,-0.007382213005851707,-0.15003186356258363,-1.788920239877334e-08,-9.327376467776028e-09,9.586898836092804e-09,-2.721657886654937e-08
2026-06-17 14:26:00+00:00,-0.004250333272207613,-0.0071634433845192,-0.1501845690278311,-1.795774813469448e-08,-9.296071796491895e-09,9.568513375272205e-09,-2.7253819931186378e-08
2026-06-17 14:27:00+00:00,-0.00395740626202902,-0.006945858292872489,-0.15033017666590046,-1.80254025182854e-08,-9.264367003804e-09,9.549765959893175e-09,-2.72897695220894e-08
2026-06-17 14:28:00+00:00,-0.0036627924388371036,-0.006729469974119565,-0.15046864474788968,-1.80921590250198e-08,-9.23226086496983e-09,9.530658465327365e-09,-2.7324419889989632e-08
2026-06-17 14:29:00+00:00,-0.003366510609695429,-0.006514290579574533,-0.15059993200077956,-1.8158011191238145e-08,-9.199752177703552e-09,9.51119278618961e-09,-2.7357763368941697e-08
2026-06-17 14:30:00+00:00,-0.003068579726336,-0.006300332170253345,-0.15072399760630928,-1.822295261291171e-08,-9.166839761941346e-09,9.491370836600378e-09,-2.7389792374853057e-08
2026-06-17 14:31:00+00:00,-0.0027690188784257955,-0.00608760671218192,-0.1508408012074279,-1.828697694777605e-08,-9.133522459661549e-09,9.471194549561488e-09,-2.7420499407437598e-08
2026-06-17 14:32:00+00:00,-0.0024678472979515684,-0.00587612607969637,-0.1509503029121382,-1.835007791498623e-08,-9.099799136128436e-09,9.450665877317032e-09,-2.7449877051114665e-08
2026-06-17 14:33:00+00:00,-0.002165084354685737,-0.005665902052407051,-0.15105246329419025,-1.8412249295387593e-08,-9.065668678944652e-09,9.429786790808957e-09,-2.7477917974332245e-08
2026-06-17 14:34:00+00:00,-0.0018607495564920348,-0.005456946315653979,-0.15114724339737895,-1.847348493222699e-08,-9.031129998665478e-09,9.408559279840479e-09,-2.7504614930892468e-08
2026-06-17 14:35:00+00:00,-0.0015548625449624612,-0.005249270457481234,-0.15123460474226158,-1.8533778732380514e-08,-8.99618202911033e-09,9.386985352644572e-09,-2.7529960761490845e-08
2026-06-17 14:36:00+00:00,-0.0012474431061109126,-0.005042885977956005,-0.15131450930914428,-1.8593124662975414e-08,-8.96082372660785e-09,9.365067035813764e-09,-2.755394838958326e-08
2026-06-17 14:37:00+00:00,-0.0009385111350703051,-0.004837804258903386,-0.1513869196032148,-1.8651516762138056e-08,-8.925054072175637e-09,9.342806374637439e-09,-2.7576570834313693e-08
2026-06-17 14:38:00+00:00,-0.0006280866825435424,-0.004634036605205949,-0.15145179856880792,-1.870894912522784e-08,-8.888872068921504e-09,9.320205432111214e-09,-2.759782119414934e-08
2026-06-17 14:39:00+00:00,-0.0003161899199013718,-0.004431594214899054,-0.15150910965394027,-1.876541591509244e-08,-8.852276744188578e-09,9.297266289237539e-09,-2.7617692659281018e-08
2026-06-17 14:40:00+00:00,-2.8411494801122705e-06,-0.00423048818811278,-0.1515588167940098,-1.882091135927529e-08,-8.815267148839527e-09,9.273991044919831e-09,-2.7636178508114816e-08
2026-06-17 14:41:00+00:00,0.0003119391997743401,-0.0040307295242623525,-0.15160088441785483,-1.8875429751040328e-08,-8.777842357532697e-09,9.250381815658977e-09,-2.7653272108573024e-08
2026-06-17 14:42:00+00:00,0.0006281305719164354,-0.0038323291225711015,-0.15163527745193828,-1.8928965449654023e-08,-8.740001469318604e-09,9.226440735644256e-09,-2.7668966918972627e-08
2026-06-17 14:43:00+00:00,0.0009457122884073202,-0.0036352977795146707,-0.15166196132003196,-1.898151288100909e-08,-8.701743606749071e-09,9.202169956082462e-09,-2.768325648775816e-08
2026-06-17 14:44:00+00:00,0.0012646635463405762,-0.0034396461901459313,-0.15168090194801742,-1.9033066537728918e-08,-8.663067916841159e-09,9.177571645629609e-09,-2.7696134454570076e-08
2026-06-17 14:45:00+00:00,0.0015849634195452822,-0.0032453849475908986,-0.15169206576857375,-1.9083620979615817e-08,-8.623973571361154e-09,9.152647989892814e-09,-2.770759455097697e-08
2026-06-17 14:46:00+00:00,0.0019065908630849504,-0.003052524540500798,-0.15169541972068334,-1.9133170834259202e-08,-8.584459766166699e-09,9.127401191381112e-09,-2.77176306004259e-08
2026-06-17 14:47:00+00:00,0.0022295247143841526,-0.002861075352662834,-0.15169093125385746,-1.9181710797473694e-08,-8.5445257213436e-09,9.101833469178647e-09,-2.7726236518817294e-08
2026-06-17 14:48:00+00:00,0.002553743682696112,-0.0026710476709650294,-0.15167856832168275,-1.922923563156424e-08,-8.504170682437852e-09,9.075947059085148e-09,-2.7733406314002093e-08
2026-06-17 14:49:00+00:00,0.002879226388931358,-0.0024824516557630655,-0.15165829942805892,-1.927574017364766e-08,-8.463393919547065e-09,9.04974421311034e-09,-2.7739134093194725e-08
2026-06-17 14:50:00+00:00,0.00320595131227773,-0.00229529738226579,-0.15163009356106408,-1.932121932419906e-08,-8.422194727653958e-09,9.02322719965944e-09,-2.774341405185302e-08
2026-06-17 14:51:00+00:00,0.003533896829824981,-0.002109594810964441,-0.15159392024172544,-1.9365668055321736e-08,-8.38057242646214e-09,8.996398303009228e-09,-2.7746240481783876e-08
2026-06-17 14:52:00+00:00,0.0038630412062076874,-0.0019253537954984495,-0.15154974951830769,-1.9409081409490132e-08,-8.338526361493815e-09,8.969259823391683e-09,-2.774760777098395e-08
2026-06-17 14:53:00+00:00,0.004193362594965909,-0.001742584082238735,-0.15149755196486103,-1.9451454499247376e-08,-8.296055903262572e-09,8.94181407688078e-09,-2.7747510402509948e-08
2026-06-17 14:54:00+00:00,0.004524839042716465,-0.001561295308099106,-0.15143729868538502,-1.949278250795787e-08,-8.25316044755139e-09,8.914063394900868e-09,-2.774594295550926e-08
2026-06-17 14:55:00+00:00,0.004857448490448203,-0.0013814970001061883,-0.1513689613179689,-1.9533060690867818e-08,-8.209839415818046e-09,8.886010124351578e-09,-2.7742900106685865e-08
2026-06-17 14:56:00+00:00,0.0051911687723510125,-0.0012031985762926412,-0.15129251203491473,-1.9572284374039935e-08,-8.166092255035744e-09,8.85765662734297e-09,-2.773837662907568e-08
2026-06-17 14:57:00+00:00,0.00552597761949436,-0.0010264093439688177,-0.15120792354605955,-1.9610448955697115e-08,-8.121918437794491e-09,8.829005280951894e-09,-2.7732367393491605e-08
2026-06-17 14:58:00+00:00,0.005861852660229622,-0.0008511384996674476,-0.151115169103828,-1.9647549906578278e-08,-8.077317462899309e-09,8.800058477295527e-09,-2.7724867369477587e-08
2026-06-17 14:59:00+00:00,0.00619877141498127,-0.0006773951338113343,-0.1510142224913749,-1.9683582768129153e-08,-8.032288854628255e-09,8.770818623021735e-09,-2.7715871622757407e-08
2026-06-17 15:00:00+00:00,0.006536711332468623,-0.0005051882055299023,-0.15090505806610066,-1.971854315994823e-08,-7.986832163101215e-09,8.741288139131224e-09,-2.7705375323049445e-08
2026-06-17 15:01:00+00:00,0.006875649734198033,-0.00033452658167365534,-0.15078765070676994,-1.9752426769887477e-08,-7.940946965328254e-09,8.71146946135414e-09,-2.769337373521573e-08
2026-06-17 15:02:00+00:00,0.007215563857709856,-0.00016541900797523157,-0.15066197584924718,-1.9785229361151213e-08,-7.894632863858103e-09,8.681365039354281e-09,-2.7679862225009316e-08
2026-06-17 15:03:00+00:00,0.007556430844829765,2.1258828549197695e-06,-0.15052800948207554,-1.981694677076765e-08,-7.847889487767036e-09,8.650977336900933e-09,-2.7664836258534686e-08
2026-06-17 15:04:00+00:00,0.007898227746991428,0.0001680995736553087,-0.15038572814944146,-1.9847574910452623e-08,-7.800716492494652e-09,8.620308831381472e-09,-2.7648291402947275e-08
2026-06-17 15:05:00+00:00,0.008240931522713456,0.00033249366114740386,-0.15023510895135161,-1.9877109766313227e-08,-7.75311355983608e-09,8.589362013977592e-09,-2.7630223326149307e-08
2026-06-17 15:06:00+00:00,0.008584519042749365,0.0004952998583094975,-0.1500761295468757,-1.990554739938114e-08,-7.7050803982507e-09,8.558139389222805e-09,-2.761062779763184e-08
2026-06-17 15:07:00+00:00,0.008928967087274982,0.0006565099926420098,-0.14990876815702145,-1.993288394585149e-08,-7.656616743023085e-09,8.526643475122834e-09,-2.7589500688874575e-08
2026-06-17 15:08:00+00:00,0.009274252354654296,0.0008161160102220094,-0.14973300356576957,-1.9959115617905804e-08,-7.607722355939275e-09,8.49487680252461e-09,-2.7566837973845078e-08
2026-06-17 15:09:00+00:00,0.00962035145618173,0.0009741099727704344,-0.14954881512211185,-1.9984238703246195e-08,-7.558397025603786e-09,8.46284191528966e-09,-2.754263572884998e-08
2026-06-17 15:10:00+00:00,0.009967240911129785,0.0011304840535674154,-0.14935618273519322,-2.0008249564221484e-08,-7.508640567699624e-09,8.430541370233886e-09,-2.7516890131921106e-08
2026-06-17 15:11:00+00:00,0.010314897186862695,0.0012852305623110433,-0.14915508690675816,-2.0031144644422814e-08,-7.458452824755433e-09,8.397977736146249e-09,-2.7489597469178247e-08
2026-06-17 15:12:00+00:00,0.010663296643779761,0.0014383419093729338,-0.14894550868567702,-2.0052920459397274e-08,-7.407833666147135e-09,8.365153594588465e-09,-2.746075412554441e-08
2026-06-17 15:13:00+00:00,0.011012415572649807,0.0015898106293711078,-0.14872742970187164,-2.0073573603151305e-08,-7.356782988489811e-09,8.332071539258734e-09,-2.7430356591641114e-08
2026-06-17 15:14:00+00:00,0.011362230187353474,0.0017396293760824355,-0.14850083216371857,-2.009310074733215e-08,-7.305300716215151e-09,8.298734175855518e-09,-2.73984014635473e-08
2026-06-17 15:15:00+00:00,0.011712716628470253,0.0018877909234606138,-0.14826569885360397,-2.0111498640805197e-08,-7.253386800451199e-09,8.26514412192554e-09,-2.7364885441256394e-08
2026-06-17 15:16:00+00:00,0.012063850965285512,0.0020342881662892554,-0.14802201313165336,-2.0128764110276148e-08,-7.2010412192963495e-09,8.231304006316227e-09,-2.7329805329572497e-08
2026-06-17 15:17:00+00:00,0.012415609193809178,0.0021791141190740937,-0.1477697589420225,-2.0144894060791126e-08,-7.148263979118608e-09,8.197216469700874e-09,-2.7293158039909733e-08
2026-06-17 15:18:00+00:00,0.012767967241980066,0.00232226191798246,-0.1475089208089709,-2.0159885475507574e-08,-7.095055113274962e-09,8.162884163684383e-09,-2.7254940588782537e-08
2026-06-17 15:19:00+00:00,0.01312090096877748,0.00246372482001532,-0.14723948384112512,-2.017373541593873e-08,-7.041414682700939e-09,8.12830975121166e-09,-2.7215150098639667e-08
2026-06-17 15:20:00+00:00,0.013474386169921929,0.002603496205316025,-0.1469614337331238,-2.0186441023021956e-08,-6.987342776030795e-09,8.093495905702473e-09,-2.7173783799052752e-08
2026-06-17 15:21:00+00:00,0.01382839856453865,0.002741569569473648,-0.1466747567617105,-2.019799951498518e-08,-6.932839509757282e-09,8.05844531179647e-09,-2.713083902474246e-08
2026-06-17 15:22:00+00:00,0.014182913839736161,0.0028779385482971126,-0.14637943980728546,-2.0208408193094563e-08,-6.877905027343943e-09,8.023160663833409e-09,-2.7086313220438507e-08
2026-06-17 15:23:00+00:00,0.014537907591451002,0.0030125968831358485,-0.14607547032563395,-2.0217664434404465e-08,-6.822539500851152e-09,7.987644667215616e-09,-2.7040203935255615e-08
2026-06-17 15:24:00+00:00,0.014893355368781606,0.003145538445515572,-0.1457628363694099,-2.022576569725756e-08,-6.766743129829437e-09,7.951900036872524e-09,-2.6992508827086996e-08
2026-06-17 15:25:00+00:00,0.015249232661280768,0.003276757229813937,-0.14544152658456633,-2.0232709519565774e-08,-6.710516141774807e-09,7.915929497960519e-09,-2.6943225661340582e-08
2026-06-17 15:26:00+00:00,0.015605514903523132,0.0034062473547730177,-0.14511153021096887,-2.023849351934282e-08,-6.6538587920273885e-09,7.87973578531222e-09,-2.6892352311370208e-08
2026-06-17 15:27:00+00:00,0.015962177475620537,0.0035340030634756353,-0.14477283708725652,-2.024311539537902e-08,-6.596771364376761e-09,7.843321643169996e-09,-2.683988675975578e-08
2026-06-17 15:28:00+00:00,0.016319195707665594,0.003660018724518585,-0.14442543764519677,-2.024657292653081e-08,-6.5392541698021015e-09,7.806689825049903e-09,-2.6785827096332912e-08
2026-06-17 15:29:00+00:00,0.016676544878118538,0.003784288831196414,-0.14406932291660174,-2.0248863972443535e-08,-6.481307547941176e-09,7.769843093627684e-09,-2.673017152038471e-08
2026-06-17 15:30:00+00:00,0.017034200215048492,0.003906808001636605,-0.14370448453657872,-2.024998647404866e-08,-6.422931866698803e-09,7.732784220683269e-09,-2.6672918340747465e-08
2026-06-17 15:31:00+00:00,0.017392136901478776,0.004027570980403489,-0.1433309147378763,-2.024993845297649e-08,-6.3641275219203376e-09,7.695515986600805e-09,-2.661406597489683e-08
2026-06-17 15:32:00+00:00,0.0177503300766974,0.004146572638578316,-0.14294860635374146,-2.0248718012191148e-08,-6.304894937317294e-09,7.658041180122759e-09,-2.6553612949508442e-08
2026-06-17 15:33:00+00:00,0.01810875482337481,0.004263807967275518,-0.14255755282385707,-2.0246323335450387e-08,-6.245234565992856e-09,7.620362598861245e-09,-2.6491557901443244e-08
2026-06-17 15:34:00+00:00,0.01846738621603497,0.0043792721010372515,-0.14215774819312993,-2.0242752690456672e-08,-6.185146887353224e-09,7.582483047483598e-09,-2.6427899577809895e-08
2026-06-17 15:35:00+00:00,0.01882619925641415,0.004492960284691358,-0.14174918710948203,-2.0238004424135076e-08,-6.124632410899865e-09,7.5444053398517e-09,-2.6362636835034943e-08
2026-06-17 15:36:00+00:00,0.019185168920719975,0.00460486789619885,-0.1413318648252858,-2.0232076966024817e-08,-6.0636916734781964e-09,7.5061322966488e-09,-2.6295768639503014e-08
2026-06-17 15:37:00+00:00,0.01954427014777812,0.004714990440689945,-0.14090577720377048,-2.0224968828174176e-08,-6.002325240866491e-09,7.467666746560419e-09,-2.6227294069040668e-08
2026-06-17 15:38:00+00:00,0.019903477840374703,0.004823323550403422,-0.14047092071625528,-2.021667860437009e-08,-5.94053370730435e-09,7.429011525697577e-09,-2.615721231167444e-08
2026-06-17 15:39:00+00:00,0.02026276687004968,0.004929862985965663,-0.1400272924413309,-2.0207204970882497e-08,-5.878317695001603e-09,7.390169477000357e-09,-2.60855226658841e-08
2026-06-17 15:40:00+00:00,0.020622112078877264,0.005034604636625278,-0.13957489006733875,-2.019654668652889e-08,-5.815677854907999e-09,7.3511434503969815e-09,-2.6012224541436887e-08
2026-06-17 15:41:00+00:00,0.020981488277635213,0.005137544519266443,-0.13911371189413935,-2.0184702592527716e-08,-5.75261486621579e-09,7.311936302660609e-09,-2.5937317458743506e-08
2026-06-17 15:42:00+00:00,0.021340870250455286,0.005238678779545321,-0.1386437568319507,-2.0171671612746375e-08,-5.689129436830698e-09,7.272550897082717e-09,-2.5860801049577072e-08
2026-06-17 15:43:00+00:00,0.021700232755163522,0.005338003691718801,-0.1381650244058717,-2.01574527542608e-08,-5.625222303399228e-09,7.232990103349475e-09,-2.5782675057660026e-08
2026-06-17 15:44:00+00:00,0.02205955051744967,0.0054355156546224345,-0.13767751474952705,-2.0142045106109737e-08,-5.560894230948279e-09,7.193256797310127e-09,-2.5702939337058016e-08
2026-06-17 15:45:00+00:00,0.022418798270488066,0.005531211210448986,-0.13718122861057744,-2.012544784189777e-08,-5.4961460118039255e-09,7.1533538601002706e-09,-2.5621593853701696e-08
2026-06-17 15:46:00+00:00,0.022777950696146763,0.005625087015959998,-0.1366761673533371,-2.0107660217101527e-08,-5.430978468710243e-09,7.113284179497488e-09,-2.553863868581177e-08
2026-06-17 15:47:00+00:00,0.023136982469001664,0.005717139862555801,-0.13616233295376728,-2.0088681570659602e-08,-5.365392452099857e-09,7.073050648315644e-09,-2.545407402275946e-08
2026-06-17 15:48:00+00:00,0.023495868245806587,0.005807366670833362,-0.1356397280038818,-2.006851132472207e-08,-5.299388841166635e-09,7.032656164954332e-09,-2.5367900165888703e-08
2026-06-17 15:49:00+00:00,0.023854582670836268,0.005895764491830123,-0.1351083557093039,-2.004714898505284e-08,-5.232968543431608e-09,6.9921036325700635e-09,-2.5280117528484446e-08
2026-06-17 15:50:00+00:00,0.02421310037410964,0.005982330506117246,-0.13456821989146267,-2.0024594140563654e-08,-5.166132495068903e-09,6.951395959450846e-09,-2.5190726635632558e-08
2026-06-17 15:51:00+00:00,0.02457139597284181,0.006067062023867399,-0.1340193249906657,-2.0000846463864457e-08,-5.098881661248838e-09,6.910536058711314e-09,-2.5099728125113294e-08
2026-06-17 15:52:00+00:00,0.02492944407633213,0.0061499564857592365,-0.1334616760605274,-1.9975905710888447e-08,-5.031217035251758e-09,6.869526847864546e-09,-2.5007122746140205e-08
2026-06-17 15:53:00+00:00,0.025287219287796668,0.0062310114631258864,-0.1328952787705388,-1.994977172140101e-08,-4.9631396390111225e-09,6.828371248568753e-09,-2.4912911360412133e-08
2026-06-17 15:54:00+00:00,0.025644696202543928,0.006310224657075869,-0.132320139408451,-1.9922444418687672e-08,-4.894650523163713e-09,6.787072186744441e-09,-2.4817094941851384e-08
2026-06-17 15:55:00+00:00,0.026001849401343813,0.0063875938946992075,-0.1317362648823941,-1.9893923809462518e-08,-4.825750767751202e-09,6.745632592667104e-09,-2.471967457721372e-08
2026-06-17 15:56:00+00:00,0.026358653495850315,0.006463117147353745,-0.13114366270654454,-1.986420998491843e-08,-4.7564414789268756e-09,6.704055398965437e-09,-2.4620651463845304e-08
2026-06-17 15:57:00+00:00,0.02671508306597717,0.006536792503583064,-0.13054234102009377,-1.9833303119163242e-08,-4.686723793507504e-09,6.662343542829328e-09,-2.4520026912670747e-08
2026-06-17 15:58:00+00:00,0.027071112702591237,0.006608618186759639,-0.1299323085773615,-1.9801203470187918e-08,-4.616598876180733e-09,6.6204999645050195e-09,-2.441780234636865e-08
2026-06-17 15:59:00+00:00,0.027426716998690363,0.006678592550829469,-0.12931357475391708,-1.9767911380508392e-08,-4.5460679207892995e-09,6.578527607486484e-09,-2.431397930129769e-08
2026-06-17 16:00:00+00:00,0.027781870553611886,0.006746714080668806,-0.12868614953810373,-1.973342727568084e-08,-4.475132149135154e-09,6.536429417881826e-09,-2.4208559424815995e-08
2026-06-17 16:01:00+00:00,0.02813654797533121,0.0068129813923321,-0.1280500435322188,-1.9697751665178645e-08,-4.403792811054109e-09,6.4942083443958004e-09,-2.4101544476232754e-08
2026-06-17 16:02:00+00:00,0.028490723877812603,0.006877393232064502,-0.12740526796137902,-1.9660885142616707e-08,-4.332051185832033e-09,6.45186733837318e-09,-2.399293632844874e-08
2026-06-17 16:03:00+00:00,0.028844372886832864,0.006939948477247444,-0.12675183466371723,-1.9622828385186824e-08,-4.259908580582886e-09,6.409409353285215e-09,-2.388273696576971e-08
2026-06-17 16:04:00+00:00,0.029197469639641205,0.007000646135900582,-0.12608975609516943,-1.9583582153797368e-08,-4.187366331050427e-09,6.36683734480341e-09,-2.3770948484847795e-08
2026-06-17 16:05:00+00:00,0.029549988789399274,0.007059485347167591,-0.12541904532556444,-1.9543147293364034e-08,-4.114425801242957e-09,6.3241542702081295e-09,-2.365757309460699e-08
2026-06-17 16:06:00+00:00,0.029901904992876135,0.007116465376694386,-0.12473971604874415,-1.9501524732532782e-08,-4.041088384648097e-09,6.281363088929855e-09,-2.354261311718088e-08
2026-06-17 16:07:00+00:00,0.03025319295722608,0.00717158563318674,-0.12405178255454166,-1.9458715483238346e-08,-3.967355500060011e-09,6.238466760648717e-09,-2.3426070983298357e-08
2026-06-17 16:08:00+00:00,0.030603827376377395,0.0072248456437507685,-0.12335525976701382,-1.9414720641630845e-08,-3.893228597740427e-09,6.195468247538027e-09,-2.3307949239371272e-08
2026-06-17 16:09:00+00:00,0.03095378297820689,0.007276245070609755,-0.12265016321628847,-1.9369541387252244e-08,-3.81870915485833e-09,6.152370512111695e-09,-2.318825054211057e-08
2026-06-17 16:10:00+00:00,0.03130303451208703,0.007325783706418218,-0.1219365090486733,-1.9323178983274862e-08,-3.743798677219424e-09,6.109176517885611e-09,-2.3066977660494286e-08
2026-06-17 16:11:00+00:00,0.031651556752539736,0.007373461474366433,-0.12121431402294724,-1.9275634776431063e-08,-3.6684986985579056e-09,6.0658892289821e-09,-2.2944133474988968e-08
2026-06-17 16:12:00+00:00,0.03199932450082744,0.007419278428375947,-0.12048359551350643,-1.922691019715119e-08,-3.5928107810904832e-09,6.022511609947218e-09,-2.281972097824167e-08
2026-06-17 16:13:00+00:00,0.03234631258819386,0.007463234752840324,-0.11974437150131553,-1.9177006758830522e-08,-3.5167365146843523e-09,5.979046625286601e-09,-2.2693743273514875e-08
2026-06-17 16:14:00+00:00,0.03269249587548512,0.007505330762536573,-0.1189966605813569,-1.9125926058348955e-08,-3.4402775173064147e-09,5.9354972396632e-09,-2.256620357565537e-08
2026-06-17 16:15:00+00:00,0.033037849253655056,0.007545566902177066,-0.11824048196501694,-1.907366977646382e-08,-3.3634354357854793e-09,5.891866417655008e-09,-2.24371052122493e-08
2026-06-17 16:16:00+00:00,0.033382347649705706,0.007583943747030836,-0.11747585546841834,-1.902023967651663e-08,-3.2862119441922596e-09,5.848157123278206e-09,-2.230645162070889e-08
2026-06-17 16:17:00+00:00,0.033725966027412034,0.00762046200247378,-0.11670280151419793,-1.8965637604742974e-08,-3.2086087442286783e-09,5.804372319694646e-09,-2.217424634897165e-08
2026-06-17 16:18:00+00:00,0.034068679374465984,0.007655122499912945,-0.11592134115107317,-1.8909865491806876e-08,-3.130627567677739e-09,5.7605149700700275e-09,-2.2040493059484615e-08
2026-06-17 16:19:00+00:00,0.034410462753401774,0.007687926211809276,-0.1151314959988528,-1.8852925348742046e-08,-3.052270169537842e-09,5.716588034801073e-09,-2.190519551827989e-08
2026-06-17 16:20:00+00:00,0.034751291232382256,0.007718874229002144,-0.11433328831927228,-1.8794819271687395e-08,-2.9735383370026384e-09,5.672594474719173e-09,-2.1768357608690034e-08
2026-06-17 16:21:00+00:00,0.035091139936902056,0.007747967775902781,-0.1135267409617084,-1.8735549438225398e-08,-2.894433882678939e-09,5.628537248342015e-09,-2.1629983320904335e-08
2026-06-17 16:22:00+00:00,0.035429984033019946,0.007775208205912994,-0.11271187739183693,-1.867511810943174e-08,-2.8149586483658964e-09,5.5844193130398425e-09,-2.1490076757797636e-08
2026-06-17 16:23:00+00:00,0.03576779873601969,0.007800597001863502,-0.11188872167073882,-1.8613527628251297e-08,-2.7351145022449693e-09,5.540243623980636e-09,-2.1348642130496265e-08
2026-06-17 16:24:00+00:00,0.03610455930806904,0.0078241357754842,-0.11105729846543244,-1.8550780420052368e-08,-2.6549033405710466e-09,5.496013134402315e-09,-2.1205683760623413e-08
2026-06-17 16:25:00+00:00,0.03644024106325274,0.007845826267514476,-0.11021763304113313,-1.848687899238549e-08,-2.574327086741032e-09,5.451730795104419e-09,-2.1061206079126524e-08
2026-06-17 16:26:00+00:00,0.03677481936550817,0.007865670347140225,-0.10936975126663126,-1.8421825934941522e-08,-2.4933876917032224e-09,5.407399554542808e-09,-2.0915213626644746e-08
2026-06-17 16:27:00+00:00,0.03710826963385762,0.00788367001214043,-0.10851367960607067,-1.835562391902928e-08,-2.412087133509152e-09,5.363022358413304e-09,-2.076771105253843e-08
2026-06-17 16:28:00+00:00,0.03744056733899785,0.007899827388259492,-0.10764944513224423,-1.8288275698750072e-08,-2.3304274184255124e-09,5.318602149929114e-09,-2.0618703117175585e-08
2026-06-17 16:29:00+00:00,0.03777168800417281,0.007914144726468675,-0.10677707550888754,-1.821978410909424e-08,-2.2484105796718618e-09,5.274141868929838e-09,-2.0468194688766102e-08
2026-06-17 16:30:00+00:00,0.038101607238934666,0.007926624414724116,-0.10589659897079973,-1.8150152064775434e-08,-2.1660386745713456e-09,5.229644451098378e-09,-2.031619073934678e-08
2026-06-17 16:31:00+00:00,0.038430300682598874,0.00793726895908791,-0.10500804438077263,-1.807938256458724e-08,-2.0833137914356903e-09,5.185112829937822e-09,-2.016269635602293e-08
2026-06-17 16:32:00+00:00,0.038757744047572706,0.007946080996059805,-0.10411144118020091,-1.8007478687031812e-08,-2.0002380439104985e-09,5.140549934756472e-09,-2.000771673094231e-08
2026-06-17 16:33:00+00:00,0.03908391310961701,0.007953063289120377,-0.10320681940327023,-1.793444359191479e-08,-1.916813572598385e-09,5.0959586910847034e-09,-1.9851257164513174e-08
2026-06-17 16:34:00+00:00,0.03940878371211361,0.007958218728577049,-0.10229420966975902,-1.7860280519360097e-08,-1.833042544929565e-09,5.051342020044947e-09,-1.9693323064289662e-08
2026-06-17 16:35:00+00:00,0.03973233176509258,0.007961550331222776,-0.10137364318861616,-1.7784992790202556e-08,-1.7489271546672508e-09,5.006702838707816e-09,-1.9533919944869808e-08
2026-06-17 16:36:00+00:00,0.04005453324629408,0.007963061239954251,-0.10044515175960589,-1.7708583805934134e-08,-1.664469622992451e-09,4.962044059735751e-09,-1.9373053428926583e-08
2026-06-17 16:37:00+00:00,0.04037536420581201,0.0079627547236117,-0.09950876776272652,-1.7631057047898915e-08,-1.5796721969268816e-09,4.917368591011832e-09,-1.9210729244825796e-08
2026-06-17 16:38:00+00:00,0.04069480076781455,0.007960634176697234,-0.0985645241583785,-1.7552416077176068e-08,-1.494537149935738e-09,4.872679335334656e-09,-1.9046953227111807e-08
2026-06-17 16:39:00+00:00,0.04101281912903556,0.007956703118936703,-0.09761245449206525,-1.7472664534811986e-08,-1.4090667819909692e-09,4.827979190583185e-09,-1.8881731316802955e-08
2026-06-17 16:40:00+00:00,0.04132939555139273,0.007950965192213028,-0.09665259290422719,-1.7391806142620353e-08,-1.3232634210491115e-09,4.783271049967095e-09,-1.8715069563669465e-08
2026-06-17 16:41:00+00:00,0.04164450640857799,0.007943424171503635,-0.09568497406445076,-1.7309844697866178e-08,-1.2371294161914654e-09,4.73855779941227e-09,-1.8546974114057644e-08
2026-06-17 16:42:00+00:00,0.041958128121279054,0.00793408394759295,-0.09470963326193658,-1.7226784080300292e-08,-1.1506671471450426e-09,4.693842320733227e-09,-1.8377451227445335e-08
2026-06-17 16:43:00+00:00,0.04227023720182729,0.007922948538076006,-0.09372660634615172,-1.7142628247317534e-08,-1.0638790180553582e-09,4.649127489402401e-09,-1.8206507265372892e-08
2026-06-17 16:44:00+00:00,0.04258081024397108,0.007910022084150904,-0.0927359297444572,-1.7057381235623427e-08,-9.76767459584788e-10,4.60441617503842e-09,-1.8034148695208216e-08
2026-06-17 16:45:00+00:00,0.042889823927817136,0.007895308850298585,-0.09173764044772797,-1.697104715946579e-08,-8.893349274302557e-10,4.559711240778124e-09,-1.7860382086896046e-08
2026-06-17 16:46:00+00:00,0.043197255020421765,0.007878813223667264,-0.09073177601155807,-1.6883630210935886e-08,-8.015839027964479e-10,4.515015543082651e-09,-1.7685214113732333e-08
2026-06-17 16:47:00+00:00,0.04350308037560707,0.007860539714127146,-0.08971837456380875,-1.6795134660522306e-08,-7.135168928845662e-10,4.470331932045123e-09,-1.750865155340687e-08
2026-06-17 16:48:00+00:00,0.04380727693707931,0.007840492953486738,-0.08869747479308732,-1.6705564855990285e-08,-6.251364300211945e-10,4.425663250772436e-09,-1.733070128601148e-08
2026-06-17 16:49:00+00:00,0.044109821739664004,0.00781867769536465,-0.08766911595089695,-1.6614925222388374e-08,-5.364450719576719e-10,4.381012335449674e-09,-1.7151370294346045e-08
2026-06-17 16:50:00+00:00,0.04441069191246879,0.007795098814490975,-0.08663333784422247,-1.652322026149688e-08,-4.474454013906503e-10,4.336382014680648e-09,-1.697066566288753e-08
2026-06-17 16:51:00+00:00,0.04470986466735713,0.007769761304303381,-0.08559018085898246,-1.6430454553784428e-08,-3.5814002805610224e-10,4.291775110510743e-09,-1.678859458184053e-08
2026-06-17 16:52:00+00:00,0.045007317344631204,0.007742670285641892,-0.08453968588073027,-1.6336632751061392e-08,-2.685315813834891e-10,4.247194435539307e-09,-1.6605164332444882e-08
2026-06-17 16:53:00+00:00,0.0453030273501399,0.007713830992335476,-0.08348189440295464,-1.624175958623546e-08,-1.7862272092908347e-10,4.2026427963169146e-09,-1.6420382307164544e-08
2026-06-17 16:54:00+00:00,0.04559697220174595,0.007683248780062289,-0.08241684844635797,-1.61458398660911e-08,-8.841612877199308e-11,4.158122990606297e-09,-1.6234255994863093e-08
2026-06-17 16:55:00+00:00,0.04588912951676519,0.0076509291237400745,-0.0813445905842177,-1.604887847330858e-08,2.0854879849718637e-12,4.11363780806748e-09,-1.6046792985323607e-08
2026-06-17 16:56:00+00:00,0.04617947701573922,0.007616877616867981,-0.08026516393338397,-1.595088036547016e-08,9.287939795451468e-11,4.069190030117656e-09,-1.5858000967515644e-08
2026-06-17 16:57:00+00:00,0.04646799252326617,0.007581099971295524,-0.0791786121568325,-1.5851850575585034e-08,1.8396284509859945e-10,4.0247824293823005e-09,-1.5667887730486434e-08
2026-06-17 16:58:00+00:00,0.0467546539722096,0.007543602016295926,-0.07808497944775149,-1.5751794210130433e-08,2.753330501041829e-10,3.980417769615973e-09,-1.547646116002625e-08
2026-06-17 16:59:00+00:00,0.04703943939936679,0.007504389698727992,-0.07698431055084339,-1.5650716451132306e-08,3.6698720848841844e-10,3.936098805985413e-09,-1.5283729242643886e-08
2026-06-17 17:00:00+00:00,0.04732232695349363,0.0074634690820691955,-0.07587665073779748,-1.554862255379708e-08,4.589224923051759e-10,3.891828284213794e-09,-1.5089700061491904e-08
2026-06-17 17:01:00+00:00,0.04760329489271593,0.0074208463461068845,-0.07476204581650855,-1.5445517847230825e-08,5.511360496899084e-10,3.8476089408756786e-09,-1.4894381797540916e-08
2026-06-17 17:02:00+00:00,0.04788232158919718,0.007376527786151461,-0.07364054211822756,-1.534140773308228e-08,6.436250057776349e-10,3.803443502715315e-09,-1.4697782727304644e-08
2026-06-17 17:03:00+00:00,0.04815938551659237,0.007330519811255924,-0.07251218653267384,-1.5236297688934857e-08,7.363864591642956e-10,3.759334687689632e-09,-1.4499911229770562e-08
2026-06-17 17:04:00+00:00,0.048434465297895336,0.007282828950369826,-0.07137702639812997,-1.5130193257729146e-08,8.294174919526291e-10,3.7152852017830664e-09,-1.4300775765776517e-08
2026-06-17 17:05:00+00:00,0.04870753963740138,0.007233461841610819,-0.07023510965695609,-1.502310006229046e-08,9.227151556485981e-10,3.6712977432464484e-09,-1.410038490664186e-08
2026-06-17 17:06:00+00:00,0.04897858737489339,0.007182425237750763,-0.06908648472275956,-1.4915023792802605e-08,1.0162764829443198e-09,3.6273749985894296e-09,-1.3898747309858285e-08
2026-06-17 17:07:00+00:00,0.049247587464252146,0.007129726005496828,-0.06793120055094926,-1.4805970213366217e-08,1.1100984811668174e-09,3.5835196447349387e-09,-1.36958717321994e-08
2026-06-17 17:08:00+00:00,0.04951451898427331,0.0070753711236872414,-0.06676930659599778,-1.4695945157816342e-08,1.2041781363341587e-09,3.5397343475469445e-09,-1.3491767021482183e-08
2026-06-17 17:09:00+00:00,0.04977936113548764,0.0070193676832876264,-0.06560085282826726,-1.4584954531079526e-08,1.298512410995373e-09,3.4960217622673542e-09,-1.3286442120084153e-08
2026-06-17 17:10:00+00:00,0.050042093244834315,0.0069617228864222135,-0.06442588971945906,-1.4473004308108055e-08,1.3930982460135146e-09,3.4523845329485355e-09,-1.3079906062094541e-08
2026-06-17 17:11:00+00:00,0.05030269476401174,0.006902444046339357,-0.06324446825089125,-1.436010053407755e-08,1.4879325591254282e-09,3.4088252926410475e-09,-1.2872167974952122e-08
2026-06-17 17:12:00+00:00,0.05056114527320489,0.006841538586280362,-0.06205663990110199,-1.4246249323350302e-08,1.5830122464749578e-09,3.36534666305212e-09,-1.2663237076875344e-08
2026-06-17 17:13:00+00:00,0.050817424479265266,0.006779014039751903,-0.06086245665999668,-1.4131456860808213e-08,1.6783341808722094e-09,3.3219512546572776e-09,-1.2453122679936003e-08
2026-06-17 17:14:00+00:00,0.05107151221456733,0.006714878046863049,-0.059661971013042256,-1.4015729400051018e-08,1.773895213255894e-09,3.278641666108411e-09,-1.2241834186795125e-08
2026-06-17 17:15:00+00:00,0.05132338846980828,0.006649138361262477,-0.05845523588359998,-1.3899073257702159e-08,1.869692177463811e-09,3.235420483125169e-09,-1.2029381080238348e-08
2026-06-17 17:16:00+00:00,0.05157303334013062,0.006581802839843047,-0.05724230475184893,-1.3781494825044938e-08,1.9657218798836217e-09,3.192290280889565e-09,-1.1815772945161315e-08
2026-06-17 17:17:00+00:00,0.05182042706599703,0.006512879448180412,-0.05602323155787245,-1.3663000558310057e-08,2.0619811076664847e-09,3.149253621811746e-09,-1.1601019450643573e-08
2026-06-17 17:18:00+00:00,0.05206555002385153,0.006442376258541355,-0.05479807072658467,-1.3543596981012943e-08,2.1584666266399497e-09,3.106313056039067e-09,-1.1385130354372993e-08
2026-06-17 17:19:00+00:00,0.052308382729270686,0.006370301448751257,-0.053566877156580484,-1.3423290682931769e-08,2.255175181821727e-09,3.063471120882486e-09,-1.1168115501110042e-08
2026-06-17 17:20:00+00:00,0.05254890583649059,0.006296663302169998,-0.052329706224842745,-1.3302088320228367e-08,2.3521034972158487e-09,3.0207303411223683e-09,-1.0949984823012518e-08
2026-06-17 17:21:00+00:00,0.05278710013923401,0.00622147020705437,-0.05108661378698406,-1.3179996615464342e-08,2.449248275462208e-09,2.97809322888713e-09,-1.0730748340002133e-08
2026-06-17 17:22:00+00:00,0.053022946574685634,0.0061447306553934315,-0.04983765616128807,-1.3057022355993435e-08,2.5466061992157345e-09,2.9355622829107944e-09,-1.05104161567777e-08
2026-06-17 17:23:00+00:00,0.053256426224006906,0.006066453242176195,-0.048582890129316256,-1.2933172393885249e-08,2.6441739308881094e-09,2.8931399887675496e-09,-1.0288998462997139e-08
2026-06-17 17:24:00+00:00,0.053487520312481246,0.005986646665470302,-0.047322372939080794,-1.2808453645958337e-08,2.7419481121490674e-09,2.8508288187094873e-09,-1.006650553380927e-08
2026-06-17 17:25:00+00:00,0.05371621020166621,0.005905319724240823,-0.04605616232504557,-1.2682873095940541e-08,2.839925362594607e-09,2.8086312321258438e-09,-9.842947733345934e-09
2026-06-17 17:26:00+00:00,0.053942477430668545,0.005822481321558475,-0.04478431639340587,-1.2556437782753234e-08,2.9381022885646697e-09,2.766549672770513e-09,-9.618335494188563e-09
2026-06-17 17:27:00+00:00,0.05416630365873219,0.0057381404578763055,-0.04350689377945242,-1.2429154816067497e-08,3.036475470265532e-09,2.7245865722390094e-09,-9.392679345801965e-09
2026-06-17 17:28:00+00:00,0.05438767070446732,0.005652306234705081,-0.042223953543226216,-1.2301031365875301e-08,3.1350414705328235e-09,2.6827443476111623e-09,-9.165989895342478e-09
2026-06-17 17:29:00+00:00,0.05460656053778691,0.005564987853086716,-0.040935555193883984,-1.2172074664897823e-08,3.233796832209508e-09,2.641025401931892e-09,-8.938277832688315e-09
2026-06-17 17:30:00+00:00,0.05482295528204762,0.005476194612129117,-0.03964175867646602,-1.2042292006928455e-08,3.3327380794475603e-09,2.599432123660515e-09,-8.709553927480894e-09
2026-06-17 17:31:00+00:00,0.055036837215886515,0.005385935908316654,-0.03834262436741056,-1.1911690746338347e-08,3.431861717989065e-09,2.5579668867016913e-09,-8.479829028349282e-09
2026-06-17 17:32:00+00:00,0.055248188772363566,0.00529422123563379,-0.037038213084983326,-1.1780278299211379e-08,3.53116423378652e-09,2.516632050456154e-09,-8.24911406542486e-09
2026-06-17 17:33:00+00:00,0.05545699254191238,0.005201060184108368,-0.03572858607309112,-1.16480621412988e-08,3.630642094759042e-09,2.4754299594080508e-09,-8.017420046539759e-09
2026-06-17 17:34:00+00:00,0.05566323127273673,0.0051064624394465685,-0.03441380500399392,-1.1515049808349388e-08,3.730291750054386e-09,2.434362943198349e-09,-7.784758058295002e-09
2026-06-17 17:35:00+00:00,0.05586688787401824,0.005010437781403169,-0.033093931962969905,-1.138124889449678e-08,3.830109631236886e-09,2.393433315947754e-09,-7.551139263259894e-09
2026-06-17 17:36:00+00:00,0.05606794540400038,0.004912996084339571,-0.03176902949829594,-1.1246667057089676e-08,3.93009214838524e-09,2.352643377590974e-09,-7.316574908704436e-09
2026-06-17 17:37:00+00:00,0.056266387112778565,0.00481414731645431,-0.03043916046906902,-1.111131200114922e-08,4.030235701854449e-09,2.3119954104813954e-09,-7.081076299294771e-09
2026-06-17 17:38:00+00:00,0.05646219638444951,0.004713901537397399,-0.029104388242933012,-1.0975191499290016e-08,4.130536666612294e-09,2.271491683408326e-09,-6.844654832677722e-09
2026-06-17 17:39:00+00:00,0.05665535677833335,0.0046122688984194995,-0.02776477655543999,-1.0838313377633043e-08,4.230991403011728e-09,2.2311344485060544e-09,-6.607321974621315e-09
2026-06-17 17:40:00+00:00,0.05684585201797518,0.004509259642186451,-0.02642038955211308,-1.0700685519467739e-08,4.3315962536523555e-09,2.1909259423145176e-09,-6.369089265815383e-09
2026-06-17 17:41:00+00:00,0.057033665994794466,0.004404884101099958,-0.025071291770534323,-1.0562315863666936e-08,4.432347544592983e-09,2.150868385164026e-09,-6.129968319073953e-09
2026-06-17 17:42:00+00:00,0.05721878276626046,0.00429915269785913,-0.023717548157477678,-1.0423212406275978e-08,4.53324158380305e-09,2.1109639815860893e-09,-5.889970822472928e-09
2026-06-17 17:43:00+00:00,0.057401186562935955,0.0041920759416837,-0.022359224021497724,-1.0283383195371645e-08,4.634274664743401e-09,2.071214919003174e-09,-5.649108530628244e-09
2026-06-17 17:44:00+00:00,0.05758086178194717,0.00408366443145404,-0.02099638508438539,-1.0142836336316856e-08,4.735443062462637e-09,2.0316233691915964e-09,-5.407393273854219e-09
2026-06-17 17:45:00+00:00,0.057757792993786986,0.003973928851965667,-0.01962909743778254,-1.0001579987334162e-08,4.836743036396783e-09,1.9921914868864907e-09,-5.164836950937379e-09
2026-06-17 17:46:00+00:00,0.057931964941050657,0.003862879974461421,-0.018257427554934508,-9.85962236036271e-09,4.938170829944928e-09,1.9529214102497814e-09,-4.921451530417782e-09
2026-06-17 17:47:00+00:00,0.058103362541141776,0.0037505286547883055,-0.01688144227482923,-9.716971719377933e-09,5.039722671039897e-09,1.9138152603150966e-09,-4.677249048338036e-09
2026-06-17 17:48:00+00:00,0.05827197087654646,0.0036368858338576707,-0.015501208849076291,-9.573636385294929e-09,5.141394768697212e-09,1.874875141927542e-09,-4.432241616597717e-09
2026-06-17 17:49:00+00:00,0.058437775233164284,0.0035219625356991543,-0.014116794785361276,-9.429624719279117e-09,5.2431833249409405e-09,1.836103140838388e-09,-4.1864413943381765e-09
2026-06-17 17:50:00+00:00,0.05860076104551301,0.0034057698681106176,-0.012728268069356775,-9.284945146007049e-09,5.345084517513901e-09,1.797501327602514e-09,-3.939860628493148e-09
2026-06-17 17:51:00+00:00,0.0587609139388206,0.0032883190186090714,-0.011335696980502246,-9.13960613412553e-09,5.447094513994105e-09,1.759071754089958e-09,-3.692511620131424e-09
2026-06-17 17:52:00+00:00,0.05891821971417745,0.0031696212579260014,-0.009939150179621187,-8.993616205556067e-09,5.549209464869218e-09,1.7208164553186226e-09,-3.4444067406868495e-09
2026-06-17 17:53:00+00:00,0.059072664354715906,0.0030496879358296544,-0.008538696660652954,-8.84698393001098e-09,5.651425507212536e-09,1.6827374482485598e-09,-3.195558422798445e-09
2026-06-17 17:54:00+00:00,0.05922423402436046,0.0029285304818362804,-0.007134405766601474,-8.699717926766586e-09,5.753738763364708e-09,1.6448367320913893e-09,-2.945979163401878e-09
2026-06-17 17:55:00+00:00,0.059372915070441394,0.002806160403204165,-0.00572634717214696,-8.551826862685737e-09,5.8561453419626785e-09,1.6071162879773475e-09,-2.695681520723059e-09
2026-06-17 17:56:00+00:00,0.05951869402292531,0.002682589285390557,-0.004314590893654794,-8.40331945303246e-09,5.958641337188796e-09,1.5695780791534683e-09,-2.444678115843664e-09
2026-06-17 17:57:00+00:00,0.0596615575966506,0.00255782879006242,-0.002899207273176364,-8.254204459800322e-09,6.061222829957474e-09,1.5322240504483465e-09,-2.1929816298428485e-09
2026-06-17 17:58:00+00:00,0.059801492690560974,0.0024318906558405064,-0.001480266993273303,-8.104490693162074e-09,6.16388588643056e-09,1.495056128813888e-09,-1.9406048067315135e-09
2026-06-17 17:59:00+00:00,0.059938486384896274,0.0023047866942374593,-5.784106461763621e-05,-7.954187009922483e-09,6.266626559029611e-09,1.4580762225539672e-09,-1.6875604508928716e-09
2026-06-17 18:00:00+00:00,0.06007252596897497,0.0021765287919683286,0.0013679992659669884,-7.80330230373268e-09,6.3694408932966695e-09,1.4212862203831576e-09,-1.4338614104360103e-09
2026-06-17 18:01:00+00:00,0.0602035988971065,0.0020471289087805548,0.00279718234275618,-7.651845523371333e-09,6.472324914489461e-09,1.3846879937087983e-09,-1.1795206088818724e-09
2026-06-17 18:02:00+00:00,0.06033169282124668,0.0019165990764187677,0.004229636238427951,-7.499825657886753e-09,6.575274637942484e-09,1.3482833945759733e-09,-9.245510199442684e-10
2026-06-17 18:03:00+00:00,0.060456795583083034,0.0017849513981609728,0.005665288718318426,-7.347251740361084e-09,6.67828606656573e-09,1.312074256287102e-09,-6.68965673795354e-10
2026-06-17 18:04:00+00:00,0.060578895216367806,0.0016521980468741449,0.007104067257518179,-7.194132846003554e-09,6.7813551913432955e-09,1.2760623927053032e-09,-4.127776546602582e-10
2026-06-17 18:05:00+00:00,0.06069797994644819,0.0015183512653178617,0.008545899032653277,-7.040478092893678e-09,6.8844779912348865e-09,1.2402495988282486e-09,-1.560001016587915e-10
2026-06-17 18:06:00+00:00,0.06081403819109908,0.0013834233652518842,0.009990710924824403,-6.886296641502914e-09,6.9876504329371504e-09,1.2046376503964958e-09,1.0135379143423605e-10
2026-06-17 18:07:00+00:00,0.06092705856252486,0.001247426725493819,0.011438429536864404,-6.731597692684718e-09,7.090868472123652e-09,1.1692283037226163e-09,3.5927077943893404e-10
2026-06-17 18:08:00+00:00,0.061037029868016526,0.0011103737909729273,0.012888981196300862,-6.576390487485489e-09,7.1941280535163994e-09,1.1340232954281273e-09,6.177375660309108e-10
2026-06-17 18:09:00+00:00,0.06114394110990569,0.00097227707303059,0.014342291948791826,-6.420684307400826e-09,7.29742511032311e-09,1.099024342709185e-09,8.767408029222838e-10
2026-06-17 18:10:00+00:00,0.06124778147962688,0.0008331491482467205,0.01579828753338965,-6.264488477079603e-09,7.400755562341051e-09,1.0642331435969822e-09,1.1362670852614482e-09
2026-06-17 18:11:00+00:00,0.06134854038797287,0.0006930026550591283,0.017256893535105237,-6.1078123479962606e-09,7.50411532702911e-09,1.0296513746899124e-09,1.3963029790328495e-09
2026-06-17 18:12:00+00:00,0.06144620742227418,0.0005518502958100895,0.01871803517590579,-5.950665320346117e-09,7.607500303844193e-09,9.952806940044978e-10,1.6568349834980767e-09
2026-06-17 18:13:00+00:00,0.061540772374935576,0.0004097048356030697,0.020181637442709555,-5.793056829545214e-09,7.71090638391775e-09,9.611227394258123e-10,1.9178495543725357e-09
2026-06-17 18:14:00+00:00,0.06163222523891178,0.00026657909936813814,0.02164762508267143,-5.634996346505076e-09,7.814329449173034e-09,9.271791284281929e-10,2.179333102667958e-09
2026-06-17 18:15:00+00:00,0.06172055620697539,0.00012248597253774335,0.02311592259063868,-5.476493378839017e-09,7.917765371498421e-09,8.934514584112016e-10,2.441271992659404e-09
2026-06-17 18:16:00+00:00,0.0618057556738123,-2.2561601351080846e-05,0.02458645422993662,-5.317557468449411e-09,8.021210014261155e-09,8.599413061954237e-10,2.7036525458117437e-09
2026-06-17 18:17:00+00:00,0.06188781423525565,-0.00016855061990576035,0.026059144017025554,-5.158198193207086e-09,8.124659230833035e-09,8.266502284372901e-10,2.9664610376259492e-09
2026-06-17 18:18:00+00:00,0.061966722690313905,-0.0003154680243231539,0.02753391574441928,-4.998425164257185e-09,8.228108866089647e-09,7.93579761083852e-10,3.229683701832462e-09
2026-06-17 18:19:00+00:00,0.0620424720402997,-0.00046330069833678406,0.029010692962319062,-4.838248027845266e-09,8.33155475549064e-09,7.607314198135988e-10,3.493306727645375e-09
2026-06-17 18:20:00+00:00,0.06211505349243699,-0.0006120354734722323,0.030489399029142238,-4.677676459863541e-09,8.43499272783866e-09,7.281066989983997e-10,3.757316267975119e-09
2026-06-17 18:21:00+00:00,0.06218445845016676,-0.0007616591233071211,0.031969957016316504,-4.516720175897065e-09,8.538418598857245e-09,6.95707073289639e-10,4.02169842296018e-09
2026-06-17 18:22:00+00:00,0.06225067854327659,-0.000912158372961833,0.03345228991989047,-4.355388908323437e-09,8.641828186339023e-09,6.635339946560968e-10,4.286439278015586e-09
2026-06-17 18:23:00+00:00,0.06231370558720359,-0.0010635198917842148,0.03493632040254072,-4.1936924339388845e-09,8.745217290930677e-09,6.31588895769302e-10,4.551524856991793e-09
2026-06-17 18:24:00+00:00,0.06237353161120173,-0.0012157302999583168,0.03642197097363771,-4.0316405546027685e-09,8.848581709581267e-09,5.998731874468434e-10,4.816941154978499e-09
2026-06-17 18:25:00+00:00,0.06243014885140311,-0.0013687761667571414,0.03790916393772016,-3.869243102419114e-09,8.951917231316323e-09,5.683882596724003e-10,5.082674128897209e-09
2026-06-17 18:26:00+00:00,0.06248354975208498,-0.0015226440129758809,0.03939782141310886,-3.706509937720522e-09,9.0552196386539e-09,5.37135481003892e-10,5.348709700933378e-09
2026-06-17 18:27:00+00:00,0.06253372696565627,-0.0016773203099747433,0.04088786531777754,-3.5434509506273426e-09,9.15848470623549e-09,5.061161989974234e-10,5.615033755608147e-09
2026-06-17 18:28:00+00:00,0.06258067335460187,-0.0018327914849572795,0.04237921741681816,-3.3800760554571e-09,9.26170820461692e-09,4.753317392350444e-10,5.88163214915982e-09
2026-06-17 18:29:00+00:00,0.06262438199000499,-0.0019890439162260215,0.043871799270023264,-3.216395196514955e-09,9.364885895854197e-09,4.447834064717923e-10,6.148490699339242e-09
2026-06-17 18:30:00+00:00,0.0626648461537412,-0.0021460639385602817,0.045365532280020146,-3.0524183427628897e-09,9.468013537002371e-09,4.144724835295957e-10,6.415595194239482e-09
2026-06-17 18:31:00+00:00,0.06270205933834641,-0.0023038378422252127,0.04686033767855416,-2.888155488954278e-09,9.571086879215494e-09,3.8440023181840446e-10,6.682931390261216e-09
2026-06-17 18:32:00+00:00,0.06273601524780324,-0.0024623518754013952,0.04835613654431573,-2.7236166538704553e-09,9.674101668676892e-09,3.5456789088208737e-10,6.950485014806437e-09
2026-06-17 18:33:00+00:00,0.06276670779202374,-0.0026215922421538272,0.04985284974956074,-2.5588118857727044e-09,9.777053642604852e-09,3.2497667903123936e-10,7.218241756832147e-09
2026-06-17 18:34:00+00:00,0.06279413111054025,-0.0027815451103426203,0.051350398147944,-2.3937512419909667e-09,9.879938542980923e-09,2.956277913750244e-10,7.486187300989957e-09
2026-06-17 18:35:00+00:00,0.06281827953810364,-0.00294219660243622,0.0528487023070449,-2.2284448178042906e-09,9.982752096844628e-09,2.665224027862832e-10,7.754307279040337e-09
2026-06-17 18:36:00+00:00,0.06283914762916348,-0.003103532806472138,0.05434768272581954,-2.062902722610626e-09,1.0085490031839303e-08,2.376616650618777e-10,8.022587309228676e-09
2026-06-17 18:37:00+00:00,0.06285673015117346,-0.0032655397697048984,0.05584725973768461,-1.8971350905777887e-09,1.0188148069352064e-08,2.0904670856479572e-10,8.291012978774276e-09
2026-06-17 18:38:00+00:00,0.06287102208607545,-0.0034282035041891847,0.05734735356157293,-1.7311520747112637e-09,1.0290721927793163e-08,1.8067864131075498e-10,8.5595698530819e-09
2026-06-17 18:39:00+00:00,0.06288201863039017,-0.003591509985739795,0.058847884286843066,-1.5649638484441086e-09,1.0393207321667532e-08,1.5255854923448652e-10,8.828243473223424e-09
2026-06-17 18:40:00+00:00,0.06288971519552507,-0.003755445156413618,0.060348771890152676,-1.3985806038173762e-09,1.0495599962376916e-08,1.24687495903111e-10,9.09701935855954e-09
2026-06-17 18:41:00+00:00,0.06289410740833773,-0.003919994923842308,0.061849936227338434,-1.2320125519054918e-09,1.059789555765644e-08,9.706652281225936e-11,9.365883005750948e-09
2026-06-17 18:42:00+00:00,0.06289519111135902,-0.004085145163711407,0.06335129705011432,-1.0652699212890355e-09,1.0700089812749494e-08,6.969664897564137e-11,9.634819891460459e-09
2026-06-17 18:43:00+00:00,0.06289296236320163,-0.004250881719025164,0.06485277399486873,-8.983629588232004e-10,1.0802178429337835e-08,4.257887124701292e-11,9.903815470514635e-09
2026-06-17 18:44:00+00:00,0.0628874174341664,-0.00441719040259652,0.06635428657364656,-7.313019306465297e-10,1.0904157104657555e-08,1.5714164065404017e-11,1.0172855174011025e-08
2026-06-17 18:45:00+00:00,0.0628785528259553,-0.0045840570015505434,0.06785575432558025,-5.640971054636354e-10,1.100602154272152e-08,-1.089652145018779e-11,1.0441924437257883e-08
2026-06-17 18:46:00+00:00,0.06286636524252562,-0.004751467270118961,0.06935709657197703,-3.9675878119108024e-10,1.1107767435896751e-08,-3.7252255742449527e-11,1.0711008654705671e-08
2026-06-17 18:47:00+00:00,0.06285085161033194,-0.00491940693697759,0.07085823259738747,-2.292972650706866e-10,1.1209390478461934e-08,-6.335213215554032e-11,1.0980093213391248e-08
2026-06-17 18:48:00+00:00,0.06283200907352002,-0.005087861704314429,0.07235908160610127,-6.172287824013495e-11,1.1310886363069547e-08,-8.919526664963187e-11,1.1249163484829411e-08
2026-06-17 18:49:00+00:00,0.06280983499391476,-0.005256817250423151,0.07385956274011177,1.0595404636677777e-10,1.1412250781654711e-08,-1.1478079800814667e-10,1.151820482802149e-08
2026-06-17 18:50:00+00:00,0.06278432695196297,-0.005426259227749863,0.07535959506051668,2.737231619081421e-10,1.1513479424484287e-08,-1.4010788756530122e-10,1.1787202586392429e-08
2026-06-17 18:51:00+00:00,0.06275548274632278,-0.005596173266997517,0.07685909757729271,4.415741114076778e-10,1.1614567981764533e-08,-1.6517571943920298e-10,1.2056142093172211e-08
2026-06-17 18:52:00+00:00,0.06272330039436008,-0.005766544976296743,0.07835798923815686,6.094965263792412e-10,1.1715512143109747e-08,-1.8998350061630713e-10,1.2325008669488989e-08
2026-06-17 18:53:00+00:00,0.06268777813227833,-0.005937359943992124,0.07985618895042551,7.774800292597943e-10,1.1816307598375097e-08,-2.1453046099663532e-10,1.259378762763489e-08
2026-06-17 18:54:00+00:00,0.06264891441544282,-0.0061086037376474195,0.081353615566746,9.455142323317148e-10,1.1916950037216471e-08,-2.388158532548648e-10,1.2862464269548187e-08
2026-06-17 18:55:00+00:00,0.06260670791456088,-0.006280261905014427,0.08285018786226167,1.1135887350152775e-09,1.201743514677591e-08,-2.6283895264271237e-10,1.3131023881791187e-08
2026-06-17 18:56:00+00:00,0.06256115753173741,-0.006452319980026086,0.0843458246952507,1.2816931417802208e-09,1.2117758623408087e-08,-2.8659905824115643e-10,1.3399451765188307e-08
2026-06-17 18:57:00+00:00,0.06251226237618125,-0.006624763477917663,0.08584044479178898,1.4498170386253351e-09,1.2217916156941253e-08,-3.1009549148103304e-10,1.3667733195566588e-08
2026-06-17 18:58:00+00:00,0.06246002178152028,-0.00679757789702469,0.0873339668695644,1.6179500067560983e-09,1.2317903439572533e-08,-3.3332759676364074e-10,1.3935853446328632e-08
2026-06-17 18:59:00+00:00,0.0624044353007535,-0.006970748722911896,0.08882630964166313,1.7860816231409178e-09,1.2417716165753036e-08,-3.5629474166924716e-10,1.4203797788893955e-08
2026-06-17 19:00:00+00:00,0.062345502707056646,-0.007144261427205249,0.0903173918034808,1.9542014592132206e-09,1.2517350031473911e-08,-3.7899631679557606e-10,1.447155149068713e-08
2026-06-17 19:01:00+00:00,0.06228322399332352,-0.007318101470287511,0.09180713205155146,2.1222990831503633e-09,1.2616800735206836e-08,-4.0143173596907704e-10,1.4739099818357198e-08
2026-06-17 19:02:00+00:00,0.062217599372727236,-0.007492254300394713,0.09329544907061696,2.2903640583325042e-09,1.2716063976952313e-08,-4.236004359218329e-10,1.5006428035284818e-08
2026-06-17 19:03:00+00:00,0.062148629278482394,-0.007666705356390642,0.09478226155576532,2.4583859462151683e-09,1.2815135459815833e-08,-4.455018767346909e-10,1.5273521406031e-08
2026-06-17 19:04:00+00:00,0.06207631436452861,-0.007841440066469828,0.09626748819563138,2.626354304337396e-09,1.2914010888520365e-08,-4.67135541283709e-10,1.554036519285776e-08
2026-06-17 19:05:00+00:00,0.06200065550374068,-0.008016443854226167,0.09775104772128601,2.7942586920669945e-09,1.3012685972663181e-08,-4.885009360592411e-10,1.5806944664730175e-08
2026-06-17 19:06:00+00:00,0.06192165378762401,-0.008191702131173498,0.09923285881037984,2.9620886599162855e-09,1.3111156420140178e-08,-5.095975901322901e-10,1.6073245080056462e-08
2026-06-17 19:07:00+00:00,0.0618393105360395,-0.008367200310630242,0.10071284031465336,3.1298337750708097e-09,1.320941795299163e-08,-5.304250567040007e-10,1.633925172806244e-08
2026-06-17 19:08:00+00:00,0.061753627280430684,-0.008542923794709605,0.10219091097535138,3.2974835897855606e-09,1.3307466286882018e-08,-5.50982911346699e-10,1.660494987666758e-08
2026-06-17 19:09:00+00:00,0.061664605774876466,-0.008718857984863791,0.1036669896222594,3.4650276636898615e-09,1.3405297145390243e-08,-5.712707531813992e-10,1.6870324809080103e-08
2026-06-17 19:10:00+00:00,0.06157224799405622,-0.008894988279086205,0.1051409951184362,3.6324555577900838e-09,1.3502906255824641e-08,-5.912882044727911e-10,1.7135361813614725e-08
2026-06-17 19:11:00+00:00,0.061476556132356655,-0.009071300074577855,0.10661284637870094,3.799756836539128e-09,1.3600289350437726e-08,-6.110349107770766e-10,1.7400046186976854e-08
2026-06-17 19:12:00+00:00,0.06137753260493596,-0.009247778766590622,0.10808246235560712,3.966921066416507e-09,1.3697442165381769e-08,-6.30510540740236e-10,1.7664363231798277e-08
2026-06-17 19:13:00+00:00,0.0612751800450723,-0.009424409754375154,0.1095497620868002,4.133937821570616e-09,1.3794360443804193e-08,-6.497147865560007e-10,1.792829826537481e-08
2026-06-17 19:14:00+00:00,0.06116950130760733,-0.009601178435764066,0.1110146646458387,4.300796678071669e-09,1.3891039932311387e-08,-6.686473633953379e-10,1.8191836610383055e-08
2026-06-17 19:15:00+00:00,0.061060499465954717,-0.009778070213050286,0.11247708918574875,4.467487219026281e-09,1.3987476383999095e-08,-6.873080097405679e-10,1.8454963603025377e-08
2026-06-17 19:16:00+00:00,0.060948177813535065,-0.009955070491986497,0.11393695493071546,4.633999034085112e-09,1.4083665557613556e-08,-7.056964873712196e-10,1.871766459169867e-08
2026-06-17 19:17:00+00:00,0.06083253986233912,-0.010132164684207079,0.11539418118850976,4.8003217204437655e-09,1.4179603218404457e-08,-7.238125812321349e-10,1.8979924938848223e-08
2026-06-17 19:18:00+00:00,0.060713589342275685,-0.010309338204531851,0.11684868729961825,4.96644487758479e-09,1.4275285134332817e-08,-7.416560993664309e-10,1.9241730011917606e-08
2026-06-17 19:19:00+00:00,0.06059133020740781,-0.010486576481891108,0.11830039283556743,5.132358129545701e-09,1.437070709015426e-08,-7.59226873739716e-10,1.9503065219699962e-08
2026-06-17 19:20:00+00:00,0.06046576662569212,-0.010663864945906883,0.11974921731481862,5.2980510931723944e-09,1.4465864866873721e-08,-7.765247586147118e-10,1.9763915960046115e-08
2026-06-17 19:21:00+00:00,0.060336902984217504,-0.010841189039662968,0.12119508041892388,5.463513402353859e-09,1.4560754257332472e-08,-7.935496319245613e-10,2.002426765968633e-08
2026-06-17 19:22:00+00:00,0.06020474388916717,-0.011018534215383215,0.12263790192379875,5.628734700968041e-09,1.4655371060709879e-08,-8.103013948422104e-10,2.0284105761677922e-08
2026-06-17 19:23:00+00:00,0.06006929416455473,-0.011195885937048025,0.12407760171787764,5.793704644107674e-09,1.474971108428125e-08,-8.267799715157274e-10,2.0543415728388924e-08
2026-06-17 19:24:00+00:00,0.05993055885243136,-0.011373229681008984,0.12551409980498573,5.958412899340889e-09,1.4843770142975269e-08,-8.429853093626831e-10,2.0802183042316157e-08
2026-06-17 19:25:00+00:00,0.059788543211475836,-0.011550550938217274,0.1269473163179734,6.1228491480884215e-09,1.4937544060579143e-08,-8.589173790394518e-10,2.1060393208667563e-08
2026-06-17 19:26:00+00:00,0.059643252718085585,-0.011727835213708189,0.1283771715113487,6.287003084692903e-09,1.503102866887141e-08,-8.745761742075087e-10,2.131803175356431e-08
2026-06-17 19:27:00+00:00,0.0594946930660608,-0.011905068027634115,0.12980358576643206,6.45086441745767e-09,1.5124219808054715e-08,-8.899617116845364e-10,2.1575084225512384e-08
2026-06-17 19:28:00+00:00,0.059342870165156617,-0.012082234917728682,0.13122647960806247,6.6144228703871554e-09,1.5217113327522034e-08,-9.05074031278303e-10,2.183153619790919e-08
2026-06-17 19:29:00+00:00,0.05918779013993926,-0.012259321438103134,0.1326457736629149,6.777668178833315e-09,1.5309705083274345e-08,-9.199131959887672e-10,2.208737326210766e-08
2026-06-17 19:30:00+00:00,0.05902945933429535,-0.012436313167450627,0.13406138883733498,6.9405901092555455e-09,1.540199094979121e-08,-9.344792919102562e-10,2.2342581059046755e-08
2026-06-17 19:31:00+00:00,0.05886788430446059,-0.012613195698306268,0.13547324605443295,7.103178430236793e-09,1.5493966801766132e-08,-9.4877242807329e-10,2.2597145232002923e-08
2026-06-17 19:32:00+00:00,0.05870307182243722,-0.01278995464682521,0.13688126644537396,7.2654229337734155e-09,1.5585628527457113e-08,-9.62792736409284e-10,2.2851051461230527e-08
2026-06-17 19:33:00+00:00,0.058535028876419225,-0.012966575649700392,0.13828537129204893,7.427313429116714e-09,1.5676972024192247e-08,-9.76540371772372e-10,2.310428545330896e-08
2026-06-17 19:34:00+00:00,0.05836376266569713,-0.013143044370198587,0.13968548207323475,7.588839747784898e-09,1.5767993201841976e-08,-9.900155122018166e-10,2.3356832949626876e-08
2026-06-17 19:35:00+00:00,0.058189280606505515,-0.013319346492568163,0.14108152041509997,7.749991738738993e-09,1.5858687979090267e-08,-1.0032183582845202e-09,2.3608679717829258e-08
2026-06-17 19:36:00+00:00,0.058011590326863774,-0.013495467728058257,0.14247340813768505,7.910759272902658e-09,1.594905228671635e-08,-1.016149133696915e-09,2.385981155961901e-08
2026-06-17 19:37:00+00:00,0.05783069966834766,-0.013671393813668407,0.1438610672405857,8.071132242351233e-09,1.6039082066286094e-08,-1.0288080848121644e-09,2.4110214308637327e-08
2026-06-17 19:38:00+00:00,0.05764661668387321,-0.013847110514839556,0.1452444199220618,8.231100562167015e-09,1.6128773271282232e-08,-1.0411954807621264e-09,2.435987383344925e-08
2026-06-17 19:39:00+00:00,0.057459349639323004,-0.014022603624513769,0.14662338856776883,8.390654169482862e-09,1.6218121866647797e-08,-1.053311613505803e-09,2.460877603613066e-08
2026-06-17 19:40:00+00:00,0.057268907011453214,-0.014197858963631398,0.14799789572376962,8.549783020615908e-09,1.6307123826298148e-08,-1.0651567975110984e-09,2.4856906846914057e-08
2026-06-17 19:41:00+00:00,0.05707529748925946,-0.014372862388724317,0.1493678642675532,8.708477109958317e-09,1.639577514539383e-08,-1.0767313701212245e-09,2.5104252255352146e-08
2026-06-17 19:42:00+00:00,0.05687852996881834,-0.014547599784649208,0.1507332171766305,8.866726444748094e-09,1.648407182360527e-08,-1.0880356911105e-09,2.5350798268353364e-08
2026-06-17 19:43:00+00:00,0.05667861355954834,-0.014722057067742225,0.15209387766306207,9.024521059896594e-09,1.657200987474851e-08,-1.099070142886308e-09,2.5596530934645105e-08
2026-06-17 19:44:00+00:00,0.05647555757818093,-0.014896220189791323,0.1534497691751927,9.181851018241809e-09,1.6659585326669666e-08,-1.1098351301415633e-09,2.5841436344911475e-08
2026-06-17 19:45:00+00:00,0.056269371550911274,-0.015070075136608574,0.15480081538236076,9.33870640927299e-09,1.674679422010233e-08,-1.1203310803587293e-09,2.608550062937532e-08
2026-06-17 19:46:00+00:00,0.0560600652108456,-0.01524360793075287,0.15614694019347464,9.49507735097105e-09,1.6833632609640872e-08,-1.1305584430805459e-09,2.632870996061192e-08
2026-06-17 19:47:00+00:00,0.05584764849952635,-0.015416804630637618,0.15748806774777915,9.650953989102625e-09,1.692009656333113e-08,-1.1405176904461905e-09,2.6571050552433753e-08
2026-06-17 19:48:00+00:00,0.055632131564644055,-0.015589651333073176,0.158824122430424,9.806326499075052e-09,1.700618216353672e-08,-1.1502093166842653e-09,2.681250866261177e-08
2026-06-17 19:49:00+00:00,0.05541352476201469,-0.015762134172122008,0.1601550288617226,9.96118508466372e-09,1.709188550592571e-08,-1.159633838347737e-09,2.705307059058943e-08
2026-06-17 19:50:00+00:00,0.055191838648841765,-0.015934239324960922,0.16148071194062935,1.0115519983295261e-08,1.717720270231761e-08,-1.1687917941393429e-09,2.729272268561287e-08
2026-06-17 19:51:00+00:00,0.05496708399244349,-0.01610595300412937,0.16280109675026458,1.0269321455261964e-08,1.7262129874478076e-08,-1.1776837448333196e-09,2.7531451329740038e-08
2026-06-17 19:52:00+00:00,0.05473927175888049,-0.016277261472324944,0.16411610878853256,1.0422579809881108e-08,1.734666316966987e-08,-1.1863102732721805e-09,2.7769242979550977e-08
2026-06-17 19:53:00+00:00,0.05450841312171792,-0.016448151027876112,0.1654256736775635,1.0575285372992227e-08,1.7430798740279053e-08,-1.1946719841832562e-09,2.800608411327128e-08
2026-06-17 19:54:00+00:00,0.05427451945487871,-0.016618608016155292,0.16672971736492181,1.0727428509652346e-08,1.7514532757882228e-08,-1.202769504397345e-09,2.8241961267534575e-08
2026-06-17 19:55:00+00:00,0.05403760233565015,-0.016788618826421256,0.16802816606791096,1.0878999617884647e-08,1.7597861409238484e-08,-1.2106034823763939e-09,2.847686102712313e-08
2026-06-17 19:56:00+00:00,0.05379767354168201,-0.016958169894516997,0.16932094629189015,1.1029989131138873e-08,1.7680780897473346e-08,-1.2181745884755784e-09,2.871077002861222e-08
2026-06-17 19:57:00+00:00,0.05355474505278313,-0.017127247701926515,0.1706079848204668,1.1180387516641436e-08,1.7763287441165468e-08,-1.2254835146192633e-09,2.8943674957806903e-08
2026-06-17 19:58:00+00:00,0.05330882904599999,-0.017295838779794015,0.17188920874237498,1.1330185279572178e-08,1.7845377276253052e-08,-1.2325309745963623e-09,2.9175562555825232e-08
2026-06-17 19:59:00+00:00,0.05305993789898408,-0.0174639297069943,0.17316454543619778,1.1479372960407253e-08,1.7927046654736044e-08,-1.239317703447409e-09,2.9406419615143295e-08
2026-06-17 20:00:00+00:00,0.05280808418711203,-0.017631507112463377,0.1744339225831951,1.1627941137067475e-08,1.8008291845697095e-08,-1.2458444579377628e-09,2.963623298276457e-08
2026-06-17 20:01:00+00:00,0.05255328068357115,-0.017798557675687013,0.17569726817043768,1.1775880425222696e-08,1.8089109134962775e-08,-1.2521120160247638e-09,2.9864989560185474e-08
2026-06-17 20:02:00+00:00,0.05229554035664812,-0.01796506812889062,0.1769545105040816,1.1923181479974107e-08,1.816949482653287e-08,-1.2581211771488615e-09,3.009267630650698e-08
2026-06-17 20:03:00+00:00,0.05203487637342763,-0.018131025254263883,0.17820557815554874,1.2069834989822195e-08,1.8249445238054973e-08,-1.2638727620033466e-09,3.0319280227877166e-08
2026-06-17 20:04:00+00:00,0.051771302090167434,-0.018296415893604298,0.17945040015205393,1.2215831698111184e-08,1.83289567148488e-08,-1.269367612166784e-09,3.0544788412959987e-08
2026-06-17 20:05:00+00:00,0.051504831062707694,-0.018461226937515132,0.18068890571289176,1.2361162373613191e-08,1.8408025610406548e-08,-1.2746065905524778e-09,3.076918798401974e-08
2026-06-17 20:06:00+00:00,0.05123547703670956,-0.01862544533511762,0.18192102444099462,1.250581783230886e-08,1.84866483004095e-08,-1.2795905809727568e-09,3.0992466132718363e-08
2026-06-17 20:07:00+00:00,0.050963253951517344,-0.01878905809112645,0.18314668626628844,1.2649788930737867e-08,1.856482117827425e-08,-1.28432048814552e-09,3.1214610109012115e-08
2026-06-17 20:08:00+00:00,0.050688175937219825,-0.018952052268178976,0.18436582146320046,1.2793066568457169e-08,1.864254065668385e-08,-1.288797237619205e-09,3.143560722514102e-08
2026-06-17 20:09:00+00:00,0.05041025731485413,-0.019114414987067174,0.18557836064802585,1.293564168765305e-08,1.8719803166793157e-08,-1.2930217755543337e-09,3.16554448544462e-08
2026-06-17 20:10:00+00:00,0.050129512593101055,-0.019276133429032005,0.18678423479570572,1.3077505275198221e-08,1.8796605159510696e-08,-1.2969950689486052e-09,3.1874110434708916e-08
2026-06-17 20:11:00+00:00,0.04984595647028735,-0.01943719483500421,0.18798337522996827,1.3218648361592282e-08,1.8872943104937153e-08,-1.3007181051001234e-09,3.2091591466529434e-08
2026-06-17 20:12:00+00:00,0.04955960383321769,-0.019597586506669165,0.18917571363030855,1.3359062021731911e-08,1.894881349247175e-08,-1.30419189179799e-09,3.230787551420366e-08
2026-06-17 20:13:00+00:00,0.04927046975422223,-0.01975729580850584,0.19036118204348484,1.3498737376763216e-08,1.902421283139874e-08,-1.307417457307101e-09,3.2522950208161957e-08
2026-06-17 20:14:00+00:00,0.048978569493148764,-0.019916310166824366,0.19153971284649748,1.3637665589586323e-08,1.9099137648724484e-08,-1.3103958501794524e-09,3.2736803238310805e-08
2026-06-17 20:15:00+00:00,0.048683918486578555,-0.02007461707715416,0.1927112389167079,1.3775837883985292e-08,1.9173584500300004e-08,-1.3131281386020982e-09,3.29494223842853e-08
2026-06-17 20:16:00+00:00,0.04838653236339686,-0.02023220409422309,0.1938756933764042,1.3913245516560105e-08,1.924754995357085e-08,-1.315615411411147e-09,3.316079547013095e-08
2026-06-17 20:17:00+00:00,0.04808642693137758,-0.020389058840969712,0.19503300977742985,1.4049879797146619e-08,1.932103059968053e-08,-1.3178587771478742e-09,3.3370910396827146e-08
2026-06-17 20:18:00+00:00,0.04778361818245451,-0.02054516900574266,0.19618312204824853,1.4185732083047815e-08,1.9394023050190033e-08,-1.3198593641361833e-09,3.3579755133237844e-08
2026-06-17 20:19:00+00:00,0.0474781222833643,-0.020700522347445974,0.19732596452968604,1.4320793783266282e-08,1.9466523939192645e-08,-1.3216183205444904e-09,3.378731772245893e-08
2026-06-17 20:20:00+00:00,0.047169955585777266,-0.020855106690698386,0.19846147193683455,1.4455056354114623e-08,1.9538529920726103e-08,-1.323136813981826e-09,3.3993586274840725e-08
2026-06-17 20:21:00+00:00,0.046859134616806554,-0.021008909931042832,0.19958957939587316,1.4588511303741714e-08,1.9610037671133175e-08,-1.3244160318000446e-09,3.419854897487489e-08
2026-06-17 20:22:00+00:00,0.04654567608178719,-0.021161920033854087,0.2007102224339053,1.4721150190900907e-08,1.9681043888437747e-08,-1.3254571806294666e-09,3.440219407933865e-08
2026-06-17 20:23:00+00:00,0.04622959686040896,-0.021314125036546838,0.20182333699235908,1.4852964626502461e-08,1.9751545292794608e-08,-1.3262614863920718e-09,3.460450991929707e-08
2026-06-17 20:24:00+00:00,0.045910914008984706,-0.021465513047835907,0.2029288594204897,1.4983946273155807e-08,1.982153862643403e-08,-1.3268301942507435e-09,3.480548489958984e-08
2026-06-17 20:25:00+00:00,0.04558964476072415,-0.021616072248047402,0.20402672644437894,1.5114086841717878e-08,1.9891020650785464e-08,-1.327164568543071e-09,3.500510749250334e-08
2026-06-17 20:26:00+00:00,0.045265806511905655,-0.021765790895674084,0.20511687533495623,1.5243378110031708e-08,1.9959988159094216e-08,-1.327265892044727e-09,3.5203366269125924e-08
2026-06-17 20:27:00+00:00,0.04493941683678504,-0.02191465732096398,0.2061992436769441,1.537181189762119e-08,2.0028437959060403e-08,-1.327135466909956e-09,3.5400249856681595e-08
2026-06-17 20:28:00+00:00,0.04461049348176032,-0.02206265992886393,0.20727376950999368,1.5499380081049725e-08,2.009636688334804e-08,-1.3267746138195766e-09,3.559574696439777e-08
2026-06-17 20:29:00+00:00,0.044279054359420075,-0.022209787202074505,0.20834039131789284,1.5626074593050982e-08,2.016377178854102e-08,-1.3261846720574041e-09,3.5789846381592e-08
2026-06-17 20:30:00+00:00,0.04394511755161187,-0.022356027699944922,0.20939904801918574,1.575188742175634e-08,2.0230649554324624e-08,-1.3253669994814266e-09,3.598253697608097e-08
2026-06-17 20:31:00+00:00,0.04360870130508317,-0.022501370060713274,0.21044967898147815,1.5876810612077535e-08,2.029699708441974e-08,-1.324322972037835e-09,3.617380769649728e-08
2026-06-17 20:32:00+00:00,0.043269824033822596,-0.02264580300071481,0.21149222401442663,1.6000836265268203e-08,2.0362811306132978e-08,-1.3230539841824744e-09,3.6363647571401184e-08
2026-06-17 20:33:00+00:00,0.04292850431507066,-0.02278931531648795,0.21252662338179562,1.6123956540103672e-08,2.0428089170869274e-08,-1.321561448336036e-09,3.6552045710972946e-08
2026-06-17 20:34:00+00:00,0.042584760891780836,-0.022931895883977052,0.21355281779440083,1.624616365246023e-08,2.0492827653758896e-08,-1.3198467948075052e-09,3.673899130621913e-08
2026-06-17 20:35:00+00:00,0.04223861266464096,-0.02307353366215778,0.21457074843580903,1.636744987801057e-08,2.055702375524186e-08,-1.3179114719946604e-09,3.6924473633252435e-08
2026-06-17 20:36:00+00:00,0.04189007870283528,-0.0232142176892509,0.21558035690065483,1.648780754584394e-08,2.0620674496812013e-08,-1.3157569460913928e-09,3.710848204265595e-08
2026-06-17 20:37:00+00:00,0.04153917821895404,-0.02335393709182855,0.21658158538197586,1.6607229058861605e-08,2.0683776933994577e-08,-1.3133847001659605e-09,3.7291005992856185e-08
2026-06-17 20:38:00+00:00,0.041185930599371465,-0.023492681074773217,0.21757437641358351,1.6725706865701357e-08,2.0746328137902322e-08,-1.3107962354034893e-09,3.7472035003603676e-08
2026-06-17 20:39:00+00:00,0.04083035538023603,-0.023630438929939643,0.2185586730525406,1.6843233480994706e-08,2.080832520847922e-08,-1.3079930702729441e-09,3.7651558689473923e-08
2026-06-17 20:40:00+00:00,0.04047247225442161,-0.023767200033921757,0.2195344188316442,1.6959801479924024e-08,2.0869765270670624e-08,-1.3049767402355952e-09,3.782956675059465e-08
2026-06-17 20:41:00+00:00,0.040112301070334866,-0.023902953848853048,0.22050155776236652,1.707540349888309e-08,2.0930645474628735e-08,-1.3017487978922702e-09,3.8006048973511826e-08
2026-06-17 20:42:00+00:00,0.03974986182775454,-0.024037689924173114,0.22146003434705114,1.719003223699035e-08,2.0990962996747612e-08,-1.2983108127860549e-09,3.818099523373796e-08
2026-06-17 20:43:00+00:00,0.03938517467669582,-0.024171397897365263,0.22240979358138324,1.7303680456264287e-08,2.1050715039156162e-08,-1.2946643711077042e-09,3.835439549542045e-08
2026-06-17 20:44:00+00:00,0.03901825991921841,-0.02430406749346603,0.22335078095051636,1.7416340981327812e-08,2.1109898830079483e-08,-1.2908110757391032e-09,3.8526239811407294e-08
2026-06-17 20:45:00+00:00,0.03864913800549306,-0.024435688526821084,0.22428294243872018,1.7528006700733895e-08,2.116851162408787e-08,-1.2867525462613871e-09,3.869651832482176e-08
2026-06-17 20:46:00+00:00,0.03827782953376791,-0.02456625090130729,0.2252062245304708,1.7638670566824854e-08,2.122655070186943e-08,-1.2824904182918547e-09,3.886522126869429e-08
2026-06-17 20:47:00+00:00,0.03790435524629062,-0.02469574461203082,0.22612057422029824,1.7748325597326154e-08,2.1284013371181625e-08,-1.2780263437498583e-09,3.903233896850778e-08
2026-06-17 20:48:00+00:00,0.037528736037217715,-0.02482415974342647,0.227025938967436,1.785696487026817e-08,2.1340896963460543e-08,-1.273361991095542e-09,3.919786183372871e-08
2026-06-17 20:49:00+00:00,0.037150992927443796,-0.02495148647574727,0.22792226686293499,1.7964581542221085e-08,2.1397198845633195e-08,-1.2684990436067686e-09,3.9361780387854284e-08
2026-06-17 20:50:00+00:00,0.03677114709623571,-0.02507771507799203,0.22880950639375636,1.807116882293939e-08,2.1452916403276065e-08,-1.2634392013492708e-09,3.9524085226215456e-08
2026-06-17 20:51:00+00:00,0.036389219855674115,-0.025202835914522437,0.22968760661200052,1.8176719993641662e-08,2.1508047052164992e-08,-1.2581841795921e-09,3.968476704580666e-08
2026-06-17 20:52:00+00:00,0.03600523265922541,-0.02532683944297079,0.2305565170857515,1.8281228401784513e-08,2.156258823546764e-08,-1.252735709247002e-09,3.984381663725215e-08
2026-06-17 20:53:00+00:00,0.035619207096930686,-0.02544971621602557,0.23141618791271795,1.8384687462852252e-08,2.161653742403659e-08,-1.2470955364046584e-09,4.0001224886888846e-08
2026-06-17 20:54:00+00:00,0.035231164895918085,-0.025571456881500643,0.23226656971727044,1.8487090659817564e-08,2.1669892116068257e-08,-1.2412654223739228e-09,4.015698277588582e-08
2026-06-17 20:55:00+00:00,0.03484112791533886,-0.025692052184092415,0.2331076136638474,1.8588431545018978e-08,2.17226498388039e-08,-1.2352471435636119e-09,4.031108138382288e-08
2026-06-17 20:56:00+00:00,0.03444911814937633,-0.025811492964704683,0.23393927144781518,1.8688703739051977e-08,2.177480814637284e-08,-1.229042491042681e-09,4.046351188542482e-08
2026-06-17 20:57:00+00:00,0.03405515772517875,-0.025929770161297563,0.23476149530218554,1.8787900931385895e-08,2.1826364621827993e-08,-1.2226532708672424e-09,4.0614265553213885e-08
2026-06-17 20:58:00+00:00,0.03365926889857701,-0.02604687481033803,0.23557423800647398,1.8886016881952204e-08,2.187731687639685e-08,-1.2160813034561384e-09,4.076333375834906e-08
2026-06-17 20:59:00+00:00,0.033261474059616214,-0.02616279804627096,0.2363774528492993,1.8983045416776705e-08,2.1927662547393154e-08,-1.2093284240460125e-09,4.091070796416986e-08
2026-06-17 21:00:00+00:00,0.03286179570709721,-0.026277531105825938,0.23717109378309265,1.9078980444780586e-08,2.197739930894503e-08,-1.2023964809290495e-09,4.1056379753725616e-08
2026-06-17 21:01:00+00:00,0.032460256485277894,-0.026391065322343754,0.23795511519550377,1.9173815933609026e-08,2.2026524855796922e-08,-1.1952873378033783e-09,4.120034078940595e-08
2026-06-17 21:02:00+00:00,0.03205687915500993,-0.02650339213120076,0.2387294720709942,1.9267545926377132e-08,2.2075036914628055e-08,-1.188002871665822e-09,4.134258284100519e-08
2026-06-17 21:03:00+00:00,0.03165168660371974,-0.026614503067934725,0.23949411994458414,1.936016453759713e-08,2.212293324066953e-08,-1.1805449734421067e-09,4.148309777826666e-08
2026-06-17 21:04:00+00:00,0.031244701831953436,-0.026724389772056087,0.24024901492963366,1.9451665955925862e-08,2.217021161967474e-08,-1.1729155475319407e-09,4.16218775756006e-08
2026-06-17 21:05:00+00:00,0.03083594796786132,-0.02683304398337212,0.24099411368727733,1.9542044440482095e-08,2.221686986562026e-08,-1.1651165119105663e-09,4.175891430610236e-08
2026-06-17 21:06:00+00:00,0.03042544825333801,-0.0269404575458234,0.2417293734558033,1.9631294325078745e-08,2.226290582269859e-08,-1.1571497976663055e-09,4.1894200147777334e-08
2026-06-17 21:07:00+00:00,0.03001322604868445,-0.027046622406479426,0.242454752039175,1.9719410016273645e-08,2.2308317364775224e-08,-1.1490173490952237e-09,4.202772738104887e-08
2026-06-17 21:08:00+00:00,0.029599304826243705,-0.02715153061728688,0.24317020782121804,1.9806385995145045e-08,2.235310239557825e-08,-1.1407211234352937e-09,4.21594883907233e-08
2026-06-17 21:09:00+00:00,0.029183708174402606,-0.02725517433425524,0.24387569975587312,1.989221681657374e-08,2.2397258848741143e-08,-1.1322630905558332e-09,4.2289475665314884e-08
2026-06-17 21:10:00+00:00,0.028766459798896263,-0.027357545818320145,0.24457118734331706,1.9976897106446678e-08,2.2440784685636003e-08,-1.123645233482942e-09,4.241768179208268e-08
2026-06-17 21:11:00+00:00,0.0283475834962158,-0.027458637438112124,0.24525663077109272,2.006042157730139e-08,2.2483677905522916e-08,-1.1148695464937883e-09,4.2544099482824307e-08
2026-06-17 21:12:00+00:00,0.02792710318905356,-0.027558441667186864,0.24593199070816157,2.0142785005760454e-08,2.252593653047557e-08,-1.1059380371962971e-09,4.266872153623602e-08
2026-06-17 21:13:00+00:00,0.02750504290279171,-0.02765695108615708,0.24659722844205045,2.0223982247713482e-08,2.2567558615403634e-08,-1.0968527248359015e-09,4.279154086311711e-08
2026-06-17 21:14:00+00:00,0.027081426767124037,-0.02775415838334555,0.2472523058521855,2.030400823528323e-08,2.2608542246195275e-08,-1.0876156408552152e-09,4.2912550481478505e-08
2026-06-17 21:15:00+00:00,0.02665627901621201,-0.027850056354872477,0.24789718540906586,2.0382857977369224e-08,2.2648885539181638e-08,-1.07822882821815e-09,4.303174351655086e-08
2026-06-17 21:16:00+00:00,0.026229623983767977,-0.02794463790592787,0.2485318301820455,2.046052655959627e-08,2.2688586642039565e-08,-1.0686943414552872e-09,4.3149113201635834e-08
2026-06-17 21:17:00+00:00,0.025801486105593838,-0.028037896050350744,0.24915620383523668,2.0537009144831527e-08,2.272764373320929e-08,-1.0590142465454664e-09,4.326465287804082e-08
2026-06-17 21:18:00+00:00,0.02537188991748024,-0.02812982391117365,0.24977027063145535,2.061230097317981e-08,2.2766055022051223e-08,-1.0491906207965957e-09,4.337835599523103e-08
2026-06-17 21:19:00+00:00,0.02494086005106949,-0.028220414721749534,0.25037399543700317,2.068639736288291e-08,2.2803818749569884e-08,-1.0392255525005256e-09,4.349021611245279e-08
2026-06-17 21:20:00+00:00,0.02450842123137381,-0.02830966182631034,0.25096734372704743,2.0759293710614554e-08,2.284093318791918e-08,-1.0291211406583065e-09,4.3600226898533734e-08
2026-06-17 21:21:00+00:00,0.024074598288093815,-0.028397558678944126,0.2515502815443302,2.0830985487475003e-08,2.2877396638448914e-08,-1.0188794955442898e-09,4.370838212592392e-08
2026-06-17 21:22:00+00:00,0.02363941611711355,-0.028484098847018177,0.2521227756484287,2.0901468254825687e-08,2.2913207441370318e-08,-1.0085027366156523e-09,4.3814675696196005e-08
2026-06-17 21:23:00+00:00,0.023202899730573837,-0.028569276007911523,0.2526847933031604,2.097073764156644e-08,2.2948363961200145e-08,-9.979929950240048e-10,4.3919101602766585e-08
2026-06-17 21:24:00+00:00,0.02276507421806301,-0.028653083952408384,0.2532363024269084,2.103878936056107e-08,2.298286459686713e-08,-9.873524114948228e-10,4.40216539574282e-08
2026-06-17 21:25:00+00:00,0.02232596475820059,-0.028735516583698828,0.2537772715504054,2.1105619203925778e-08,2.3016707779061494e-08,-9.765831368952426e-10,4.4122326982987275e-08
2026-06-17 21:26:00+00:00,0.021885596616486896,-0.028816567917885352,0.2543076698210002,2.117122304364831e-08,2.3049891970407038e-08,-9.65687331741311e-10,4.422111501405535e-08
2026-06-17 21:27:00+00:00,0.021443995140236344,-0.02889623208499567,0.2548274670092619,2.1235596832137134e-08,2.3082415665810752e-08,-9.546671662501394e-10,4.431801249794788e-08
2026-06-17 21:28:00+00:00,0.021001185756894303,-0.028974503329381854,0.2553366335102675,2.1298736602971904e-08,2.3114277392371254e-08,-9.435248199775892e-10,4.441301399534316e-08
2026-06-17 21:29:00+00:00,0.02055719397666189,-0.029051376009356547,0.25583514034029775,2.1360638469973983e-08,2.314547570949715e-08,-9.322624818365409e-10,4.450611417947113e-08
2026-06-17 21:30:00+00:00,0.020112045387090147,-0.029126844598260912,0.2563229591442515,2.142129862853096e-08,2.317600920912806e-08,-9.208823496596366e-10,4.459730783765902e-08
2026-06-17 21:31:00+00:00,0.01966576565361304,-0.029200903684474783,0.2568000621931955,2.1480713355137747e-08,2.320587651510521e-08,-9.093866302877792e-10,4.468658987024296e-08
2026-06-17 21:32:00+00:00,0.019218380513722502,-0.029273547972384475,0.257266422392473,2.1538879008281365e-08,2.323507628461446e-08,-8.977775391691921e-10,4.4773955292895824e-08
2026-06-17 21:33:00+00:00,0.0187699157890988,-0.029344772281968176,0.25772201324487587,2.1595792024786246e-08,2.326360720466037e-08,-8.860573006388738e-10,4.485939922944662e-08
2026-06-17 21:34:00+00:00,0.018320397347243098,-0.029414571549674057,0.25816680898380934,2.1651448934060253e-08,2.3291468002476854e-08,-8.742281461126231e-10,4.4942916936537106e-08
2026-06-17 21:35:00+00:00,0.017869851150955393,-0.029482940828442786,0.25860078438164436,2.1705846337409552e-08,2.3318657430470818e-08,-8.622923164557323e-10,4.502450376788037e-08
2026-06-17 21:36:00+00:00,0.01741830321998651,-0.029549875288657657,0.25902391488345966,2.1758980922449998e-08,2.3345174276931854e-08,-8.502520599612772e-10,4.510415519938185e-08
2026-06-17 21:37:00+00:00,0.01696577964316487,-0.029615370217692533,0.25943617657047063,2.181084945986661e-08,2.337101736292736e-08,-8.381096327065189e-10,4.5181866822793965e-08
2026-06-17 21:38:00+00:00,0.016512306572764757,-0.029679421020706975,0.2598375461656252,2.186144880305676e-08,2.339618554242312e-08,-8.258672982586469e-10,4.525763434547988e-08
2026-06-17 21:39:00+00:00,0.016057910224475086,-0.029742023220784175,0.26022800103385385,2.1910775888892413e-08,2.3420677702461448e-08,-8.135273276754844e-10,4.533145359135386e-08
2026-06-17 21:40:00+00:00,0.015602616872391575,-0.02980317245965347,0.2606075191864676,2.1958827738222684e-08,2.344449276402537e-08,-8.010919991783088e-10,4.540332050224805e-08
2026-06-17 21:41:00+00:00,0.015146452851400483,-0.029862864497424105,0.26097607927838995,2.2005601455028446e-08,2.3467629680526846e-08,-7.885635978600231e-10,4.547323113555529e-08
2026-06-17 21:42:00+00:00,0.01468944455561269,-0.029921095212887133,0.26133366060965957,2.205109422734357e-08,2.3490087439031773e-08,-7.759444156286701e-10,4.5541181666375344e-08
2026-06-17 21:43:00+00:00,0.014231618432497359,-0.02997786060429021,0.26168024313187577,2.2095303327816707e-08,2.351186506034204e-08,-7.632367511835982e-10,4.5607168388158744e-08
2026-06-17 21:44:00+00:00,0.013773000991933432,-0.030033156789762136,0.26201580741511205,2.213822610967075e-08,2.35329615959976e-08,-7.504429098995424e-10,4.567118770566835e-08
2026-06-17 21:45:00+00:00,0.013313618768553775,-0.03008698000612088,0.26234033477127483,2.217986002083263e-08,2.3553376138300572e-08,-7.375652019294628e-10,4.5733236159133204e-08
2026-06-17 21:46:00+00:00,0.012853498375956271,-0.030139326611001327,0.26265380707294883,2.222020258364666e-08,2.3573107806126857e-08,-7.24605944974009e-10,4.579331038977352e-08
2026-06-17 21:47:00+00:00,0.012392666465141741,-0.030190193082124547,0.26295620687788285,2.225925140929327e-08,2.3592155754393854e-08,-7.115674620664354e-10,4.5851407163687124e-08
2026-06-17 21:48:00+00:00,0.011931149737432423,-0.03023957601728222,0.26324751739562396,2.2297004193056394e-08,2.3610519171430734e-08,-6.984520820287514e-10,4.5907523364487125e-08
2026-06-17 21:49:00+00:00,0.011468974933284373,-0.030287472135571217,0.26352772249649586,2.233345871625475e-08,2.3628197279987503e-08,-6.852621387267863e-10,4.596165599624225e-08
2026-06-17 21:50:00+00:00,0.011006168840067942,-0.03033387827661399,0.26379680670369277,2.2368612845139377e-08,2.3645189336060714e-08,-6.719999716363877e-10,4.6013802181200095e-08
2026-06-17 21:51:00+00:00,0.01054275828519749,-0.030378791401257224,0.26405475519978555,2.240246453158962e-08,2.366149462965417e-08,-6.586679251685774e-10,4.606395916124379e-08
2026-06-17 21:52:00+00:00,0.010078770136228654,-0.030422208591589547,0.264301553825819,2.2435011812709755e-08,2.3677112484793454e-08,-6.452683485140609e-10,4.6112124297503206e-08
2026-06-17 21:53:00+00:00,0.00961423129561395,-0.030464127051505863,0.2645371890846774,2.2466252812117156e-08,2.3692042259671077e-08,-6.318035956276759e-10,4.615829507178823e-08
2026-06-17 21:54:00+00:00,0.009149168703200664,-0.030504544106381773,0.26476164813869046,2.2496185738868777e-08,2.3706283345910592e-08,-6.182760248251337e-10,4.620246908477937e-08
2026-06-17 21:55:00+00:00,0.008683609344871085,-0.030543457204062166,0.26497491878307267,2.252480888490504e-08,2.371983516761106e-08,-6.046879993784684e-10,4.62446440525161e-08
2026-06-17 21:56:00+00:00,0.008217580205928526,-0.03058086391262152,0.26517698956054453,2.25521206372363e-08,2.3732697189204245e-08,-5.910418849044599e-10,4.628481782644055e-08
2026-06-17 21:57:00+00:00,0.007751108330771514,-0.030616761924378885,0.265367849594009,2.2578119460585097e-08,2.3744868902555784e-08,-5.773400523435808e-10,4.6322988363140885e-08
2026-06-17 21:58:00+00:00,0.007284220784803522,-0.030651149053187568,0.26554748869669564,2.2602803908584003e-08,2.3756349836208104e-08,-5.635848761074421e-10,4.635915374479211e-08
2026-06-17 21:59:00+00:00,0.006816944658729521,-0.030684023235464028,0.26571589734836343,2.262617262154048e-08,2.3767139552767734e-08,-5.497787338644059e-10,4.6393312174308214e-08
2026-06-17 22:00:00+00:00,0.006349307069130228,-0.030715382530184854,0.2658730666927137,2.2648224326143555e-08,2.377723764889987e-08,-5.359240065747619e-10,4.642546197504342e-08
2026-06-17 22:01:00+00:00,0.005881335152810099,-0.030745225119260228,0.26601898854019923,2.266895783559248e-08,2.3786643755580238e-08,-5.220230783318959e-10,4.645560159117272e-08
2026-06-17 22:02:00+00:00,0.005413056069226291,-0.03077354930731771,0.2661536553682908,2.2688372050174685e-08,2.379535753837415e-08,-5.080783359868157e-10,4.648372958854884e-08
2026-06-17 22:03:00+00:00,0.004944496998836853,-0.030800353521850177,0.266277060320174,2.2706465956438053e-08,2.3803378696663688e-08,-4.940921693745096e-10,4.650984465310174e-08
2026-06-17 22:04:00+00:00,0.004475685137885668,-0.03082563631352432,0.2663891972067915,2.2723238628022283e-08,2.38107069642956e-08,-4.800669703990115e-10,4.653394559231788e-08
2026-06-17 22:05:00+00:00,0.004006647696032803,-0.030849396356211978,0.2664900605086853,2.273868922548647e-08,2.3817342109596512e-08,-4.660051334575512e-10,4.655603133508298e-08
2026-06-17 22:06:00+00:00,0.0035374119103547402,-0.03087163244796723,0.26657964534775075,2.2752816993713106e-08,2.3823283933196767e-08,-4.519090557537589e-10,4.657610092690987e-08
2026-06-17 22:07:00+00:00,0.003068004996429216,-0.03089234350689038,0.2666579475904167,2.2765621272138694e-08,2.382853227592679e-08,-4.377811343079641e-10,4.659415354806548e-08
2026-06-17 22:08:00+00:00,0.0025984542131712585,-0.030911528577633685,0.2667249636957473,2.2777101479502832e-08,2.3833087006971876e-08,-4.2362376989531504e-10,4.661018848647471e-08
2026-06-17 22:09:00+00:00,0.002128786813952302,-0.03092918682723489,0.26678069081885475,2.2787257124589054e-08,2.3836948032202194e-08,-4.094393638981764e-10,4.662420515679125e-08
2026-06-17 22:10:00+00:00,0.0016590300603427505,-0.03094531754608877,0.2668251267827639,2.2796087802598928e-08,2.384011529141244e-08,-3.952303190195461e-10,4.663620309401137e-08
2026-06-17 22:11:00+00:00,0.0011892112202682992,-0.03095992014797136,0.26685827007966395,2.280359319635816e-08,2.3842588759198762e-08,-3.8099903935632226e-10,4.664618195555693e-08
2026-06-17 22:12:00+00:00,0.0007193575623263837,-0.030972994170238397,0.2668801198723959,2.2809773075789313e-08,2.384436844442882e-08,-3.66747929644863e-10,4.665414152021813e-08
2026-06-17 22:13:00+00:00,0.0002494963543332174,-0.030984539273693587,0.26689067599231475,2.2814627297638957e-08,2.3845454390107365e-08,-3.5247939513137314e-10,4.666008168774632e-08
2026-06-17 22:14:00+00:00,-0.00022034513457511173,-0.03099455524259187,0.26688993894052604,2.2818155805995702e-08,2.3845846673940164e-08,-3.38195841927587e-10,4.6664002479935863e-08
2026-06-17 22:15:00+00:00,-0.0006901396388664244,-0.031003041984659432,0.2668779098881261,2.282035863222812e-08,2.3845545407988796e-08,-3.23899676209087e-10,4.666590404021691e-08
2026-06-17 22:16:00+00:00,-0.0011598598968934615,-0.03100999953109397,0.26685459067489203,2.282123589456739e-08,2.3844550738511564e-08,-3.095933042364148e-10,4.6665786633078957e-08
2026-06-17 22:17:00+00:00,-0.0016294786562211505,-0.03101542803653208,0.26681998380951266,2.282078779828069e-08,2.384286284607296e-08,-2.952791321818121e-10,4.666365064435365e-08
2026-06-17 22:18:00+00:00,-0.002098968660355499,-0.03101932778052724,0.26677409244964784,2.2819014634040754e-08,2.3840481944156767e-08,-2.809595665168675e-10,4.665949657819752e-08
2026-06-17 22:19:00+00:00,-0.0025683026938898706,-0.031021699161351057,0.26671692048503726,2.2815916785707676e-08,2.3837408285837367e-08,-2.666370114601151e-10,4.6653325071545044e-08
2026-06-17 22:20:00+00:00,-0.0030374535228166327,-0.03102254270515635,0.2666484724100028,2.2811494717594706e-08,2.3833642152827715e-08,-2.5231387212057563e-10,4.664513687042242e-08
2026-06-17 22:21:00+00:00,-0.0035063939392932786,-0.03102185905984614,0.26656875340713826,2.2805748983238765e-08,2.382918386323541e-08,-2.379925523003812e-10,4.6634932846474175e-08
2026-06-17 22:22:00+00:00,-0.00397509674910787,-0.03101964899646073,0.2664777693289886,2.279868022347541e-08,2.3824033769433426e-08,-2.2367545453155593e-10,4.662271399290884e-08
2026-06-17 22:23:00+00:00,-0.004443534776143579,-0.031015913409134996,0.26637552669375,2.279028916556527e-08,2.381819225798191e-08,-2.0936498016648284e-10,4.660848142354718e-08
2026-06-17 22:24:00+00:00,-0.004911680863513998,-0.031010653314910902,0.26626203268774107,2.2780576623893127e-08,2.3811659749686186e-08,-1.9506352887110555e-10,4.659223637357931e-08
2026-06-17 22:25:00+00:00,-0.0053795078784599215,-0.031003869853807528,0.2661372951625001,2.2769543499462948e-08,2.3804436699781215e-08,-1.807734987844171e-10,4.657398019924416e-08
2026-06-17 22:26:00+00:00,-0.005846988706539519,-0.030995564288611957,0.26600132263665244,2.2757190779854037e-08,2.3796523597322474e-08,-1.6649728592011608e-10,4.655371437717651e-08
2026-06-17 22:27:00+00:00,-0.006314096261474014,-0.03098573800474859,0.26585412429265326,2.2743519539720216e-08,2.378792096563096e-08,-1.5223728436777478e-10,4.6531440505351175e-08
2026-06-17 22:28:00+00:00,-0.006780803482323863,-0.030974392510226018,0.2656957099793217,2.2728530939840663e-08,2.3778629362468703e-08,-1.3799588596834442e-10,4.6507160302309366e-08
2026-06-17 22:29:00+00:00,-0.007247083327898585,-0.03096152943739594,0.2655260901887193,2.2712226225738838e-08,2.376864937755359e-08,-1.2377548023062844e-10,4.648087560329243e-08
2026-06-17 22:30:00+00:00,-0.007712908819016054,-0.030947150534842052,0.26534527613318154,2.269460673472335e-08,2.37579816399395e-08,-1.0957845273405779e-10,4.645258837466285e-08
2026-06-17 22:31:00+00:00,-0.008178252976355396,-0.030931257679276625,0.2651532796311388,2.2675673884892884e-08,2.3746626807461015e-08,-9.540718751320244e-11,4.64223006923539e-08
2026-06-17 22:32:00+00:00,-0.008643088863411086,-0.03091385286744154,0.26495011318157335,2.2655429182434172e-08,2.3734585573973216e-08,-8.126406500046807e-11,4.639001475640739e-08
2026-06-17 22:33:00+00:00,-0.00910738958150735,-0.0308949382177217,0.2647357899436483,2.2633874219288326e-08,2.3721858666849802e-08,-6.715146263539527e-11,4.635573288613813e-08
2026-06-17 22:34:00+00:00,-0.009571128271230203,-0.03087451597010378,0.26451032373595107,2.2611010673618128e-08,2.3708446847414294e-08,-5.3071753827247816e-11,4.631945752103242e-08
2026-06-17 22:35:00+00:00,-0.010034278110246389,-0.030852588486007387,0.26427372903632435,2.2586840309158212e-08,2.3694350911140844e-08,-3.902730866049097e-11,4.6281191220299056e-08
2026-06-17 22:36:00+00:00,-0.010496812318354656,-0.03082915824803696,0.2640260209801046,2.2561364975300426e-08,2.3679571686779806e-08,-2.502049318135715e-11,4.6240936662080236e-08
2026-06-17 22:37:00+00:00,-0.01095870415770299,-0.030804227859832584,0.26376721535951625,2.253458660713597e-08,2.3664110037139292e-08,-1.1053669401432574e-11,4.619869664427527e-08
2026-06-17 22:38:00+00:00,-0.011419926938017591,-0.030777800045656833,0.26349732862181297,2.2506507224752575e-08,2.3647966858561824e-08,2.870804889690776e-12,4.61544740833144e-08
2026-06-17 22:39:00+00:00,-0.01188045401414932,-0.030749877650385768,0.26321637786863356,2.247712893385658e-08,2.3631143080930204e-08,1.675057664279022e-11,4.6108272014786786e-08
2026-06-17 22:40:00+00:00,-0.012340258775888305,-0.0307204636418464,0.26292438084023434,2.2446453923687288e-08,2.3613639666524264e-08,3.058329659455319e-11,4.606009359021155e-08
2026-06-17 22:41:00+00:00,-0.012799314699967562,-0.03068956110043025,0.26262135597568564,2.2414484472253608e-08,2.3595457615226702e-08,4.436662211076014e-11,4.6009942087480307e-08
2026-06-17 22:42:00+00:00,-0.013257595282490722,-0.030657173233506058,0.262307322315559,2.2381222938606703e-08,2.357659795595878e-08,5.809821425627689e-11,4.595782089456549e-08
2026-06-17 22:43:00+00:00,-0.013715074082315079,-0.030623303365765103,0.26198229956717844,2.234667176721111e-08,2.3557061752315195e-08,7.17757395470923e-11,4.5903733519526304e-08
2026-06-17 22:44:00+00:00,-0.014171724714762413,-0.03058795494118119,0.2616463080861385,2.2310833487378278e-08,2.3536850101707133e-08,8.53968700488507e-11,4.584768358908541e-08
2026-06-17 22:45:00+00:00,-0.01462752085188769,-0.03055113152273785,0.2612993688743704,2.2273710712489666e-08,2.3515964134227033e-08,9.895928351627986e-11,4.5789674846716697e-08
2026-06-17 22:46:00+00:00,-0.01508243622772254,-0.03051283679186728,0.2609415035768631,2.223530613929565e-08,2.3494405013225958e-08,1.1246066365495314e-10,4.572971115252161e-08
2026-06-17 22:47:00+00:00,-0.015536444635218138,-0.03047307454871663,0.2605727344841745,2.219562254934396e-08,2.3472173935213903e-08,1.258987000087112e-10,4.566779648455786e-08
2026-06-17 22:48:00+00:00,-0.01598951992881059,-0.03043184871153587,0.2601930845297295,2.2154662807084988e-08,2.3449272129843988e-08,1.3927108844857008e-10,4.560393493692898e-08
2026-06-17 22:49:00+00:00,-0.016441636028885293,-0.030389163316334067,0.2598025772855707,2.211242986052704e-08,2.3425700859330398e-08,1.5257553120069792e-10,4.553813071985744e-08
2026-06-17 22:50:00+00:00,-0.016892766924176086,-0.030345022516341483,0.2594012369623886,2.206892674084214e-08,2.3401461418992656e-08,1.6580973718005656e-10,4.54703881598348e-08
2026-06-17 22:51:00+00:00,-0.017342886656859346,-0.03029943058520608,0.2589890883962903,2.2024156561176655e-08,2.337655513528308e-08,1.7897142152418292e-10,4.540071169645973e-08
2026-06-17 22:52:00+00:00,-0.017791969375037506,-0.030252391904425857,0.2585661570960929,2.1978122520101863e-08,2.335098337160195e-08,1.9205830797448105e-10,4.5329105891703816e-08
2026-06-17 22:53:00+00:00,-0.018239989262372094,-0.030203910980829127,0.2581324691667198,2.193082789592417e-08,2.332474751975536e-08,2.050681258852056e-10,4.5255575415679525e-08
2026-06-17 22:54:00+00:00,-0.0186869205900682,-0.03015399243416929,0.25768805135617684,2.188227605016068e-08,2.3297849005415663e-08,2.1799861238675636e-10,4.518012505557635e-08
2026-06-17 22:55:00+00:00,-0.019132737702734062,-0.030102641000044394,0.2572329310429048,2.1832470426104812e-08,2.327028928654782e-08,2.3084751217585353e-10,4.510275971265263e-08
2026-06-17 22:56:00+00:00,-0.019577415019723446,-0.03004986152968582,0.2567671362349323,2.1781414549030062e-08,2.3242069853514426e-08,2.4361257797752305e-10,4.502348440254449e-08
2026-06-17 22:57:00+00:00,-0.020020927040739794,-0.029995658989099394,0.2562906955658482,2.1729112025695692e-08,2.3213192228993457e-08,2.562915699496792e-10,4.4942304254689146e-08
2026-06-17 22:58:00+00:00,-0.020463248347335775,-0.029940038458576165,0.25580363829024205,2.167556654364429e-08,2.3183657967408003e-08,2.688822568088461e-10,4.4859224511052296e-08
2026-06-17 22:59:00+00:00,-0.02090435360041268,-0.02988300513291707,0.25530599428743084,2.1620781871698843e-08,2.3153468655613165e-08,2.8138241546842196e-10,4.4774250527312005e-08
2026-06-17 23:00:00+00:00,-0.021344217545020028,-0.02982456432069354,0.2547977940567231,2.1564761859407184e-08,2.3122625912069375e-08,2.9378983107703837e-10,4.468738777147656e-08
2026-06-17 23:01:00+00:00,-0.021782815010977286,-0.02976472144380579,0.2542790687152908,2.15075104364715e-08,2.309113138696684e-08,3.061022977877572e-10,4.459864182343834e-08
2026-06-17 23:02:00+00:00,-0.02222012091815026,-0.029703482036657652,0.2537498499916973,2.1449031612481552e-08,2.3058986762225994e-08,3.1831761839224346e-10,4.4508018374707546e-08
2026-06-17 23:03:00+00:00,-0.02265611025856941,-0.029640851750296196,0.25321017022639747,2.1389329476918373e-08,2.3026193750783908e-08,3.304336042558982e-10,4.441552322770228e-08
2026-06-17 23:04:00+00:00,-0.023090758152563104,-0.02957683633711769,0.2526600623927177,2.1328408199925294e-08,2.2992754099544907e-08,3.424480775657142e-10,4.43211622994702e-08
2026-06-17 23:05:00+00:00,-0.02352403977613994,-0.029511441671492444,0.25209956004811795,2.1266272029416343e-08,2.2958669583916884e-08,3.5435886826731277e-10,4.422494161333323e-08
2026-06-17 23:06:00+00:00,-0.023955930412881368,-0.02944467373518872,0.25152869736200734,2.1202925292096308e-08,2.292394201133006e-08,3.6616381649835475e-10,4.412686730342637e-08
2026-06-17 23:07:00+00:00,-0.024386405439151812,-0.02937653862109109,0.2509475091125557,2.1138372394232367e-08,2.288857322083671e-08,3.7786077205144467e-10,4.402694561506908e-08
2026-06-17 23:08:00+00:00,-0.0248154403300489,-0.02930704253192369,0.2503560306761761,2.1072617819531435e-08,2.2852565081902253e-08,3.8944759483138727e-10,4.392518290143369e-08
2026-06-17 23:09:00+00:00,-0.02524301065494354,-0.029236191780889126,0.2497542980344061,2.1005666130381048e-08,2.2815919495664687e-08,4.0092215462777403e-10,4.3821585626045734e-08
2026-06-17 23:10:00+00:00,-0.025669092091967924,-0.029163992788908813,0.24914234775517344,2.093752196559781e-08,2.2778638392838603e-08,4.122823317668045e-10,4.3716160358436415e-08
2026-06-17 23:11:00+00:00,-0.026093660412368908,-0.029090452087193228,0.24852021701108953,2.0868190042460272e-08,2.2740723735966976e-08,4.235260168118446e-10,4.360891377842725e-08
2026-06-17 23:12:00+00:00,-0.02651669149550337,-0.02901557631426699,0.2478879435606504,2.0797675154397272e-08,2.270217751736753e-08,4.3465111112829754e-10,4.34998526717648e-08
2026-06-17 23:13:00+00:00,-0.026938161323842746,-0.02893937221678318,0.2472455657550778,2.0725982171823704e-08,2.2663001760267216e-08,4.4565552698569825e-10,4.338898393209092e-08
2026-06-17 23:14:00+00:00,-0.027358045977272774,-0.028861846651998743,0.2465931225210647,2.065311604070683e-08,2.2623198516548108e-08,4.5653718685874e-10,4.327631455725494e-08
2026-06-17 23:15:00+00:00,-0.02777632167653904,-0.028783006572572184,0.24593065339067738,2.0579081783776316e-08,2.2582769871507862e-08,4.672940261942409e-10,4.316185165528418e-08
2026-06-17 23:16:00+00:00,-0.028192964719224528,-0.028702859048525917,0.24525819845755734,2.0503884498357237e-08,2.2541717937289377e-08,4.779239901063247e-10,4.3045602435646613e-08
2026-06-17 23:17:00+00:00,-0.028607951522932856,-0.02862141125220298,0.24457579840225935,2.042752935757514e-08,2.2500044857344267e-08,4.884250357820155e-10,4.2927574214919406e-08
2026-06-17 23:18:00+00:00,-0.0290212586205323,-0.028538670460455356,0.2438834944781562,2.035002160895641e-08,2.2457752804348782e-08,4.987951320802944e-10,4.2807774413305196e-08
2026-06-17 23:19:00+00:00,-0.029432862660729614,-0.028454644054359074,0.243181328509716,2.0271366574195632e-08,2.2414843980656073e-08,5.090322596828742e-10,4.268621055485171e-08
2026-06-17 23:20:00+00:00,-0.029842740406022625,-0.02836933951930705,0.24246934289370226,2.019156964919408e-08,2.2371320618048196e-08,5.19134411415644e-10,4.2562890267242276e-08
2026-06-17 23:21:00+00:00,-0.03025086873739974,-0.028282764443816305,0.24174758059271576,2.0110636303246693e-08,2.2327184977727773e-08,5.290995922952277e-10,4.2437821280974466e-08
2026-06-17 23:22:00+00:00,-0.03065722465418591,-0.028194926519313546,0.24101608513394912,2.0028572079145984e-08,2.2282439349713204e-08,5.389258194174481e-10,4.231101142885919e-08
2026-06-17 23:23:00+00:00,-0.03106178527906607,-0.028105833538742575,0.2402749006024529,1.994538259202653e-08,2.223708605342673e-08,5.486111227566766e-10,4.218246864545326e-08
2026-06-17 23:24:00+00:00,-0.031464527855159685,-0.028015493396961855,0.2395240716422653,1.986107352951716e-08,2.2191127436622834e-08,5.581535448254511e-10,4.205220096613999e-08
2026-06-17 23:25:00+00:00,-0.03186542973652058,-0.02792391409432958,0.23876364345223175,1.977565065165901e-08,2.2144565875649146e-08,5.675511405588918e-10,4.1920216527308156e-08
2026-06-17 23:26:00+00:00,-0.03226446843833364,-0.027831103718372066,0.2379936617897,1.9689119789415377e-08,2.209740377712832e-08,5.768019791400966e-10,4.1786523566543697e-08
2026-06-17 23:27:00+00:00,-0.0326616215699341,-0.027737070468559194,0.23721417294698166,1.9601486844908215e-08,2.2049643573882945e-08,5.859041417133599e-10,4.1651130418791157e-08
2026-06-17 23:28:00+00:00,-0.03305686687754637,-0.027641822639915464,0.23642522376894914,1.951275779108538e-08,2.2001287727693293e-08,5.948557233254463e-10,4.151404551877867e-08
2026-06-17 23:29:00+00:00,-0.03345018223851877,-0.027545368625483665,0.23562686164214836,1.942293867132263e-08,2.1952338728625572e-08,6.036548322777191e-10,4.13752773999482e-08
2026-06-17 23:30:00+00:00,-0.033841545660439065,-0.027447716916262244,0.2348191344919191,1.9332035598810093e-08,2.1902799094588718e-08,6.122995906242712e-10,4.123483469339881e-08
2026-06-17 23:31:00+00:00,-0.03423093528566665,-0.027348876099847375,0.2340020907740624,1.9240054755407878e-08,2.185267137075146e-08,6.207881342895414e-10,4.109272612615934e-08
2026-06-17 23:32:00+00:00,-0.034618329389449115,-0.02724885486056916,0.23317577948070023,1.9147002392502485e-08,2.1801958130507364e-08,6.291186132202723e-10,4.094896052300985e-08
2026-06-17 23:33:00+00:00,-0.03500370638072424,-0.027147661979045057,0.23234025013440895,1.905288483028645e-08,2.1750661974442603e-08,6.372891912767455e-10,4.080354680472905e-08
2026-06-17 23:34:00+00:00,-0.035387044807443035,-0.02704530633038006,0.2314955527795066,1.8957708456342464e-08,2.1698785530290134e-08,6.452980467726989e-10,4.06564939866326e-08
2026-06-17 23:35:00+00:00,-0.035768323356901874,-0.0269417968839213,0.23064173798015583,1.8861479725807226e-08,2.1646331452743015e-08,6.531433724842965e-10,4.050781117855024e-08
2026-06-17 23:36:00+00:00,-0.03614752084309171,-0.026837142707927503,0.22977885682218452,1.8764205161731645e-08,2.159330242326992e-08,6.608233753386701e-10,4.0357507585001566e-08
2026-06-17 23:37:00+00:00,-0.0365246162556237,-0.026731352949354345,0.2289069609045969,1.8665891352091888e-08,2.1539701151274556e-08,6.683362779935854e-10,4.020559250336644e-08
2026-06-17 23:38:00+00:00,-0.03689958869194654,-0.026624436861914416,0.2280261023387674,1.8566544952505355e-08,2.1485530371231814e-08,6.756803171596704e-10,4.005207532373717e-08
2026-06-17 23:39:00+00:00,-0.037272417408172887,-0.02651640378523118,0.22713633373789854,1.846617268339349e-08,2.1430792844316048e-08,6.828537448050037e-10,3.989696552770954e-08
2026-06-17 23:40:00+00:00,-0.03764308180107821,-0.026407263151192795,0.22623770822814002,1.8364781331226463e-08,2.137549135864922e-08,6.898548279287039e-10,3.974027268987568e-08
2026-06-17 23:41:00+00:00,-0.03801156141691672,-0.02629702448109722,0.22533027942868994,1.8262377746375694e-08,2.1319628727458238e-08,6.96681849214592e-10,3.9582006473833935e-08
2026-06-17 23:42:00+00:00,-0.03837783594888654,-0.026185697386006054,0.22441410146027002,1.8158968844031258e-08,2.1263207790521046e-08,7.033331065526906e-10,3.942217663455231e-08
2026-06-17 23:43:00+00:00,-0.038741885241580704,-0.02607329156505271,0.22348922892928363,1.8054561602017293e-08,2.1206231412722632e-08,7.098069135545983e-10,3.926079301473992e-08
2026-06-17 23:44:00+00:00,-0.039103689288053245,-0.02595981680607956,0.22255571693658688,1.7949163062241966e-08,2.1148702484470633e-08,7.161015996137911e-10,3.9097865546712595e-08
