time_utc,eps_NN,eps_EE,eps_NE,areal_strain
2026-06-16 23:48:00+00:00,1.8415800000000003e-08,1.9469980000000002e-08,8.280100000000026e-10,3.788578000000001e-08
2026-06-16 23:49:00+00:00,1.8237860000000003e-08,1.936474e-08,8.192299999999975e-10,3.76026e-08
2026-06-16 23:50:00+00:00,1.805934e-08,1.9259090000000003e-08,8.101850000000007e-10,3.731843e-08
2026-06-16 23:51:00+00:00,1.7880240000000002e-08,1.9153060000000002e-08,8.008699999999998e-10,3.70333e-08
2026-06-16 23:52:00+00:00,1.769925e-08,1.9045340000000002e-08,7.917249999999997e-10,3.674459e-08
2026-06-16 23:53:00+00:00,1.751887e-08,1.8938320000000003e-08,7.81875000000003e-10,3.645719000000001e-08
2026-06-16 23:54:00+00:00,1.733756e-08,1.883052e-08,7.718199999999983e-10,3.616808e-08
2026-06-16 23:55:00+00:00,1.715807e-08,1.8722370000000003e-08,7.615000000000017e-10,3.588044e-08
2026-06-16 23:56:00+00:00,1.6975960000000003e-08,1.861401e-08,7.508349999999987e-10,3.558997e-08
2026-06-16 23:57:00+00:00,1.679326e-08,1.85052e-08,7.399100000000018e-10,3.5298460000000004e-08
2026-06-16 23:58:00+00:00,1.660997e-08,1.839588e-08,7.286950000000019e-10,3.500585e-08
2026-06-16 23:59:00+00:00,1.642493e-08,1.828505e-08,7.176799999999979e-10,3.4709980000000005e-08
2026-06-17 00:00:00+00:00,1.6240390000000004e-08,1.8174750000000002e-08,7.060199999999988e-10,3.4415140000000006e-08
2026-06-17 00:01:00+00:00,1.6057360000000002e-08,1.8064310000000002e-08,6.940850000000012e-10,3.412167e-08
2026-06-17 00:02:00+00:00,1.587244e-08,1.795309e-08,6.81825e-10,3.3825530000000004e-08
2026-06-17 00:03:00+00:00,1.568663e-08,1.784177e-08,6.692600000000014e-10,3.35284e-08
2026-06-17 00:04:00+00:00,1.550034e-08,1.773002e-08,6.564300000000003e-10,3.3230359999999996e-08
2026-06-17 00:05:00+00:00,1.53123e-08,1.761675e-08,6.437949999999973e-10,3.292905e-08
2026-06-17 00:06:00+00:00,1.512483e-08,1.7504000000000002e-08,6.304850000000002e-10,3.262883e-08
2026-06-17 00:07:00+00:00,1.4939000000000002e-08,1.739114e-08,6.169699999999985e-10,3.2330140000000004e-08
2026-06-17 00:08:00+00:00,1.475091e-08,1.727748e-08,6.030349999999984e-10,3.202839e-08
2026-06-17 00:09:00+00:00,1.4562400000000002e-08,1.7163810000000003e-08,5.888349999999995e-10,3.172621e-08
2026-06-17 00:10:00+00:00,1.437396e-08,1.704991e-08,5.743949999999991e-10,3.142387e-08
2026-06-17 00:11:00+00:00,1.4183230000000001e-08,1.6934230000000002e-08,5.601400000000006e-10,3.111746e-08
2026-06-17 00:12:00+00:00,1.3993300000000001e-08,1.681928e-08,5.45180000000002e-10,3.081258e-08
2026-06-17 00:13:00+00:00,1.380528e-08,1.670439e-08,5.300449999999995e-10,3.050967e-08
2026-06-17 00:14:00+00:00,1.3614730000000001e-08,1.658881e-08,5.144800000000025e-10,3.020354e-08
2026-06-17 00:15:00+00:00,1.342393e-08,1.647259e-08,4.986399999999982e-10,2.989652e-08
2026-06-17 00:16:00+00:00,1.3232770000000001e-08,1.6356380000000003e-08,4.825149999999976e-10,2.9589150000000003e-08
2026-06-17 00:17:00+00:00,1.304046e-08,1.6238890000000002e-08,4.666750000000005e-10,2.9279350000000003e-08
2026-06-17 00:18:00+00:00,1.2848430000000002e-08,1.612183e-08,4.5007000000000024e-10,2.897026e-08
2026-06-17 00:19:00+00:00,1.265851e-08,1.600501e-08,4.333400000000012e-10,2.866352e-08
2026-06-17 00:20:00+00:00,1.2466010000000002e-08,1.588737e-08,4.16129999999999e-10,2.8353380000000005e-08
2026-06-17 00:21:00+00:00,1.2273400000000002e-08,1.576925e-08,3.9864499999999837e-10,2.8042650000000003e-08
2026-06-17 00:22:00+00:00,1.2080430000000001e-08,1.565108e-08,3.808749999999997e-10,2.7731510000000002e-08
2026-06-17 00:23:00+00:00,1.1885750000000001e-08,1.553141e-08,3.6336000000000013e-10,2.741716e-08
2026-06-17 00:24:00+00:00,1.1692640000000002e-08,1.541266e-08,3.4516999999999954e-10,2.7105300000000003e-08
2026-06-17 00:25:00+00:00,1.150127e-08,1.529405e-08,3.268299999999993e-10,2.679532e-08
2026-06-17 00:26:00+00:00,1.1307320000000001e-08,1.517471e-08,3.079649999999994e-10,2.648203e-08
2026-06-17 00:27:00+00:00,1.111308e-08,1.505499e-08,2.888549999999999e-10,2.6168070000000002e-08
2026-06-17 00:28:00+00:00,1.0918850000000002e-08,1.493477e-08,2.694600000000005e-10,2.5853620000000002e-08
2026-06-17 00:29:00+00:00,1.0722860000000001e-08,1.48134e-08,2.503100000000007e-10,2.553626e-08
2026-06-17 00:30:00+00:00,1.0527930000000001e-08,1.4692740000000001e-08,2.3043499999999996e-10,2.5220670000000002e-08
2026-06-17 00:31:00+00:00,1.0333660000000001e-08,1.457227e-08,2.1027500000000112e-10,2.4905930000000002e-08
2026-06-17 00:32:00+00:00,1.01411e-08,1.445183e-08,1.9008499999999984e-10,2.4592929999999998e-08
2026-06-17 00:33:00+00:00,9.945830000000002e-09,1.433048e-08,1.6933499999999846e-10,2.4276310000000005e-08
2026-06-17 00:34:00+00:00,9.75053e-09,1.420899e-08,1.4829000000000115e-10,2.395952e-08
2026-06-17 00:35:00+00:00,9.55378e-09,1.408582e-08,1.2755999999999901e-10,2.36396e-08
2026-06-17 00:36:00+00:00,9.35802e-09,1.3963660000000001e-08,1.060800000000004e-10,2.332168e-08
2026-06-17 00:37:00+00:00,9.16235e-09,1.384137e-08,8.422999999999981e-11,2.3003720000000002e-08
2026-06-17 00:38:00+00:00,8.969920000000001e-09,1.3719860000000001e-08,6.254000000000027e-11,2.2689780000000003e-08
2026-06-17 00:39:00+00:00,8.77413e-09,1.359719e-08,4.016000000000198e-11,2.237132e-08
2026-06-17 00:40:00+00:00,8.57822e-09,1.347425e-08,1.7535000000000524e-11,2.2052470000000002e-08
2026-06-17 00:41:00+00:00,8.38102e-09,1.3349740000000002e-08,-4.78999999999985e-12,2.173076e-08
2026-06-17 00:42:00+00:00,8.1851e-09,1.3226430000000002e-08,-2.79550000000004e-11,2.1411530000000002e-08
2026-06-17 00:43:00+00:00,7.98891e-09,1.310273e-08,-5.1329999999998325e-11,2.109164e-08
2026-06-17 00:44:00+00:00,7.79568e-09,1.2979740000000001e-08,-7.465000000000011e-11,2.077542e-08
2026-06-17 00:45:00+00:00,7.600360000000001e-09,1.285606e-08,-9.852000000000061e-11,2.0456420000000003e-08
2026-06-17 00:46:00+00:00,7.404390000000001e-09,1.2731980000000001e-08,-1.2273500000000048e-10,2.013637e-08
2026-06-17 00:47:00+00:00,7.2069200000000006e-09,1.2606540000000002e-08,-1.466700000000003e-10,1.981346e-08
2026-06-17 00:48:00+00:00,7.0113e-09,1.2481930000000001e-08,-1.713850000000008e-10,1.9493230000000002e-08
2026-06-17 00:49:00+00:00,6.8151800000000004e-09,1.2357110000000001e-08,-1.9630500000000062e-10,1.917229e-08
2026-06-17 00:50:00+00:00,6.62224e-09,1.2233100000000002e-08,-2.2115999999999937e-10,1.885534e-08
2026-06-17 00:51:00+00:00,6.42653e-09,1.2108140000000002e-08,-2.46694999999999e-10,1.853467e-08
2026-06-17 00:52:00+00:00,6.231600000000001e-09,1.1983370000000001e-08,-2.723849999999999e-10,1.8214970000000002e-08
2026-06-17 00:53:00+00:00,6.034430000000001e-09,1.185694e-08,-2.9783500000000097e-10,1.7891370000000003e-08
2026-06-17 00:54:00+00:00,5.83928e-09,1.1731360000000002e-08,-3.2409e-10,1.7570640000000003e-08
2026-06-17 00:55:00+00:00,5.643740000000001e-09,1.160565e-08,-3.5056500000000136e-10,1.7249390000000003e-08
2026-06-17 00:56:00+00:00,5.45151e-09,1.1480900000000002e-08,-3.7690500000000073e-10,1.693241e-08
2026-06-17 00:57:00+00:00,5.256430000000001e-09,1.135508e-08,-4.03975e-10,1.661151e-08
2026-06-17 00:58:00+00:00,5.0615600000000005e-09,1.1229120000000001e-08,-4.31280000000001e-10,1.629068e-08
2026-06-17 00:59:00+00:00,4.865890000000001e-09,1.1102250000000001e-08,-4.5816000000000036e-10,1.5968140000000003e-08
2026-06-17 01:00:00+00:00,4.67133e-09,1.097612e-08,-4.859849999999994e-10,1.564745e-08
2026-06-17 01:01:00+00:00,4.477070000000001e-09,1.084959e-08,-5.1389e-10,1.532666e-08
2026-06-17 01:02:00+00:00,4.2859200000000004e-09,1.072419e-08,-5.416850000000002e-10,1.5010110000000002e-08
2026-06-17 01:03:00+00:00,4.091980000000001e-09,1.05977e-08,-5.702499999999998e-10,1.4689680000000002e-08
2026-06-17 01:04:00+00:00,3.8982700000000004e-09,1.047115e-08,-5.990500000000001e-10,1.436942e-08
2026-06-17 01:05:00+00:00,3.70476e-09,1.034452e-08,-6.281099999999995e-10,1.404928e-08
2026-06-17 01:06:00+00:00,3.5098e-09,1.0216630000000001e-08,-6.568050000000003e-10,1.3726430000000001e-08
2026-06-17 01:07:00+00:00,3.31724e-09,1.0089980000000002e-08,-6.8614e-10,1.3407220000000001e-08
2026-06-17 01:08:00+00:00,3.12487e-09,9.963020000000001e-09,-7.158449999999999e-10,1.308789e-08
2026-06-17 01:09:00+00:00,2.93557e-09,9.83718e-09,-7.452950000000006e-10,1.2772750000000001e-08
2026-06-17 01:10:00+00:00,2.74341e-09,9.710190000000002e-09,-7.755300000000007e-10,1.2453600000000002e-08
2026-06-17 01:11:00+00:00,2.5515500000000004e-09,9.583090000000001e-09,-8.060300000000008e-10,1.2134640000000002e-08
2026-06-17 01:12:00+00:00,2.35832e-09,9.454870000000001e-09,-8.361649999999995e-10,1.181319e-08
2026-06-17 01:13:00+00:00,2.16681e-09,9.327550000000001e-09,-8.670299999999998e-10,1.149436e-08
2026-06-17 01:14:00+00:00,1.97698e-09,9.20066e-09,-8.980099999999994e-10,1.117764e-08
2026-06-17 01:15:00+00:00,1.7896500000000001e-09,9.074590000000002e-09,-9.288300000000005e-10,1.0864240000000003e-08
2026-06-17 01:16:00+00:00,1.5994900000000002e-09,8.9473e-09,-9.604749999999998e-10,1.0546790000000001e-08
2026-06-17 01:17:00+00:00,1.40968e-09,8.82005e-09,-9.92355e-10,1.022973e-08
2026-06-17 01:18:00+00:00,1.2185600000000002e-09,8.69167e-09,-1.0238750000000005e-09,9.91023e-09
2026-06-17 01:19:00+00:00,1.02919e-09,8.56416e-09,-1.0560949999999995e-09,9.59335e-09
2026-06-17 01:20:00+00:00,8.404900000000001e-10,8.43677e-09,-1.0886599999999992e-09,9.27726e-09
2026-06-17 01:21:00+00:00,6.567e-10,8.31104e-09,-1.1205500000000006e-09,8.967740000000001e-09
2026-06-17 01:22:00+00:00,4.6889e-10,8.18374e-09,-1.1535550000000004e-09,8.652630000000001e-09
2026-06-17 01:23:00+00:00,2.8149000000000003e-10,8.05642e-09,-1.1867649999999995e-09,8.33791e-09
2026-06-17 01:24:00+00:00,9.285000000000001e-11,7.92799e-09,-1.2195999999999998e-09,8.02084e-09
2026-06-17 01:25:00+00:00,-9.388000000000002e-11,7.80055e-09,-1.2531650000000002e-09,7.70667e-09
2026-06-17 01:26:00+00:00,-2.7995e-10,7.67326e-09,-1.287025e-09,7.393310000000001e-09
2026-06-17 01:27:00+00:00,-4.6217000000000007e-10,7.547310000000001e-09,-1.3204e-09,7.085140000000001e-09
2026-06-17 01:28:00+00:00,-6.4607e-10,7.42043e-09,-1.35444e-09,6.7743600000000006e-09
2026-06-17 01:29:00+00:00,-8.306200000000001e-10,7.29327e-09,-1.388935e-09,6.462650000000001e-09
2026-06-17 01:30:00+00:00,-1.01639e-09,7.1650900000000005e-09,-1.42305e-09,6.1487000000000005e-09
2026-06-17 01:31:00+00:00,-1.1999200000000001e-09,7.038010000000001e-09,-1.4579549999999999e-09,5.8380900000000005e-09
2026-06-17 01:32:00+00:00,-1.38326e-09,6.910770000000001e-09,-1.4929650000000001e-09,5.527510000000001e-09
2026-06-17 01:33:00+00:00,-1.56229e-09,6.78513e-09,-1.52754e-09,5.22284e-09
2026-06-17 01:34:00+00:00,-1.7437400000000002e-09,6.65825e-09,-1.5629550000000002e-09,4.91451e-09
2026-06-17 01:35:00+00:00,-1.92436e-09,6.53179e-09,-1.598505e-09,4.60743e-09
2026-06-17 01:36:00+00:00,-2.10695e-09,6.403930000000001e-09,-1.63381e-09,4.296980000000001e-09
2026-06-17 01:37:00+00:00,-2.28714e-09,6.2772e-09,-1.66992e-09,3.99006e-09
2026-06-17 01:38:00+00:00,-2.4670000000000003e-09,6.15043e-09,-1.7061350000000001e-09,3.68343e-09
2026-06-17 01:39:00+00:00,-2.6426e-09,6.0253e-09,-1.74182e-09,3.3827e-09
2026-06-17 01:40:00+00:00,-2.82104e-09,5.8988500000000006e-09,-1.7785050000000004e-09,3.0778100000000006e-09
2026-06-17 01:41:00+00:00,-2.99831e-09,5.7725e-09,-1.8152450000000002e-09,2.77419e-09
2026-06-17 01:42:00+00:00,-3.1764800000000006e-09,5.64561e-09,-1.8515249999999998e-09,2.4691299999999997e-09
2026-06-17 01:43:00+00:00,-3.3529900000000004e-09,5.519470000000001e-09,-1.88876e-09,2.16648e-09
2026-06-17 01:44:00+00:00,-3.5291500000000004e-09,5.393270000000001e-09,-1.9260800000000004e-09,1.8641200000000004e-09
2026-06-17 01:45:00+00:00,-3.7044000000000006e-09,5.2673e-09,-1.96367e-09,1.5628999999999992e-09
2026-06-17 01:46:00+00:00,-3.875420000000001e-09,5.1429700000000005e-09,-2.0006050000000002e-09,1.2675499999999998e-09
2026-06-17 01:47:00+00:00,-4.048739999999999e-09,5.01734e-09,-2.03843e-09,9.68600000000001e-10
2026-06-17 01:48:00+00:00,-4.223700000000001e-09,4.890780000000001e-09,-2.0759500000000005e-09,6.670800000000001e-10
2026-06-17 01:49:00+00:00,-4.39546e-09,4.76574e-09,-2.1140499999999997e-09,3.702800000000001e-10
2026-06-17 01:50:00+00:00,-4.56743e-09,4.64029e-09,-2.1524200000000003e-09,7.28600000000001e-11
2026-06-17 01:51:00+00:00,-4.7385000000000005e-09,4.51514e-09,-2.19106e-09,-2.2336000000000035e-10
2026-06-17 01:52:00+00:00,-4.905330000000001e-09,4.39167e-09,-2.2289600000000005e-09,-5.136600000000005e-10
2026-06-17 01:53:00+00:00,-5.07494e-09,4.2668e-09,-2.2679e-09,-8.081399999999997e-10
2026-06-17 01:54:00+00:00,-5.24498e-09,4.14116e-09,-2.30627e-09,-1.10382e-09
2026-06-17 01:55:00+00:00,-5.41307e-09,4.016650000000001e-09,-2.34555e-09,-1.3964199999999996e-09
2026-06-17 01:56:00+00:00,-5.5799000000000006e-09,3.89255e-09,-2.384705e-09,-1.6873500000000004e-09
2026-06-17 01:57:00+00:00,-5.74646e-09,3.76833e-09,-2.424275e-09,-1.9781299999999997e-09
2026-06-17 01:58:00+00:00,-5.908680000000001e-09,3.64592e-09,-2.4631e-09,-2.2627600000000006e-09
2026-06-17 01:59:00+00:00,-6.073680000000001e-09,3.52201e-09,-2.5029649999999997e-09,-2.551670000000001e-09
2026-06-17 02:00:00+00:00,-6.23964e-09,3.39738e-09,-2.5423900000000004e-09,-2.84226e-09
2026-06-17 02:01:00+00:00,-6.402420000000001e-09,3.27399e-09,-2.582405000000001e-09,-3.1284300000000005e-09
2026-06-17 02:02:00+00:00,-6.5652600000000005e-09,3.1505700000000002e-09,-2.622635e-09,-3.4146900000000003e-09
2026-06-17 02:03:00+00:00,-6.72694e-09,3.0274500000000003e-09,-2.6630850000000002e-09,-3.69949e-09
2026-06-17 02:04:00+00:00,-6.88354e-09,2.9066400000000002e-09,-2.7025299999999998e-09,-3.9769e-09
2026-06-17 02:05:00+00:00,-7.043610000000001e-09,2.7839200000000005e-09,-2.7432450000000005e-09,-4.25969e-09
2026-06-17 02:06:00+00:00,-7.20463e-09,2.6604800000000003e-09,-2.783485e-09,-4.54415e-09
2026-06-17 02:07:00+00:00,-7.36234e-09,2.53831e-09,-2.824315e-09,-4.82403e-09
2026-06-17 02:08:00+00:00,-7.520050000000002e-09,2.41613e-09,-2.86534e-09,-5.1039200000000015e-09
2026-06-17 02:09:00+00:00,-7.676640000000001e-09,2.2942900000000004e-09,-2.906595e-09,-5.3823500000000005e-09
2026-06-17 02:10:00+00:00,-7.82881e-09,2.1743800000000005e-09,-2.9469650000000007e-09,-5.65443e-09
2026-06-17 02:11:00+00:00,-7.98286e-09,2.05342e-09,-2.9882400000000004e-09,-5.929439999999999e-09
2026-06-17 02:12:00+00:00,-8.1368e-09,1.93226e-09,-3.0298200000000006e-09,-6.204539999999999e-09
2026-06-17 02:13:00+00:00,-8.291570000000001e-09,1.8104400000000002e-09,-3.070935e-09,-6.48113e-09
2026-06-17 02:14:00+00:00,-8.44305e-09,1.6899000000000001e-09,-3.1126050000000005e-09,-6.753149999999999e-09
2026-06-17 02:15:00+00:00,-8.59447e-09,1.56934e-09,-3.1544650000000002e-09,-7.02513e-09
2026-06-17 02:16:00+00:00,-8.74113e-09,1.4509100000000001e-09,-3.1954900000000005e-09,-7.29022e-09
2026-06-17 02:17:00+00:00,-8.89039e-09,1.3310100000000001e-09,-3.2376400000000004e-09,-7.55938e-09
2026-06-17 02:18:00+00:00,-9.03805e-09,1.21176e-09,-3.2796750000000005e-09,-7.82629e-09
2026-06-17 02:19:00+00:00,-9.18724e-09,1.09147e-09,-3.321425e-09,-8.09577e-09
2026-06-17 02:20:00+00:00,-9.33295e-09,9.7249e-10,-3.3637e-09,-8.360460000000001e-09
2026-06-17 02:21:00+00:00,-9.478650000000001e-09,8.535100000000001e-10,-3.4061700000000004e-09,-8.625140000000001e-09
2026-06-17 02:22:00+00:00,-9.62309e-09,7.349200000000001e-10,-3.4488250000000004e-09,-8.88817e-09
2026-06-17 02:23:00+00:00,-9.76311e-09,6.183800000000001e-10,-3.490495000000001e-09,-9.14473e-09
2026-06-17 02:24:00+00:00,-9.90552e-09,5.0037e-10,-3.5333050000000005e-09,-9.40515e-09
2026-06-17 02:25:00+00:00,-1.004816e-08,3.8218e-10,-3.57538e-09,-9.665979999999999e-09
2026-06-17 02:26:00+00:00,-1.018862e-08,2.6474e-10,-3.6183800000000005e-09,-9.923880000000002e-09
2026-06-17 02:27:00+00:00,-1.032771e-08,1.476e-10,-3.6611650000000006e-09,-1.018011e-08
2026-06-17 02:28:00+00:00,-1.0466130000000001e-08,3.076e-11,-3.704325000000001e-09,-1.0435370000000001e-08
2026-06-17 02:29:00+00:00,-1.0599970000000001e-08,-8.398e-11,-3.746425e-09,-1.068395e-08
2026-06-17 02:30:00+00:00,-1.0736370000000001e-08,-2.0024000000000002e-10,-3.789734999999999e-09,-1.0936610000000002e-08
2026-06-17 02:31:00+00:00,-1.087355e-08,-3.1703e-10,-3.83249e-09,-1.1190580000000001e-08
2026-06-17 02:32:00+00:00,-1.100718e-08,-4.3224000000000005e-10,-3.87568e-09,-1.143942e-08
2026-06-17 02:33:00+00:00,-1.1140610000000002e-08,-5.4769e-10,-3.91908e-09,-1.1688300000000002e-08
2026-06-17 02:34:00+00:00,-1.12721e-08,-6.625e-10,-3.9624400000000015e-09,-1.19346e-08
2026-06-17 02:35:00+00:00,-1.1399720000000001e-08,-7.753100000000001e-10,-4.004905000000001e-09,-1.2175030000000001e-08
2026-06-17 02:36:00+00:00,-1.152978e-08,-8.8967e-10,-4.048565e-09,-1.2419450000000001e-08
2026-06-17 02:37:00+00:00,-1.1660460000000001e-08,-1.0044900000000001e-09,-4.091685e-09,-1.2664950000000002e-08
2026-06-17 02:38:00+00:00,-1.1788380000000001e-08,-1.11822e-09,-4.135449999999999e-09,-1.2906600000000001e-08
2026-06-17 02:39:00+00:00,-1.1914750000000001e-08,-1.23125e-09,-4.178950000000001e-09,-1.3146e-08
2026-06-17 02:40:00+00:00,-1.203975e-08,-1.3440600000000002e-09,-4.222595000000001e-09,-1.338381e-08
2026-06-17 02:41:00+00:00,-1.216089e-08,-1.45485e-09,-4.265310000000001e-09,-1.361574e-08
2026-06-17 02:42:00+00:00,-1.2284260000000001e-08,-1.56717e-09,-4.3092349999999995e-09,-1.3851430000000001e-08
2026-06-17 02:43:00+00:00,-1.240843e-08,-1.67991e-09,-4.352640000000001e-09,-1.4088340000000001e-08
2026-06-17 02:44:00+00:00,-1.252967e-08,-1.7915300000000001e-09,-4.396640000000001e-09,-1.4321199999999999e-08
2026-06-17 02:45:00+00:00,-1.2650050000000002e-08,-1.90293e-09,-4.44059e-09,-1.4552980000000002e-08
2026-06-17 02:46:00+00:00,-1.2768330000000002e-08,-2.0134200000000003e-09,-4.484405e-09,-1.4781750000000003e-08
2026-06-17 02:47:00+00:00,-1.288206e-08,-2.12182e-09,-4.527060000000001e-09,-1.500388e-08
2026-06-17 02:48:00+00:00,-1.2998740000000001e-08,-2.2319900000000003e-09,-4.571165e-09,-1.5230730000000002e-08
2026-06-17 02:49:00+00:00,-1.311608e-08,-2.3425500000000004e-09,-4.6147150000000004e-09,-1.545863e-08
2026-06-17 02:50:00+00:00,-1.3230430000000001e-08,-2.45199e-09,-4.65885e-09,-1.5682420000000003e-08
2026-06-17 02:51:00+00:00,-1.3343940000000001e-08,-2.56117e-09,-4.702914999999999e-09,-1.590511e-08
2026-06-17 02:52:00+00:00,-1.345599e-08,-2.66985e-09,-4.74709e-09,-1.612584e-08
2026-06-17 02:53:00+00:00,-1.356224e-08,-2.77554e-09,-4.789530000000001e-09,-1.633778e-08
2026-06-17 02:54:00+00:00,-1.3672010000000001e-08,-2.88348e-09,-4.833725000000001e-09,-1.6555490000000002e-08
2026-06-17 02:55:00+00:00,-1.3782240000000001e-08,-2.9917100000000002e-09,-4.877305e-09,-1.6773950000000002e-08
2026-06-17 02:56:00+00:00,-1.38896e-08,-3.0988400000000004e-09,-4.9214900000000005e-09,-1.698844e-08
2026-06-17 02:57:00+00:00,-1.3996090000000002e-08,-3.2057000000000002e-09,-4.965594999999999e-09,-1.7201790000000003e-08
2026-06-17 02:58:00+00:00,-1.410112e-08,-3.31207e-09,-5.0097450000000005e-09,-1.741319e-08
2026-06-17 02:59:00+00:00,-1.4204800000000001e-08,-3.41802e-09,-5.05388e-09,-1.762282e-08
2026-06-17 03:00:00+00:00,-1.4302830000000001e-08,-3.52092e-09,-5.096255e-09,-1.782375e-08
2026-06-17 03:01:00+00:00,-1.440598e-08,-3.62673e-09,-5.139825000000002e-09,-1.803271e-08
2026-06-17 03:02:00+00:00,-1.450621e-08,-3.7315e-09,-5.183925e-09,-1.823771e-08
2026-06-17 03:03:00+00:00,-1.4605100000000001e-08,-3.83582e-09,-5.228000000000002e-09,-1.844092e-08
2026-06-17 03:04:00+00:00,-1.470319e-08,-3.93987e-09,-5.271970000000002e-09,-1.864306e-08
2026-06-17 03:05:00+00:00,-1.47997e-08,-4.04336e-09,-5.316009999999999e-09,-1.884306e-08
2026-06-17 03:06:00+00:00,-1.489183e-08,-4.14448e-09,-5.358695e-09,-1.903631e-08
2026-06-17 03:07:00+00:00,-1.498688e-08,-4.2475e-09,-5.401840000000002e-09,-1.9234379999999997e-08
2026-06-17 03:08:00+00:00,-1.507916e-08,-4.34931e-09,-5.4455150000000005e-09,-1.942847e-08
2026-06-17 03:09:00+00:00,-1.517081e-08,-4.45115e-09,-5.4894099999999996e-09,-1.962196e-08
2026-06-17 03:10:00+00:00,-1.526146e-08,-4.552620000000001e-09,-5.53317e-09,-1.981408e-08
2026-06-17 03:11:00+00:00,-1.535069e-08,-4.65361e-09,-5.57697e-09,-2.00043e-08
2026-06-17 03:12:00+00:00,-1.54354e-08,-4.752150000000001e-09,-5.619364999999999e-09,-2.018755e-08
2026-06-17 03:13:00+00:00,-1.5523040000000002e-08,-4.85254e-09,-5.66226e-09,-2.0375580000000002e-08
2026-06-17 03:14:00+00:00,-1.560851e-08,-4.95221e-09,-5.705909999999999e-09,-2.056072e-08
2026-06-17 03:15:00+00:00,-1.569211e-08,-5.051000000000001e-09,-5.7492349999999995e-09,-2.074311e-08
2026-06-17 03:16:00+00:00,-1.5775180000000002e-08,-5.14985e-09,-5.792655e-09,-2.092503e-08
2026-06-17 03:17:00+00:00,-1.5856880000000002e-08,-5.248210000000001e-09,-5.836115000000002e-09,-2.1105090000000005e-08
2026-06-17 03:18:00+00:00,-1.5934260000000002e-08,-5.3441e-09,-5.878180000000001e-09,-2.1278360000000003e-08
2026-06-17 03:19:00+00:00,-1.601341e-08,-5.4415500000000005e-09,-5.921500000000002e-09,-2.1454960000000003e-08
2026-06-17 03:20:00+00:00,-1.609217e-08,-5.53878e-09,-5.963915000000001e-09,-2.163095e-08
2026-06-17 03:21:00+00:00,-1.6168790000000003e-08,-5.635320000000001e-09,-6.007095e-09,-2.1804110000000003e-08
2026-06-17 03:22:00+00:00,-1.624383e-08,-5.7310400000000005e-09,-6.049855e-09,-2.1974869999999998e-08
2026-06-17 03:23:00+00:00,-1.6317900000000002e-08,-5.8266700000000005e-09,-6.092874999999999e-09,-2.2144570000000003e-08
2026-06-17 03:24:00+00:00,-1.638775e-08,-5.9198400000000005e-09,-6.134414999999999e-09,-2.2307590000000002e-08
2026-06-17 03:25:00+00:00,-1.6459270000000002e-08,-6.014570000000001e-09,-6.177270000000002e-09,-2.2473840000000002e-08
2026-06-17 03:26:00+00:00,-1.653044e-08,-6.109e-09,-6.219210000000001e-09,-2.2639440000000003e-08
2026-06-17 03:27:00+00:00,-1.659941e-08,-6.2028e-09,-6.261855000000003e-09,-2.2802210000000002e-08
2026-06-17 03:28:00+00:00,-1.6667310000000002e-08,-6.29617e-09,-6.304339999999998e-09,-2.2963480000000003e-08
2026-06-17 03:29:00+00:00,-1.673314e-08,-6.38858e-09,-6.3465200000000005e-09,-2.312172e-08
2026-06-17 03:30:00+00:00,-1.679541e-08,-6.47894e-09,-6.387485000000002e-09,-2.327435e-08
2026-06-17 03:31:00+00:00,-1.6859230000000003e-08,-6.570850000000001e-09,-6.429740000000001e-09,-2.3430080000000004e-08
2026-06-17 03:32:00+00:00,-1.692346e-08,-6.66276e-09,-6.471360000000001e-09,-2.358622e-08
2026-06-17 03:33:00+00:00,-1.6983930000000003e-08,-6.7533899999999996e-09,-6.5131e-09,-2.3737320000000002e-08
2026-06-17 03:34:00+00:00,-1.704414e-08,-6.8439500000000005e-09,-6.5549450000000005e-09,-2.3888089999999997e-08
2026-06-17 03:35:00+00:00,-1.710279e-08,-6.93394e-09,-6.5967550000000024e-09,-2.403673e-08
2026-06-17 03:36:00+00:00,-1.715972e-08,-7.02306e-09,-6.638169999999999e-09,-2.418278e-08
2026-06-17 03:37:00+00:00,-1.7213080000000002e-08,-7.11008e-09,-6.678300000000001e-09,-2.4323160000000004e-08
2026-06-17 03:38:00+00:00,-1.726945e-08,-7.19905e-09,-6.7192100000000004e-09,-2.44685e-08
2026-06-17 03:39:00+00:00,-1.732294e-08,-7.28712e-09,-6.760500000000001e-09,-2.461006e-08
2026-06-17 03:40:00+00:00,-1.737467e-08,-7.374430000000001e-09,-6.801300000000001e-09,-2.47491e-08
2026-06-17 03:41:00+00:00,-1.742562e-08,-7.461560000000001e-09,-6.84235e-09,-2.488718e-08
2026-06-17 03:42:00+00:00,-1.747516e-08,-7.54816e-09,-6.883230000000002e-09,-2.502332e-08
2026-06-17 03:43:00+00:00,-1.75204e-08,-7.63184e-09,-6.9223e-09,-2.515224e-08
2026-06-17 03:44:00+00:00,-1.7569040000000003e-08,-7.71784e-09,-6.962370000000002e-09,-2.528688e-08
2026-06-17 03:45:00+00:00,-1.7614809999999998e-08,-7.80299e-09,-7.0028600000000024e-09,-2.54178e-08
2026-06-17 03:46:00+00:00,-1.765871e-08,-7.887320000000001e-09,-7.042775000000001e-09,-2.554603e-08
2026-06-17 03:47:00+00:00,-1.770187e-08,-7.97148e-09,-7.0829449999999995e-09,-2.567335e-08
2026-06-17 03:48:00+00:00,-1.774372e-08,-8.055160000000001e-09,-7.122960000000002e-09,-2.579888e-08
2026-06-17 03:49:00+00:00,-1.778173e-08,-8.13629e-09,-7.161360000000003e-09,-2.591802e-08
2026-06-17 03:50:00+00:00,-1.782208e-08,-8.218830000000001e-09,-7.200245000000001e-09,-2.6040910000000002e-08
2026-06-17 03:51:00+00:00,-1.7860050000000002e-08,-8.300990000000001e-09,-7.239760000000001e-09,-2.6161040000000005e-08
2026-06-17 03:52:00+00:00,-1.789677e-08,-8.38266e-09,-7.279135e-09,-2.627943e-08
2026-06-17 03:53:00+00:00,-1.7931690000000002e-08,-8.46351e-09,-7.317929999999999e-09,-2.6395200000000003e-08
2026-06-17 03:54:00+00:00,-1.796579e-08,-8.544180000000001e-09,-7.356945000000002e-09,-2.650997e-08
2026-06-17 03:55:00+00:00,-1.799606e-08,-8.622280000000001e-09,-7.3943099999999995e-09,-2.6618340000000003e-08
2026-06-17 03:56:00+00:00,-1.802905e-08,-8.7022e-09,-7.432475000000001e-09,-2.6731250000000003e-08
2026-06-17 03:57:00+00:00,-1.805898e-08,-8.78094e-09,-7.470659999999999e-09,-2.6839920000000002e-08
2026-06-17 03:58:00+00:00,-1.80879e-08,-8.85958e-09,-7.508950000000004e-09,-2.694748e-08
2026-06-17 03:59:00+00:00,-1.811573e-08,-8.93774e-09,-7.546975e-09,-2.7053470000000002e-08
2026-06-17 04:00:00+00:00,-1.8141400000000002e-08,-9.01499e-09,-7.584574999999998e-09,-2.715639e-08
2026-06-17 04:01:00+00:00,-1.816415e-08,-9.090090000000001e-09,-7.62084e-09,-2.7254240000000004e-08
2026-06-17 04:02:00+00:00,-1.81894e-08,-9.1669e-09,-7.657860000000003e-09,-2.73563e-08
2026-06-17 04:03:00+00:00,-1.8211860000000003e-08,-9.24298e-09,-7.69514e-09,-2.7454840000000005e-08
2026-06-17 04:04:00+00:00,-1.823309e-08,-9.31857e-09,-7.732270000000001e-09,-2.7551659999999998e-08
2026-06-17 04:05:00+00:00,-1.825294e-08,-9.393280000000002e-09,-7.768850000000002e-09,-2.764622e-08
2026-06-17 04:06:00+00:00,-1.8271010000000002e-08,-9.46749e-09,-7.805260000000001e-09,-2.77385e-08
2026-06-17 04:07:00+00:00,-1.8286210000000003e-08,-9.53953e-09,-7.8403e-09,-2.7825740000000004e-08
2026-06-17 04:08:00+00:00,-1.830365e-08,-9.61319e-09,-7.876079999999998e-09,-2.791684e-08
2026-06-17 04:09:00+00:00,-1.8318490000000003e-08,-9.686210000000002e-09,-7.912150000000001e-09,-2.8004700000000005e-08
2026-06-17 04:10:00+00:00,-1.833215e-08,-9.75873e-09,-7.947980000000001e-09,-2.8090879999999998e-08
2026-06-17 04:11:00+00:00,-1.8344650000000004e-08,-9.830730000000002e-09,-7.983539999999998e-09,-2.8175380000000008e-08
2026-06-17 04:12:00+00:00,-1.8355360000000004e-08,-9.901820000000002e-09,-8.01866e-09,-2.8257180000000004e-08
2026-06-17 04:13:00+00:00,-1.836454e-08,-9.97242e-09,-8.053540000000001e-09,-2.833696e-08
2026-06-17 04:14:00+00:00,-1.837238e-08,-1.004098e-08,-8.086560000000002e-09,-2.841336e-08
2026-06-17 04:15:00+00:00,-1.837968e-08,-1.0110920000000001e-08,-8.121279999999999e-09,-2.8490600000000002e-08
2026-06-17 04:16:00+00:00,-1.8385660000000004e-08,-1.018031e-08,-8.155715e-09,-2.8565970000000003e-08
2026-06-17 04:17:00+00:00,-1.839061e-08,-1.024922e-08,-8.189895000000004e-09,-2.8639830000000002e-08
2026-06-17 04:18:00+00:00,-1.839414e-08,-1.0317610000000002e-08,-8.223895e-09,-2.8711750000000002e-08
2026-06-17 04:19:00+00:00,-1.839555e-08,-1.038471e-08,-8.257070000000003e-09,-2.878026e-08
2026-06-17 04:20:00+00:00,-1.839599e-08,-1.045016e-08,-8.288695000000001e-09,-2.884615e-08
2026-06-17 04:21:00+00:00,-1.839571e-08,-1.0516970000000001e-08,-8.321939999999999e-09,-2.8912680000000003e-08
2026-06-17 04:22:00+00:00,-1.8394290000000002e-08,-1.0583290000000001e-08,-8.354959999999998e-09,-2.897758e-08
2026-06-17 04:23:00+00:00,-1.839188e-08,-1.064911e-08,-8.387635e-09,-2.9040990000000002e-08
2026-06-17 04:24:00+00:00,-1.838799e-08,-1.0714390000000001e-08,-8.420150000000003e-09,-2.910238e-08
2026-06-17 04:25:00+00:00,-1.8382750000000003e-08,-1.0779120000000002e-08,-8.452355000000001e-09,-2.9161870000000005e-08
2026-06-17 04:26:00+00:00,-1.8373740000000003e-08,-1.0840640000000002e-08,-8.482289999999998e-09,-2.9214380000000005e-08
2026-06-17 04:27:00+00:00,-1.836753e-08,-1.0904430000000001e-08,-8.51361e-09,-2.927196e-08
2026-06-17 04:28:00+00:00,-1.8358760000000002e-08,-1.0967660000000002e-08,-8.545069999999999e-09,-2.9326420000000002e-08
2026-06-17 04:29:00+00:00,-1.834885e-08,-1.103032e-08,-8.576165000000001e-09,-2.937917e-08
2026-06-17 04:30:00+00:00,-1.8337700000000002e-08,-1.1092520000000001e-08,-8.60707e-09,-2.9430220000000003e-08
2026-06-17 04:31:00+00:00,-1.8325310000000003e-08,-1.1154190000000001e-08,-8.63772e-09,-2.9479500000000003e-08
2026-06-17 04:32:00+00:00,-1.8310040000000003e-08,-1.1213390000000001e-08,-8.666624999999999e-09,-2.9523430000000004e-08
2026-06-17 04:33:00+00:00,-1.8295590000000002e-08,-1.12732e-08,-8.695675000000001e-09,-2.9568790000000004e-08
2026-06-17 04:34:00+00:00,-1.8279630000000003e-08,-1.133335e-08,-8.725490000000001e-09,-2.9612980000000002e-08
2026-06-17 04:35:00+00:00,-1.8262640000000004e-08,-1.139297e-08,-8.754974999999998e-09,-2.9655610000000006e-08
2026-06-17 04:36:00+00:00,-1.8244350000000003e-08,-1.1452070000000001e-08,-8.784189999999999e-09,-2.9696420000000005e-08
2026-06-17 04:37:00+00:00,-1.822482e-08,-1.151066e-08,-8.813129999999998e-09,-2.9735480000000002e-08
2026-06-17 04:38:00+00:00,-1.820246e-08,-1.1566750000000002e-08,-8.840315000000001e-09,-2.976921e-08
2026-06-17 04:39:00+00:00,-1.818113e-08,-1.1623810000000001e-08,-8.867919999999998e-09,-2.980494e-08
2026-06-17 04:40:00+00:00,-1.8158020000000003e-08,-1.168053e-08,-8.895765000000002e-09,-2.983855e-08
2026-06-17 04:41:00+00:00,-1.813383e-08,-1.1737090000000002e-08,-8.923540000000003e-09,-2.9870920000000004e-08
2026-06-17 04:42:00+00:00,-1.8108570000000002e-08,-1.1793070000000001e-08,-8.950920000000001e-09,-2.990164e-08
2026-06-17 04:43:00+00:00,-1.808211e-08,-1.18486e-08,-8.978095e-09,-2.993071e-08
2026-06-17 04:44:00+00:00,-1.805306e-08,-1.1901690000000002e-08,-9.003505000000002e-09,-2.995475e-08
2026-06-17 04:45:00+00:00,-1.802535e-08,-1.1956030000000001e-08,-9.029650000000001e-09,-2.998138e-08
2026-06-17 04:46:00+00:00,-1.799477e-08,-1.200958e-08,-9.055525000000001e-09,-3.000435e-08
2026-06-17 04:47:00+00:00,-1.7963670000000002e-08,-1.206275e-08,-9.08125e-09,-3.002642e-08
2026-06-17 04:48:00+00:00,-1.7931650000000002e-08,-1.2115700000000001e-08,-9.106804999999999e-09,-3.0047350000000003e-08
2026-06-17 04:49:00+00:00,-1.7898420000000004e-08,-1.216818e-08,-9.132100000000002e-09,-3.0066600000000005e-08
2026-06-17 04:50:00+00:00,-1.786401e-08,-1.2220160000000001e-08,-9.157085e-09,-3.008417e-08
2026-06-17 04:51:00+00:00,-1.782814e-08,-1.2269470000000001e-08,-9.179904999999998e-09,-3.0097610000000004e-08
2026-06-17 04:52:00+00:00,-1.7790980000000004e-08,-1.232003e-08,-9.203895e-09,-3.011101000000001e-08
2026-06-17 04:53:00+00:00,-1.77533e-08,-1.2370490000000002e-08,-9.227925e-09,-3.0123790000000005e-08
2026-06-17 04:54:00+00:00,-1.771461e-08,-1.242011e-08,-9.25133e-09,-3.013472e-08
2026-06-17 04:55:00+00:00,-1.7674650000000002e-08,-1.246954e-08,-9.274675e-09,-3.014419e-08
2026-06-17 04:56:00+00:00,-1.763371e-08,-1.25185e-08,-9.297685e-09,-3.015221e-08
2026-06-17 04:57:00+00:00,-1.7591470000000003e-08,-1.2564780000000001e-08,-9.318574999999999e-09,-3.015625e-08
2026-06-17 04:58:00+00:00,-1.7548359999999998e-08,-1.2612750000000002e-08,-9.340934999999998e-09,-3.016111e-08
2026-06-17 04:59:00+00:00,-1.750361e-08,-1.265978e-08,-9.362585e-09,-3.016339e-08
2026-06-17 05:00:00+00:00,-1.745853e-08,-1.2706720000000001e-08,-9.384225000000002e-09,-3.016525e-08
2026-06-17 05:01:00+00:00,-1.7412310000000004e-08,-1.275324e-08,-9.405594999999998e-09,-3.016555e-08
2026-06-17 05:02:00+00:00,-1.736497e-08,-1.279889e-08,-9.42634e-09,-3.016386e-08
2026-06-17 05:03:00+00:00,-1.7316490000000002e-08,-1.284217e-08,-9.445220000000002e-09,-3.015866e-08
2026-06-17 05:04:00+00:00,-1.726705e-08,-1.2887150000000001e-08,-9.4655e-09,-3.0154200000000004e-08
2026-06-17 05:05:00+00:00,-1.7216650000000002e-08,-1.2931670000000002e-08,-9.48545e-09,-3.014832e-08
2026-06-17 05:06:00+00:00,-1.7164860000000004e-08,-1.2975230000000001e-08,-9.504645e-09,-3.0140090000000006e-08
2026-06-17 05:07:00+00:00,-1.711245e-08,-1.3018800000000001e-08,-9.523914999999999e-09,-3.013125e-08
2026-06-17 05:08:00+00:00,-1.7058979999999998e-08,-1.306185e-08,-9.542795000000002e-09,-3.012083e-08
2026-06-17 05:09:00+00:00,-1.7004480000000002e-08,-1.310184e-08,-9.55937e-09,-3.010632e-08
2026-06-17 05:10:00+00:00,-1.694907e-08,-1.314393e-08,-9.577520000000004e-09,-3.0093000000000004e-08
2026-06-17 05:11:00+00:00,-1.689269e-08,-1.318554e-08,-9.595345e-09,-3.007823e-08
2026-06-17 05:12:00+00:00,-1.683487e-08,-1.322616e-08,-9.612375000000002e-09,-3.0061029999999997e-08
2026-06-17 05:13:00+00:00,-1.677653e-08,-1.326682e-08,-9.629475000000002e-09,-3.004335e-08
2026-06-17 05:14:00+00:00,-1.671722e-08,-1.3307020000000001e-08,-9.646200000000002e-09,-3.002424e-08
2026-06-17 05:15:00+00:00,-1.665702e-08,-1.3344440000000002e-08,-9.66087e-09,-3.0001460000000006e-08
2026-06-17 05:16:00+00:00,-1.659585e-08,-1.338337e-08,-9.676650000000002e-09,-2.997922e-08
2026-06-17 05:17:00+00:00,-1.653363e-08,-1.3422090000000002e-08,-9.692229999999999e-09,-2.995572e-08
2026-06-17 05:18:00+00:00,-1.647064e-08,-1.34603e-08,-9.707429999999999e-09,-2.993094e-08
2026-06-17 05:19:00+00:00,-1.640618e-08,-1.3497700000000001e-08,-9.72194e-09,-2.990388e-08
2026-06-17 05:20:00+00:00,-1.634126e-08,-1.3535060000000001e-08,-9.736440000000002e-09,-2.9876320000000005e-08
2026-06-17 05:21:00+00:00,-1.6275400000000004e-08,-1.3569580000000002e-08,-9.748850000000002e-09,-2.984498000000001e-08
2026-06-17 05:22:00+00:00,-1.620874e-08,-1.360604e-08,-9.762610000000003e-09,-2.981478e-08
2026-06-17 05:23:00+00:00,-1.614114e-08,-1.364167e-08,-9.775755e-09,-2.9782810000000002e-08
2026-06-17 05:24:00+00:00,-1.607272e-08,-1.36771e-08,-9.78868e-09,-2.974982e-08
2026-06-17 05:25:00+00:00,-1.60028e-08,-1.371168e-08,-9.80089e-09,-2.9714479999999998e-08
2026-06-17 05:26:00+00:00,-1.593253e-08,-1.3746280000000001e-08,-9.813095e-09,-2.9678810000000003e-08
2026-06-17 05:27:00+00:00,-1.586197e-08,-1.3779820000000002e-08,-9.824565e-09,-2.964179e-08
2026-06-17 05:28:00+00:00,-1.578952e-08,-1.38117e-08,-9.834700000000002e-09,-2.960122e-08
2026-06-17 05:29:00+00:00,-1.571666e-08,-1.3844910000000002e-08,-9.845725000000001e-09,-2.956157e-08
2026-06-17 05:30:00+00:00,-1.5643060000000002e-08,-1.3877400000000001e-08,-9.856190000000002e-09,-2.9520460000000003e-08
2026-06-17 05:31:00+00:00,-1.556861e-08,-1.390965e-08,-9.866389999999999e-09,-2.9478259999999998e-08
2026-06-17 05:32:00+00:00,-1.549286e-08,-1.3941090000000001e-08,-9.875925e-09,-2.943395e-08
2026-06-17 05:33:00+00:00,-1.5416670000000002e-08,-1.3972530000000001e-08,-9.88538e-09,-2.9389200000000004e-08
2026-06-17 05:34:00+00:00,-1.533982e-08,-1.4001080000000001e-08,-9.892820000000002e-09,-2.93409e-08
2026-06-17 05:35:00+00:00,-1.52621e-08,-1.403164e-08,-9.901510000000003e-09,-2.929374e-08
2026-06-17 05:36:00+00:00,-1.518355e-08,-1.406176e-08,-9.909775000000002e-09,-2.924531e-08
2026-06-17 05:37:00+00:00,-1.510437e-08,-1.409105e-08,-9.91741e-09,-2.919542e-08
2026-06-17 05:38:00+00:00,-1.502417e-08,-1.412028e-08,-9.924865000000001e-09,-2.914445e-08
2026-06-17 05:39:00+00:00,-1.494288e-08,-1.414866e-08,-9.931580000000001e-09,-2.9091540000000002e-08
2026-06-17 05:40:00+00:00,-1.486148e-08,-1.4174590000000001e-08,-9.936695e-09,-2.9036070000000002e-08
2026-06-17 05:41:00+00:00,-1.47791e-08,-1.420256e-08,-9.94296e-09,-2.898166e-08
2026-06-17 05:42:00+00:00,-1.469592e-08,-1.4230050000000002e-08,-9.948795000000001e-09,-2.892597e-08
2026-06-17 05:43:00+00:00,-1.4612090000000001e-08,-1.4257050000000001e-08,-9.9542e-09,-2.8869140000000004e-08
2026-06-17 05:44:00+00:00,-1.452764e-08,-1.428345e-08,-9.959045000000001e-09,-2.881109e-08
2026-06-17 05:45:00+00:00,-1.444196e-08,-1.43093e-08,-9.963349999999999e-09,-2.875126e-08
2026-06-17 05:46:00+00:00,-1.4356220000000002e-08,-1.433265e-08,-9.966055e-09,-2.868887e-08
2026-06-17 05:47:00+00:00,-1.426943e-08,-1.4358060000000001e-08,-9.969825000000001e-09,-2.862749e-08
2026-06-17 05:48:00+00:00,-1.4182040000000002e-08,-1.4383060000000001e-08,-9.973219999999998e-09,-2.8565100000000003e-08
2026-06-17 05:49:00+00:00,-1.409404e-08,-1.440758e-08,-9.976180000000002e-09,-2.850162e-08
2026-06-17 05:50:00+00:00,-1.4005280000000002e-08,-1.443179e-08,-9.978755000000001e-09,-2.843707e-08
2026-06-17 05:51:00+00:00,-1.3915920000000001e-08,-1.445525e-08,-9.980675000000002e-09,-2.837117e-08
2026-06-17 05:52:00+00:00,-1.3825850000000001e-08,-1.447569e-08,-9.980619999999998e-09,-2.8301540000000003e-08
2026-06-17 05:53:00+00:00,-1.373514e-08,-1.449869e-08,-9.981945e-09,-2.823383e-08
2026-06-17 05:54:00+00:00,-1.3643800000000002e-08,-1.4521300000000001e-08,-9.982859999999999e-09,-2.8165100000000003e-08
2026-06-17 05:55:00+00:00,-1.355176e-08,-1.4543290000000001e-08,-9.983245000000001e-09,-2.8095050000000004e-08
2026-06-17 05:56:00+00:00,-1.3459190000000001e-08,-1.456513e-08,-9.983330000000002e-09,-2.8024320000000003e-08
2026-06-17 05:57:00+00:00,-1.336598e-08,-1.4586520000000001e-08,-9.98296e-09,-2.79525e-08
2026-06-17 05:58:00+00:00,-1.3272440000000001e-08,-1.4604270000000001e-08,-9.980275e-09,-2.7876710000000002e-08
2026-06-17 05:59:00+00:00,-1.3178050000000002e-08,-1.4624910000000001e-08,-9.97909e-09,-2.780296e-08
2026-06-17 06:00:00+00:00,-1.308297e-08,-1.4645110000000002e-08,-9.977420000000002e-09,-2.772808e-08
2026-06-17 06:01:00+00:00,-1.2987460000000002e-08,-1.4664830000000001e-08,-9.975335000000003e-09,-2.765229e-08
2026-06-17 06:02:00+00:00,-1.2891360000000002e-08,-1.468431e-08,-9.972865e-09,-2.7575670000000002e-08
2026-06-17 06:03:00+00:00,-1.2794720000000001e-08,-1.470345e-08,-9.969995000000001e-09,-2.749817e-08
2026-06-17 06:04:00+00:00,-1.2697540000000001e-08,-1.472116e-08,-9.96633e-09,-2.74187e-08
2026-06-17 06:05:00+00:00,-1.2599810000000001e-08,-1.4737450000000001e-08,-9.961189999999998e-09,-2.7337260000000002e-08
2026-06-17 06:06:00+00:00,-1.2501760000000001e-08,-1.475517e-08,-9.956875e-09,-2.725693e-08
2026-06-17 06:07:00+00:00,-1.2403000000000002e-08,-1.4772660000000002e-08,-9.952259999999999e-09,-2.7175660000000002e-08
2026-06-17 06:08:00+00:00,-1.230364e-08,-1.478983e-08,-9.947184999999999e-09,-2.709347e-08
2026-06-17 06:09:00+00:00,-1.2203820000000002e-08,-1.4806730000000001e-08,-9.941734999999999e-09,-2.7010550000000005e-08
2026-06-17 06:10:00+00:00,-1.2103650000000001e-08,-1.482226e-08,-9.935575e-09,-2.6925910000000003e-08
2026-06-17 06:11:00+00:00,-1.200329e-08,-1.4836810000000001e-08,-9.928249999999998e-09,-2.68401e-08
2026-06-17 06:12:00+00:00,-1.1901740000000001e-08,-1.4852150000000001e-08,-9.921165000000003e-09,-2.675389e-08
2026-06-17 06:13:00+00:00,-1.1800300000000001e-08,-1.486736e-08,-9.91386e-09,-2.6667660000000002e-08
2026-06-17 06:14:00+00:00,-1.1698190000000001e-08,-1.488233e-08,-9.906230000000002e-09,-2.658052e-08
2026-06-17 06:15:00+00:00,-1.1595620000000001e-08,-1.489707e-08,-9.898195e-09,-2.649269e-08
2026-06-17 06:16:00+00:00,-1.149259e-08,-1.49104e-08,-9.889445000000001e-09,-2.6402990000000002e-08
2026-06-17 06:17:00+00:00,-1.138966e-08,-1.4922890000000002e-08,-9.879595e-09,-2.631255e-08
2026-06-17 06:18:00+00:00,-1.128558e-08,-1.493619e-08,-9.869965e-09,-2.622177e-08
2026-06-17 06:19:00+00:00,-1.118136e-08,-1.4949590000000003e-08,-9.860225000000001e-09,-2.613095e-08
2026-06-17 06:20:00+00:00,-1.1077e-08,-1.496224e-08,-9.849879999999999e-09,-2.603924e-08
2026-06-17 06:21:00+00:00,-1.0971930000000001e-08,-1.497492e-08,-9.839235000000003e-09,-2.5946850000000002e-08
2026-06-17 06:22:00+00:00,-1.086647e-08,-1.498619e-08,-9.8279e-09,-2.585266e-08
2026-06-17 06:23:00+00:00,-1.076135e-08,-1.499667e-08,-9.815510000000001e-09,-2.5758019999999998e-08
2026-06-17 06:24:00+00:00,-1.065528e-08,-1.5008470000000002e-08,-9.803635e-09,-2.5663750000000004e-08
2026-06-17 06:25:00+00:00,-1.05486e-08,-1.501944e-08,-9.79097e-09,-2.556804e-08
2026-06-17 06:26:00+00:00,-1.044183e-08,-1.50304e-08,-9.778175e-09,-2.5472230000000002e-08
2026-06-17 06:27:00+00:00,-1.0335010000000001e-08,-1.5040950000000003e-08,-9.76486e-09,-2.5375960000000002e-08
2026-06-17 06:28:00+00:00,-1.022745e-08,-1.50502e-08,-9.750954999999998e-09,-2.527765e-08
2026-06-17 06:29:00+00:00,-1.0120480000000001e-08,-1.505883e-08,-9.736024999999998e-09,-2.5179310000000003e-08
2026-06-17 06:30:00+00:00,-1.001243e-08,-1.506867e-08,-9.721510000000002e-09,-2.5081100000000003e-08
2026-06-17 06:31:00+00:00,-9.90419e-09,-1.507825e-08,-9.70661e-09,-2.498244e-08
2026-06-17 06:32:00+00:00,-9.79543e-09,-1.508692e-08,-9.690925000000003e-09,-2.488235e-08
2026-06-17 06:33:00+00:00,-9.68662e-09,-1.5095900000000003e-08,-9.675150000000002e-09,-2.4782520000000003e-08
2026-06-17 06:34:00+00:00,-9.57757e-09,-1.510301e-08,-9.65853e-09,-2.468058e-08
2026-06-17 06:35:00+00:00,-9.469080000000001e-09,-1.510986e-08,-9.64108e-09,-2.457894e-08
2026-06-17 06:36:00+00:00,-9.359540000000001e-09,-1.511792e-08,-9.623999999999999e-09,-2.4477460000000002e-08
2026-06-17 06:37:00+00:00,-9.249800000000001e-09,-1.5125750000000002e-08,-9.606525e-09,-2.437555e-08
2026-06-17 06:38:00+00:00,-9.139590000000001e-09,-1.5132620000000002e-08,-9.588224999999998e-09,-2.427221e-08
2026-06-17 06:39:00+00:00,-9.029410000000001e-09,-1.513985e-08,-9.569879999999999e-09,-2.416926e-08
2026-06-17 06:40:00+00:00,-8.91901e-09,-1.5146800000000002e-08,-9.551085000000001e-09,-2.4065810000000004e-08
2026-06-17 06:41:00+00:00,-8.808450000000001e-09,-1.515189e-08,-9.531509999999998e-09,-2.396034e-08
2026-06-17 06:42:00+00:00,-8.698650000000002e-09,-1.515679e-08,-9.511109999999999e-09,-2.3855440000000002e-08
2026-06-17 06:43:00+00:00,-8.587719999999999e-09,-1.516288e-08,-9.49101e-09,-2.3750599999999997e-08
2026-06-17 06:44:00+00:00,-8.47665e-09,-1.516857e-08,-9.470499999999999e-09,-2.364522e-08
2026-06-17 06:45:00+00:00,-8.36531e-09,-1.517374e-08,-9.449275000000002e-09,-2.353905e-08
2026-06-17 06:46:00+00:00,-8.25399e-09,-1.5179080000000002e-08,-9.427935e-09,-2.3433070000000005e-08
2026-06-17 06:47:00+00:00,-8.1421e-09,-1.51827e-08,-9.40586e-09,-2.33248e-08
2026-06-17 06:48:00+00:00,-8.03187e-09,-1.518581e-08,-9.38289e-09,-2.321768e-08
2026-06-17 06:49:00+00:00,-7.92019e-09,-1.519036e-08,-9.360245000000001e-09,-2.3110550000000003e-08
2026-06-17 06:50:00+00:00,-7.80838e-09,-1.519448e-08,-9.33718e-09,-2.300286e-08
2026-06-17 06:51:00+00:00,-7.6964e-09,-1.519812e-08,-9.313410000000002e-09,-2.289452e-08
2026-06-17 06:52:00+00:00,-7.584490000000001e-09,-1.520195e-08,-9.28952e-09,-2.278644e-08
2026-06-17 06:53:00+00:00,-7.47203e-09,-1.520405e-08,-9.26494e-09,-2.2676080000000003e-08
2026-06-17 06:54:00+00:00,-7.361060000000001e-09,-1.5205870000000002e-08,-9.239535000000001e-09,-2.2566930000000004e-08
2026-06-17 06:55:00+00:00,-7.249340000000001e-09,-1.520877e-08,-9.214325000000003e-09,-2.245811e-08
2026-06-17 06:56:00+00:00,-7.137100000000001e-09,-1.52114e-08,-9.188689999999998e-09,-2.2348500000000003e-08
2026-06-17 06:57:00+00:00,-7.02495e-09,-1.521402e-08,-9.162685000000003e-09,-2.223897e-08
2026-06-17 06:58:00+00:00,-6.91273e-09,-1.521605e-08,-9.136030000000003e-09,-2.2128780000000002e-08
2026-06-17 06:59:00+00:00,-6.800040000000001e-09,-1.521673e-08,-9.108945e-09,-2.201677e-08
2026-06-17 07:00:00+00:00,-6.689e-09,-1.521718e-08,-9.081070000000001e-09,-2.1906180000000002e-08
2026-06-17 07:01:00+00:00,-6.57683e-09,-1.521887e-08,-9.053400000000002e-09,-2.1795700000000002e-08
2026-06-17 07:02:00+00:00,-6.46472e-09,-1.5220400000000002e-08,-9.02533e-09,-2.1685120000000004e-08
2026-06-17 07:03:00+00:00,-6.3529e-09,-1.522129e-08,-8.996765e-09,-2.157419e-08
2026-06-17 07:04:00+00:00,-6.240820000000001e-09,-1.522235e-08,-8.967825e-09,-2.1463170000000003e-08
2026-06-17 07:05:00+00:00,-6.1282e-09,-1.522129e-08,-8.938015000000002e-09,-2.1349490000000002e-08
2026-06-17 07:06:00+00:00,-6.01748e-09,-1.52205e-08,-8.907740000000001e-09,-2.123798e-08
2026-06-17 07:07:00+00:00,-5.905610000000001e-09,-1.5220950000000002e-08,-8.87761e-09,-2.1126560000000003e-08
2026-06-17 07:08:00+00:00,-5.79381e-09,-1.5221200000000002e-08,-8.847035000000001e-09,-2.1015010000000003e-08
2026-06-17 07:09:00+00:00,-5.68204e-09,-1.522106e-08,-8.81604e-09,-2.09031e-08
2026-06-17 07:10:00+00:00,-5.57083e-09,-1.522072e-08,-8.784655000000001e-09,-2.079155e-08
2026-06-17 07:11:00+00:00,-5.45867e-09,-1.5218410000000003e-08,-8.75241e-09,-2.0677080000000003e-08
2026-06-17 07:12:00+00:00,-5.347340000000001e-09,-1.5217940000000002e-08,-8.72026e-09,-2.0565280000000002e-08
2026-06-17 07:13:00+00:00,-5.237390000000001e-09,-1.52158e-08,-8.687175e-09,-2.0453190000000002e-08
2026-06-17 07:14:00+00:00,-5.126280000000001e-09,-1.5214880000000002e-08,-8.6542e-09,-2.034116e-08
2026-06-17 07:15:00+00:00,-5.015270000000001e-09,-1.521362e-08,-8.620805e-09,-2.022889e-08
2026-06-17 07:16:00+00:00,-4.90451e-09,-1.5212400000000003e-08,-8.587024999999999e-09,-2.0116910000000002e-08
2026-06-17 07:17:00+00:00,-4.79354e-09,-1.52091e-08,-8.552560000000001e-09,-2.000264e-08
2026-06-17 07:18:00+00:00,-4.683110000000001e-09,-1.520712e-08,-8.517765e-09,-1.9890230000000002e-08
2026-06-17 07:19:00+00:00,-4.574230000000001e-09,-1.520401e-08,-8.482400000000001e-09,-1.9778240000000004e-08
2026-06-17 07:20:00+00:00,-4.4642e-09,-1.5202070000000002e-08,-8.447055e-09,-1.9666270000000002e-08
2026-06-17 07:21:00+00:00,-4.35423e-09,-1.519973e-08,-8.411250000000002e-09,-1.955396e-08
2026-06-17 07:22:00+00:00,-4.2446300000000005e-09,-1.519751e-08,-8.375100000000003e-09,-1.944214e-08
2026-06-17 07:23:00+00:00,-4.13445e-09,-1.519338e-08,-8.338335000000001e-09,-1.932783e-08
2026-06-17 07:24:00+00:00,-4.0257e-09,-1.5190250000000003e-08,-8.301195e-09,-1.9215950000000002e-08
2026-06-17 07:25:00+00:00,-3.9182e-09,-1.518616e-08,-8.26353e-09,-1.910436e-08
2026-06-17 07:26:00+00:00,-3.8095400000000005e-09,-1.518332e-08,-8.225829999999999e-09,-1.8992860000000002e-08
2026-06-17 07:27:00+00:00,-3.7010000000000004e-09,-1.518004e-08,-8.187740000000002e-09,-1.888104e-08
2026-06-17 07:28:00+00:00,-3.59291e-09,-1.5176920000000002e-08,-8.149284999999999e-09,-1.876983e-08
2026-06-17 07:29:00+00:00,-3.48422e-09,-1.517188e-08,-8.11022e-09,-1.86561e-08
2026-06-17 07:30:00+00:00,-3.3766500000000003e-09,-1.516842e-08,-8.070955e-09,-1.854507e-08
2026-06-17 07:31:00+00:00,-3.2712500000000003e-09,-1.516285e-08,-8.03087e-09,-1.84341e-08
2026-06-17 07:32:00+00:00,-3.1643400000000003e-09,-1.515919e-08,-7.990915e-09,-1.832353e-08
2026-06-17 07:33:00+00:00,-3.0576e-09,-1.515513e-08,-7.950575000000001e-09,-1.821273e-08
2026-06-17 07:34:00+00:00,-2.9512900000000005e-09,-1.515115e-08,-7.90982e-09,-1.810244e-08
2026-06-17 07:35:00+00:00,-2.84442e-09,-1.514529e-08,-7.868505000000002e-09,-1.798971e-08
2026-06-17 07:36:00+00:00,-2.73881e-09,-1.5141090000000002e-08,-7.82705e-09,-1.7879900000000003e-08
2026-06-17 07:37:00+00:00,-2.63503e-09,-1.513542e-08,-7.785005e-09,-1.777045e-08
2026-06-17 07:38:00+00:00,-2.5305900000000005e-09,-1.5130400000000002e-08,-7.742655e-09,-1.7660990000000002e-08
2026-06-17 07:39:00+00:00,-2.42593e-09,-1.512559e-08,-7.700059999999999e-09,-1.755152e-08
2026-06-17 07:40:00+00:00,-2.32177e-09,-1.5120880000000002e-08,-7.657155e-09,-1.744265e-08
2026-06-17 07:41:00+00:00,-2.21705e-09,-1.5114280000000002e-08,-7.613654999999999e-09,-1.733133e-08
2026-06-17 07:42:00+00:00,-2.1136900000000004e-09,-1.510943e-08,-7.570029999999999e-09,-1.722312e-08
2026-06-17 07:43:00+00:00,-2.0122200000000003e-09,-1.510305e-08,-7.525835e-09,-1.7115269999999998e-08
2026-06-17 07:44:00+00:00,-1.90976e-09,-1.509757e-08,-7.481315e-09,-1.700733e-08
2026-06-17 07:45:00+00:00,-1.80791e-09,-1.509195e-08,-7.436650000000001e-09,-1.689986e-08
2026-06-17 07:46:00+00:00,-1.70624e-09,-1.5086670000000002e-08,-7.391625000000001e-09,-1.679291e-08
2026-06-17 07:47:00+00:00,-1.6050000000000001e-09,-1.50813e-08,-7.346220000000001e-09,-1.66863e-08
2026-06-17 07:48:00+00:00,-1.50318e-09,-1.507394e-08,-7.30025e-09,-1.6577120000000002e-08
2026-06-17 07:49:00+00:00,-1.40285e-09,-1.506839e-08,-7.254169999999999e-09,-1.6471240000000003e-08
2026-06-17 07:50:00+00:00,-1.30451e-09,-1.506144e-08,-7.207655000000002e-09,-1.636595e-08
2026-06-17 07:51:00+00:00,-1.20521e-09,-1.505529e-08,-7.160690000000001e-09,-1.6260500000000002e-08
2026-06-17 07:52:00+00:00,-1.10655e-09,-1.504904e-08,-7.113615e-09,-1.615559e-08
2026-06-17 07:53:00+00:00,-1.00812e-09,-1.5043150000000003e-08,-7.0662049999999986e-09,-1.6051270000000003e-08
2026-06-17 07:54:00+00:00,-9.091000000000001e-10,-1.503526e-08,-7.01821e-09,-1.594436e-08
2026-06-17 07:55:00+00:00,-8.117100000000001e-10,-1.5029270000000002e-08,-6.970109999999999e-09,-1.5840980000000003e-08
2026-06-17 07:56:00+00:00,-7.163500000000001e-10,-1.5021810000000003e-08,-6.92161e-09,-1.5738160000000003e-08
2026-06-17 07:57:00+00:00,-6.200900000000001e-10,-1.5015230000000003e-08,-6.8727e-09,-1.5635320000000003e-08
2026-06-17 07:58:00+00:00,-5.241000000000001e-10,-1.5008760000000002e-08,-6.8235900000000004e-09,-1.5532860000000003e-08
2026-06-17 07:59:00+00:00,-4.2882e-10,-1.500249e-08,-6.774195000000001e-09,-1.543131e-08
2026-06-17 08:00:00+00:00,-3.3326000000000005e-10,-1.4993880000000003e-08,-6.72429e-09,-1.5327140000000004e-08
2026-06-17 08:01:00+00:00,-2.3905e-10,-1.498747e-08,-6.674249999999999e-09,-1.522652e-08
2026-06-17 08:02:00+00:00,-1.4698000000000002e-10,-1.497969e-08,-6.623915000000001e-09,-1.512667e-08
2026-06-17 08:03:00+00:00,-5.395e-11,-1.4973200000000002e-08,-6.573245e-09,-1.502715e-08
2026-06-17 08:04:00+00:00,3.859e-11,-1.496592e-08,-6.522055000000001e-09,-1.492733e-08
2026-06-17 08:05:00+00:00,1.3047000000000002e-10,-1.495933e-08,-6.4707800000000015e-09,-1.4828860000000002e-08
2026-06-17 08:06:00+00:00,2.2304e-10,-1.495054e-08,-6.4189299999999995e-09,-1.4727500000000002e-08
2026-06-17 08:07:00+00:00,3.1336000000000004e-10,-1.4943700000000002e-08,-6.36713e-09,-1.4630340000000002e-08
2026-06-17 08:08:00+00:00,4.0190000000000003e-10,-1.493562e-08,-6.31502e-09,-1.453372e-08
2026-06-17 08:09:00+00:00,4.9136e-10,-1.492882e-08,-6.262500000000001e-09,-1.443746e-08
2026-06-17 08:10:00+00:00,5.8039e-10,-1.49217e-08,-6.209665e-09,-1.434131e-08
2026-06-17 08:11:00+00:00,6.684700000000001e-10,-1.4914440000000002e-08,-6.1564349999999995e-09,-1.4245970000000001e-08
2026-06-17 08:12:00+00:00,7.5731e-10,-1.490547e-08,-6.102820000000001e-09,-1.4148160000000002e-08
2026-06-17 08:13:00+00:00,8.442800000000001e-10,-1.4898470000000001e-08,-6.0491050000000005e-09,-1.405419e-08
2026-06-17 08:14:00+00:00,9.2868e-10,-1.4890010000000001e-08,-5.995405e-09,-1.3961330000000001e-08
2026-06-17 08:15:00+00:00,1.0143000000000001e-09,-1.4883050000000001e-08,-5.941155e-09,-1.3868750000000001e-08
2026-06-17 08:16:00+00:00,1.0994200000000001e-09,-1.4875780000000001e-08,-5.8866e-09,-1.3776360000000001e-08
2026-06-17 08:17:00+00:00,1.18357e-09,-1.486834e-08,-5.831645000000001e-09,-1.3684770000000001e-08
2026-06-17 08:18:00+00:00,1.2684800000000002e-09,-1.4859170000000002e-08,-5.776345000000001e-09,-1.3590690000000003e-08
2026-06-17 08:19:00+00:00,1.3514500000000001e-09,-1.4852030000000001e-08,-5.72097e-09,-1.3500580000000001e-08
2026-06-17 08:20:00+00:00,1.4321299999999999e-09,-1.484361e-08,-5.665540000000001e-09,-1.3411480000000001e-08
2026-06-17 08:21:00+00:00,1.51331e-09,-1.48364e-08,-5.6097750000000005e-09,-1.332309e-08
2026-06-17 08:22:00+00:00,1.5943200000000001e-09,-1.482897e-08,-5.553555000000001e-09,-1.323465e-08
2026-06-17 08:23:00+00:00,1.67444e-09,-1.482184e-08,-5.49712e-09,-1.31474e-08
2026-06-17 08:24:00+00:00,1.7550200000000002e-09,-1.4812150000000002e-08,-5.440095e-09,-1.3057130000000002e-08
2026-06-17 08:25:00+00:00,1.8336600000000003e-09,-1.480505e-08,-5.383145000000001e-09,-1.297139e-08
2026-06-17 08:26:00+00:00,1.91161e-09,-1.4797840000000001e-08,-5.325915e-09,-1.2886230000000001e-08
2026-06-17 08:27:00+00:00,1.98732e-09,-1.4789370000000001e-08,-5.268725000000001e-09,-1.280205e-08
2026-06-17 08:28:00+00:00,2.0636100000000005e-09,-1.478177e-08,-5.21113e-09,-1.271816e-08
2026-06-17 08:29:00+00:00,2.1393000000000003e-09,-1.477467e-08,-5.153175e-09,-1.263537e-08
2026-06-17 08:30:00+00:00,2.21547e-09,-1.4764900000000001e-08,-5.094614999999999e-09,-1.2549430000000002e-08
2026-06-17 08:31:00+00:00,2.28964e-09,-1.4757770000000002e-08,-5.036185000000001e-09,-1.2468130000000001e-08
2026-06-17 08:32:00+00:00,2.36306e-09,-1.475062e-08,-4.9774899999999995e-09,-1.238756e-08
2026-06-17 08:33:00+00:00,2.4342100000000004e-09,-1.4742190000000002e-08,-4.91891e-09,-1.230798e-08
2026-06-17 08:34:00+00:00,2.5062600000000004e-09,-1.473476e-08,-4.85971e-09,-1.22285e-08
2026-06-17 08:35:00+00:00,2.57698e-09,-1.4727560000000002e-08,-4.800479999999999e-09,-1.2150580000000003e-08
2026-06-17 08:36:00+00:00,2.6487e-09,-1.471821e-08,-4.740635e-09,-1.2069510000000001e-08
2026-06-17 08:37:00+00:00,2.71799e-09,-1.4710800000000001e-08,-4.680725e-09,-1.1992810000000001e-08
2026-06-17 08:38:00+00:00,2.7866300000000003e-09,-1.4703810000000001e-08,-4.6206699999999995e-09,-1.1917180000000001e-08
2026-06-17 08:39:00+00:00,2.85308e-09,-1.469538e-08,-4.5607700000000006e-09,-1.18423e-08
2026-06-17 08:40:00+00:00,2.92013e-09,-1.4688370000000001e-08,-4.50027e-09,-1.176824e-08
2026-06-17 08:41:00+00:00,2.9865400000000003e-09,-1.468116e-08,-4.439550000000001e-09,-1.1694620000000001e-08
2026-06-17 08:42:00+00:00,3.0530900000000003e-09,-1.467175e-08,-4.37856e-09,-1.161866e-08
2026-06-17 08:43:00+00:00,3.1176400000000004e-09,-1.4664820000000001e-08,-4.3174200000000006e-09,-1.1547180000000002e-08
2026-06-17 08:44:00+00:00,3.1812e-09,-1.465753e-08,-4.256025000000001e-09,-1.147633e-08
2026-06-17 08:45:00+00:00,3.24269e-09,-1.464937e-08,-4.1949499999999995e-09,-1.140668e-08
2026-06-17 08:46:00+00:00,3.30475e-09,-1.464252e-08,-4.133225000000002e-09,-1.133777e-08
2026-06-17 08:47:00+00:00,3.3661400000000005e-09,-1.4635400000000002e-08,-4.07125e-09,-1.1269260000000002e-08
2026-06-17 08:48:00+00:00,3.4279900000000003e-09,-1.462637e-08,-4.00892e-09,-1.119838e-08
2026-06-17 08:49:00+00:00,3.48716e-09,-1.4619440000000001e-08,-3.946779999999999e-09,-1.1132280000000002e-08
2026-06-17 08:50:00+00:00,3.5455800000000005e-09,-1.4612410000000002e-08,-3.8842450000000006e-09,-1.1066830000000001e-08
2026-06-17 08:51:00+00:00,3.6019600000000002e-09,-1.4604430000000001e-08,-3.822085000000001e-09,-1.100247e-08
2026-06-17 08:52:00+00:00,3.6588500000000005e-09,-1.459775e-08,-3.7592e-09,-1.09389e-08
2026-06-17 08:53:00+00:00,3.71507e-09,-1.4590880000000001e-08,-3.696145e-09,-1.0875810000000002e-08
2026-06-17 08:54:00+00:00,3.770150000000001e-09,-1.4584410000000002e-08,-3.6329399999999997e-09,-1.081426e-08
2026-06-17 08:55:00+00:00,3.8259e-09,-1.457564e-08,-3.5693500000000003e-09,-1.074974e-08
2026-06-17 08:56:00+00:00,3.87893e-09,-1.456899e-08,-3.50596e-09,-1.069006e-08
2026-06-17 08:57:00+00:00,3.92989e-09,-1.456085e-08,-3.44278e-09,-1.0630960000000002e-08
2026-06-17 08:58:00+00:00,3.98141e-09,-1.455457e-08,-3.37892e-09,-1.057316e-08
2026-06-17 08:59:00+00:00,4.03228e-09,-1.454793e-08,-3.3148650000000002e-09,-1.051565e-08
2026-06-17 09:00:00+00:00,4.08196e-09,-1.454171e-08,-3.250655e-09,-1.045975e-08
2026-06-17 09:01:00+00:00,4.132360000000001e-09,-1.4533160000000002e-08,-3.18609e-09,-1.04008e-08
2026-06-17 09:02:00+00:00,4.18023e-09,-1.452712e-08,-3.121605e-09,-1.0346890000000001e-08
2026-06-17 09:03:00+00:00,4.22718e-09,-1.4521100000000002e-08,-3.0569799999999995e-09,-1.0293920000000002e-08
2026-06-17 09:04:00+00:00,4.27154e-09,-1.451315e-08,-2.993005000000001e-09,-1.0241610000000001e-08
2026-06-17 09:05:00+00:00,4.31691e-09,-1.450678e-08,-2.9280350000000015e-09,-1.0189869999999999e-08
2026-06-17 09:06:00+00:00,4.36109e-09,-1.45009e-08,-2.8629949999999998e-09,-1.0139809999999999e-08
2026-06-17 09:07:00+00:00,4.40593e-09,-1.4492710000000001e-08,-2.79758e-09,-1.0086780000000002e-08
2026-06-17 09:08:00+00:00,4.448240000000001e-09,-1.4487000000000001e-08,-2.73227e-09,-1.0038760000000001e-08
2026-06-17 09:09:00+00:00,4.48958e-09,-1.4481310000000002e-08,-2.6668050000000003e-09,-9.991730000000001e-09
2026-06-17 09:10:00+00:00,4.52869e-09,-1.4473880000000001e-08,-2.6019249999999996e-09,-9.945190000000002e-09
2026-06-17 09:11:00+00:00,4.56816e-09,-1.4467790000000002e-08,-2.536414999999999e-09,-9.899630000000002e-09
2026-06-17 09:12:00+00:00,4.60671e-09,-1.4462260000000001e-08,-2.4706249999999994e-09,-9.855550000000001e-09
2026-06-17 09:13:00+00:00,4.6458899999999996e-09,-1.445436e-08,-2.404465e-09,-9.808470000000002e-09
2026-06-17 09:14:00+00:00,4.6825200000000005e-09,-1.4449000000000001e-08,-2.3384299999999998e-09,-9.76648e-09
2026-06-17 09:15:00+00:00,4.71817e-09,-1.4443740000000002e-08,-2.2723049999999996e-09,-9.725570000000002e-09
2026-06-17 09:16:00+00:00,4.75179e-09,-1.443719e-08,-2.2068000000000003e-09,-9.685399999999999e-09
2026-06-17 09:17:00+00:00,4.78557e-09,-1.4431300000000002e-08,-2.140465e-09,-9.645730000000002e-09
2026-06-17 09:18:00+00:00,4.81815e-09,-1.442592e-08,-2.0742150000000008e-09,-9.60777e-09
2026-06-17 09:19:00+00:00,4.85161e-09,-1.4418430000000002e-08,-2.00746e-09,-9.566820000000001e-09
2026-06-17 09:20:00+00:00,4.882430000000001e-09,-1.4413520000000002e-08,-1.940835000000001e-09,-9.53109e-09
2026-06-17 09:21:00+00:00,4.9122700000000004e-09,-1.440871e-08,-1.8741200000000006e-09,-9.496439999999999e-09
2026-06-17 09:22:00+00:00,4.94013e-09,-1.4402480000000001e-08,-1.808115e-09,-9.462350000000001e-09
2026-06-17 09:23:00+00:00,4.96788e-09,-1.439738e-08,-1.7412799999999998e-09,-9.4295e-09
2026-06-17 09:24:00+00:00,4.9950400000000006e-09,-1.4392440000000002e-08,-1.6742999999999997e-09,-9.397400000000001e-09
2026-06-17 09:25:00+00:00,5.02247e-09,-1.4385120000000001e-08,-1.6072449999999999e-09,-9.36265e-09
2026-06-17 09:26:00+00:00,5.04742e-09,-1.4380620000000001e-08,-1.5401399999999992e-09,-9.3332e-09
2026-06-17 09:27:00+00:00,5.07141e-09,-1.4376200000000002e-08,-1.472975e-09,-9.304790000000002e-09
2026-06-17 09:28:00+00:00,5.093470000000001e-09,-1.437047e-08,-1.4065900000000006e-09,-9.277e-09
2026-06-17 09:29:00+00:00,5.11545e-09,-1.436624e-08,-1.339315000000001e-09,-9.25079e-09
2026-06-17 09:30:00+00:00,5.136510000000001e-09,-1.4361340000000001e-08,-1.2719749999999994e-09,-9.22483e-09
2026-06-17 09:31:00+00:00,5.1582e-09,-1.435473e-08,-1.2043350000000005e-09,-9.19653e-09
2026-06-17 09:32:00+00:00,5.17711e-09,-1.435046e-08,-1.137105e-09,-9.173350000000001e-09
2026-06-17 09:33:00+00:00,5.1951200000000006e-09,-1.4346550000000002e-08,-1.0695949999999998e-09,-9.151430000000002e-09
2026-06-17 09:34:00+00:00,5.21132e-09,-1.43413e-08,-1.0029500000000003e-09,-9.12998e-09
2026-06-17 09:35:00+00:00,5.22734e-09,-1.433752e-08,-9.353600000000002e-10,-9.11018e-09
2026-06-17 09:36:00+00:00,5.24262e-09,-1.4333480000000001e-08,-8.677100000000007e-10,-9.09086e-09
2026-06-17 09:37:00+00:00,5.25817e-09,-1.4326990000000002e-08,-7.998799999999999e-10,-9.068820000000002e-09
2026-06-17 09:38:00+00:00,5.27124e-09,-1.432344e-08,-7.321900000000001e-10,-9.0522e-09
2026-06-17 09:39:00+00:00,5.28313e-09,-1.4319780000000001e-08,-6.646850000000005e-10,-9.036650000000001e-09
2026-06-17 09:40:00+00:00,5.2941800000000004e-09,-1.431641e-08,-5.969449999999998e-10,-9.02223e-09
2026-06-17 09:41:00+00:00,5.3034700000000005e-09,-1.431172e-08,-5.301349999999996e-10,-9.008249999999999e-09
2026-06-17 09:42:00+00:00,5.31274e-09,-1.43082e-08,-4.623200000000001e-10,-8.99546e-09
2026-06-17 09:43:00+00:00,5.322260000000001e-09,-1.430219e-08,-3.9436500000000053e-10,-8.97993e-09
2026-06-17 09:44:00+00:00,5.3293100000000005e-09,-1.4299160000000001e-08,-3.265649999999996e-10,-8.96985e-09
2026-06-17 09:45:00+00:00,5.335370000000001e-09,-1.429619e-08,-2.587400000000013e-10,-8.960819999999999e-09
2026-06-17 09:46:00+00:00,5.3402500000000005e-09,-1.4293130000000001e-08,-1.9116999999999964e-10,-8.95288e-09
2026-06-17 09:47:00+00:00,5.34364e-09,-1.428895e-08,-1.2434500000000083e-10,-8.945310000000001e-09
2026-06-17 09:48:00+00:00,5.3468700000000006e-09,-1.428591e-08,-5.6490000000001044e-11,-8.939040000000001e-09
2026-06-17 09:49:00+00:00,5.35058e-09,-1.4280760000000002e-08,1.1540000000000106e-11,-8.930180000000002e-09
2026-06-17 09:50:00+00:00,5.35142e-09,-1.4277900000000002e-08,7.926000000000056e-11,-8.92648e-09
2026-06-17 09:51:00+00:00,5.351440000000001e-09,-1.427545e-08,1.4705499999999994e-10,-8.92401e-09
2026-06-17 09:52:00+00:00,5.350410000000001e-09,-1.42731e-08,2.1482499999999938e-10,-8.92269e-09
2026-06-17 09:53:00+00:00,5.34781e-09,-1.426912e-08,2.8128499999999956e-10,-8.92131e-09
2026-06-17 09:54:00+00:00,5.34502e-09,-1.426663e-08,3.4905499999999994e-10,-8.92161e-09
2026-06-17 09:55:00+00:00,5.3427e-09,-1.426202e-08,4.1698999999999935e-10,-8.919320000000001e-09
2026-06-17 09:56:00+00:00,5.3375100000000005e-09,-1.4259630000000001e-08,4.845699999999997e-10,-8.92212e-09
2026-06-17 09:57:00+00:00,5.33152e-09,-1.4257730000000001e-08,5.522150000000004e-10,-8.92621e-09
2026-06-17 09:58:00+00:00,5.32452e-09,-1.425587e-08,6.198250000000001e-10,-8.931350000000001e-09
2026-06-17 09:59:00+00:00,5.31606e-09,-1.425265e-08,6.863049999999995e-10,-8.93659e-09
2026-06-17 10:00:00+00:00,5.30727e-09,-1.425067e-08,7.538600000000004e-10,-8.943400000000001e-09
2026-06-17 10:01:00+00:00,5.297220000000001e-09,-1.4248830000000001e-08,8.210849999999992e-10,-8.951610000000001e-09
2026-06-17 10:02:00+00:00,5.28787e-09,-1.424479e-08,8.887400000000004e-10,-8.95692e-09
2026-06-17 10:03:00+00:00,5.27573e-09,-1.424301e-08,9.560099999999997e-10,-8.96728e-09
2026-06-17 10:04:00+00:00,5.26276e-09,-1.4241690000000002e-08,1.023345e-09,-8.978930000000001e-09
2026-06-17 10:05:00+00:00,5.248420000000001e-09,-1.423894e-08,1.08947e-09,-8.99052e-09
2026-06-17 10:06:00+00:00,5.23369e-09,-1.4237410000000002e-08,1.1567000000000008e-09,-9.003720000000002e-09
2026-06-17 10:07:00+00:00,5.217710000000001e-09,-1.4236390000000001e-08,1.2238400000000002e-09,-9.01868e-09
2026-06-17 10:08:00+00:00,5.20239e-09,-1.42326e-08,1.2908650000000002e-09,-9.03021e-09
2026-06-17 10:09:00+00:00,5.18441e-09,-1.4231690000000002e-08,1.3578500000000004e-09,-9.047280000000001e-09
2026-06-17 10:10:00+00:00,5.16536e-09,-1.423045e-08,1.424645e-09,-9.065090000000001e-09
2026-06-17 10:11:00+00:00,5.14528e-09,-1.4228170000000001e-08,1.4903350000000005e-09,-9.08289e-09
2026-06-17 10:12:00+00:00,5.1243700000000006e-09,-1.422754e-08,1.5570849999999995e-09,-9.10317e-09
2026-06-17 10:13:00+00:00,5.1027e-09,-1.422659e-08,1.6237849999999999e-09,-9.123890000000001e-09
2026-06-17 10:14:00+00:00,5.08151e-09,-1.422349e-08,1.6905900000000005e-09,-9.14198e-09
2026-06-17 10:15:00+00:00,5.057680000000001e-09,-1.4222860000000001e-08,1.7568099999999999e-09,-9.16518e-09
2026-06-17 10:16:00+00:00,5.03275e-09,-1.422214e-08,1.8230649999999998e-09,-9.189389999999999e-09
2026-06-17 10:17:00+00:00,5.0070100000000005e-09,-1.4221830000000002e-08,1.88936e-09,-9.214820000000002e-09
2026-06-17 10:18:00+00:00,4.98017e-09,-1.422013e-08,1.95436e-09,-9.23996e-09
2026-06-17 10:19:00+00:00,4.9527e-09,-1.421964e-08,2.02047e-09,-9.26694e-09
2026-06-17 10:20:00+00:00,4.92566e-09,-1.4217040000000002e-08,2.0866600000000003e-09,-9.291380000000002e-09
2026-06-17 10:21:00+00:00,4.89601e-09,-1.4217120000000001e-08,2.1525349999999997e-09,-9.32111e-09
2026-06-17 10:22:00+00:00,4.86543e-09,-1.4216970000000001e-08,2.21802e-09,-9.351540000000002e-09
2026-06-17 10:23:00+00:00,4.83379e-09,-1.421674e-08,2.2835050000000006e-09,-9.382950000000001e-09
2026-06-17 10:24:00+00:00,4.801370000000001e-09,-1.421538e-08,2.3477749999999996e-09,-9.41401e-09
2026-06-17 10:25:00+00:00,4.768160000000001e-09,-1.4215410000000002e-08,2.413195e-09,-9.447250000000002e-09
2026-06-17 10:26:00+00:00,4.73534e-09,-1.421322e-08,2.4786699999999997e-09,-9.47788e-09
2026-06-17 10:27:00+00:00,4.7000200000000005e-09,-1.4213690000000001e-08,2.543805e-09,-9.51367e-09
2026-06-17 10:28:00+00:00,4.66372e-09,-1.4214260000000001e-08,2.6088100000000002e-09,-9.550540000000001e-09
2026-06-17 10:29:00+00:00,4.62648e-09,-1.4214250000000001e-08,2.6732249999999995e-09,-9.58777e-09
2026-06-17 10:30:00+00:00,4.58847e-09,-1.421336e-08,2.7366650000000007e-09,-9.62489e-09
2026-06-17 10:31:00+00:00,4.54967e-09,-1.4213620000000002e-08,2.801275e-09,-9.663950000000002e-09
2026-06-17 10:32:00+00:00,4.51126e-09,-1.4211900000000001e-08,2.86591e-09,-9.700640000000001e-09
2026-06-17 10:33:00+00:00,4.470320000000001e-09,-1.42128e-08,2.9301900000000006e-09,-9.74248e-09
2026-06-17 10:34:00+00:00,4.42845e-09,-1.4213810000000001e-08,2.9943300000000008e-09,-9.78536e-09
2026-06-17 10:35:00+00:00,4.38563e-09,-1.4214790000000001e-08,3.0583100000000008e-09,-9.829160000000001e-09
2026-06-17 10:36:00+00:00,4.342290000000001e-09,-1.4213570000000001e-08,3.1203500000000003e-09,-9.87128e-09
2026-06-17 10:37:00+00:00,4.29796e-09,-1.42143e-08,3.18404e-09,-9.91634e-09
2026-06-17 10:38:00+00:00,4.254050000000001e-09,-1.421292e-08,3.2477150000000005e-09,-9.95887e-09
2026-06-17 10:39:00+00:00,4.20763e-09,-1.4214180000000002e-08,3.3110350000000007e-09,-1.0006550000000002e-08
2026-06-17 10:40:00+00:00,4.16034e-09,-1.4215470000000001e-08,3.374185e-09,-1.0055130000000001e-08
2026-06-17 10:41:00+00:00,4.11213e-09,-1.421688e-08,3.4371649999999997e-09,-1.010475e-08
2026-06-17 10:42:00+00:00,4.06345e-09,-1.4216720000000001e-08,3.4986350000000003e-09,-1.0153270000000002e-08
2026-06-17 10:43:00+00:00,4.0138e-09,-1.421717e-08,3.560795e-09,-1.0203370000000001e-08
2026-06-17 10:44:00+00:00,3.964560000000001e-09,-1.4215980000000002e-08,3.6234200000000003e-09,-1.0251420000000002e-08
2026-06-17 10:45:00+00:00,3.91285e-09,-1.4217610000000002e-08,3.68567e-09,-1.0304760000000002e-08
2026-06-17 10:46:00+00:00,3.860250000000001e-09,-1.4219260000000002e-08,3.747725e-09,-1.035901e-08
2026-06-17 10:47:00+00:00,3.80678e-09,-1.422097e-08,3.8096050000000005e-09,-1.041419e-08
2026-06-17 10:48:00+00:00,3.75296e-09,-1.4221050000000001e-08,3.869905e-09,-1.046809e-08
2026-06-17 10:49:00+00:00,3.69801e-09,-1.4222020000000001e-08,3.931195000000001e-09,-1.0524010000000002e-08
2026-06-17 10:50:00+00:00,3.64371e-09,-1.4220960000000001e-08,3.992375e-09,-1.0577250000000001e-08
2026-06-17 10:51:00+00:00,3.5868400000000004e-09,-1.4222840000000001e-08,4.0534400000000004e-09,-1.0636e-08
2026-06-17 10:52:00+00:00,3.5291e-09,-1.4224750000000001e-08,4.114305e-09,-1.0695650000000001e-08
2026-06-17 10:53:00+00:00,3.47055e-09,-1.4226680000000001e-08,4.174955000000001e-09,-1.075613e-08
2026-06-17 10:54:00+00:00,3.4111600000000005e-09,-1.4228690000000002e-08,4.235395e-09,-1.081753e-08
2026-06-17 10:55:00+00:00,3.35182e-09,-1.4228730000000001e-08,4.294245000000001e-09,-1.0876910000000001e-08
2026-06-17 10:56:00+00:00,3.2922600000000004e-09,-1.422778e-08,4.35422e-09,-1.0935519999999999e-08
2026-06-17 10:57:00+00:00,3.23046e-09,-1.42298e-08,4.4140200000000004e-09,-1.099934e-08
2026-06-17 10:58:00+00:00,3.1679900000000003e-09,-1.423167e-08,4.4732800000000005e-09,-1.106368e-08
2026-06-17 10:59:00+00:00,3.10452e-09,-1.423387e-08,4.5326150000000005e-09,-1.112935e-08
2026-06-17 11:00:00+00:00,3.0402300000000004e-09,-1.423608e-08,4.591725000000001e-09,-1.119585e-08
2026-06-17 11:01:00+00:00,2.97597e-09,-1.423659e-08,4.6491799999999994e-09,-1.126062e-08
2026-06-17 11:02:00+00:00,2.91178e-09,-1.423593e-08,4.708015e-09,-1.1324150000000001e-08
2026-06-17 11:03:00+00:00,2.8452000000000005e-09,-1.4237730000000001e-08,4.766175000000001e-09,-1.139253e-08
2026-06-17 11:04:00+00:00,2.77777e-09,-1.4240040000000002e-08,4.824325e-09,-1.1462270000000002e-08
2026-06-17 11:05:00+00:00,2.70978e-09,-1.424208e-08,4.88196e-09,-1.15323e-08
2026-06-17 11:06:00+00:00,2.64085e-09,-1.4244420000000002e-08,4.9396249999999995e-09,-1.1603570000000001e-08
2026-06-17 11:07:00+00:00,2.57205e-09,-1.4245130000000001e-08,4.99563e-09,-1.167308e-08
2026-06-17 11:08:00+00:00,2.5017800000000004e-09,-1.424715e-08,5.052815e-09,-1.1745369999999999e-08
2026-06-17 11:09:00+00:00,2.43201e-09,-1.4246560000000002e-08,5.109655e-09,-1.1814550000000002e-08
2026-06-17 11:10:00+00:00,2.3601e-09,-1.424888e-08,5.166300000000001e-09,-1.188878e-08
2026-06-17 11:11:00+00:00,2.28739e-09,-1.4251310000000001e-08,5.22269e-09,-1.1963920000000001e-08
2026-06-17 11:12:00+00:00,2.2142200000000002e-09,-1.4253470000000001e-08,5.278535e-09,-1.2039250000000001e-08
2026-06-17 11:13:00+00:00,2.14111e-09,-1.4254270000000001e-08,5.332980000000001e-09,-1.2113160000000002e-08
2026-06-17 11:14:00+00:00,2.0664500000000004e-09,-1.42563e-08,5.388605e-09,-1.218985e-08
2026-06-17 11:15:00+00:00,1.99225e-09,-1.4256230000000001e-08,5.4441e-09,-1.226398e-08
2026-06-17 11:16:00+00:00,1.91602e-09,-1.4258270000000001e-08,5.4989050000000005e-09,-1.2342250000000001e-08
2026-06-17 11:17:00+00:00,1.83906e-09,-1.4260680000000002e-08,5.553690000000001e-09,-1.2421620000000002e-08
2026-06-17 11:18:00+00:00,1.76138e-09,-1.42631e-08,5.60817e-09,-1.250172e-08
2026-06-17 11:19:00+00:00,1.68451e-09,-1.4263540000000002e-08,5.660665000000001e-09,-1.2579030000000003e-08
2026-06-17 11:20:00+00:00,1.60567e-09,-1.4265660000000001e-08,5.7146350000000005e-09,-1.265999e-08
2026-06-17 11:21:00+00:00,1.5272900000000002e-09,-1.4265620000000001e-08,5.768475e-09,-1.273833e-08
2026-06-17 11:22:00+00:00,1.4469900000000002e-09,-1.42676e-08,5.821565e-09,-1.2820610000000001e-08
2026-06-17 11:23:00+00:00,1.36602e-09,-1.426993e-08,5.874655e-09,-1.290391e-08
2026-06-17 11:24:00+00:00,1.28433e-09,-1.4272360000000001e-08,5.9274350000000004e-09,-1.2988030000000002e-08
2026-06-17 11:25:00+00:00,1.2033100000000003e-09,-1.4273040000000001e-08,5.978465e-09,-1.306973e-08
2026-06-17 11:26:00+00:00,1.12086e-09,-1.4274800000000001e-08,6.0304e-09,-1.315394e-08
2026-06-17 11:27:00+00:00,1.03857e-09,-1.4274630000000002e-08,6.0824600000000005e-09,-1.3236060000000001e-08
2026-06-17 11:28:00+00:00,9.543500000000001e-10,-1.4276970000000001e-08,6.134060000000001e-09,-1.3322620000000001e-08
2026-06-17 11:29:00+00:00,8.6964e-10,-1.427887e-08,6.1850749999999996e-09,-1.340923e-08
2026-06-17 11:30:00+00:00,7.842400000000001e-10,-1.4281110000000001e-08,6.236075e-09,-1.3496870000000002e-08
2026-06-17 11:31:00+00:00,6.9821e-10,-1.4283300000000001e-08,6.286745000000001e-09,-1.3585090000000001e-08
2026-06-17 11:32:00+00:00,6.1319e-10,-1.42835e-08,6.3356550000000005e-09,-1.367031e-08
2026-06-17 11:33:00+00:00,5.2757e-10,-1.428295e-08,6.38557e-09,-1.375538e-08
2026-06-17 11:34:00+00:00,4.3977e-10,-1.428516e-08,6.4353250000000004e-09,-1.384539e-08
2026-06-17 11:35:00+00:00,3.514e-10,-1.4287260000000001e-08,6.484730000000001e-09,-1.3935860000000002e-08
2026-06-17 11:36:00+00:00,2.6266e-10,-1.4288850000000002e-08,6.533575e-09,-1.4026190000000002e-08
2026-06-17 11:37:00+00:00,1.7318000000000002e-10,-1.4290910000000001e-08,6.5823550000000005e-09,-1.4117730000000001e-08
2026-06-17 11:38:00+00:00,8.488000000000001e-11,-1.429086e-08,6.629360000000001e-09,-1.420598e-08
2026-06-17 11:39:00+00:00,-4.4900000000000005e-12,-1.4290410000000001e-08,6.67763e-09,-1.4294900000000001e-08
2026-06-17 11:40:00+00:00,-9.520000000000002e-11,-1.429197e-08,6.725125e-09,-1.438717e-08
2026-06-17 11:41:00+00:00,-1.8684000000000002e-10,-1.4293900000000002e-08,6.772620000000001e-09,-1.4480740000000002e-08
2026-06-17 11:42:00+00:00,-2.7881000000000004e-10,-1.42953e-08,6.819485e-09,-1.4574109999999999e-08
2026-06-17 11:43:00+00:00,-3.7144e-10,-1.429701e-08,6.866295000000001e-09,-1.466845e-08
2026-06-17 11:44:00+00:00,-4.6274e-10,-1.42966e-08,6.9113e-09,-1.4759340000000001e-08
2026-06-17 11:45:00+00:00,-5.552300000000001e-10,-1.4295840000000001e-08,6.957555000000001e-09,-1.4851070000000001e-08
2026-06-17 11:46:00+00:00,-6.493600000000001e-10,-1.429746e-08,7.00334e-09,-1.494682e-08
2026-06-17 11:47:00+00:00,-7.4358e-10,-1.4298750000000001e-08,7.048535000000001e-09,-1.5042330000000003e-08
2026-06-17 11:48:00+00:00,-8.3866e-10,-1.4300200000000002e-08,7.093630000000002e-09,-1.5138860000000002e-08
2026-06-17 11:49:00+00:00,-9.339600000000002e-10,-1.4301070000000001e-08,7.138105000000001e-09,-1.523503e-08
2026-06-17 11:50:00+00:00,-1.02815e-09,-1.430068e-08,7.181045e-09,-1.532883e-08
2026-06-17 11:51:00+00:00,-1.1233100000000001e-09,-1.429922e-08,7.225235e-09,-1.542253e-08
2026-06-17 11:52:00+00:00,-1.2201900000000001e-09,-1.4300380000000001e-08,7.2689250000000005e-09,-1.5520570000000002e-08
2026-06-17 11:53:00+00:00,-1.31748e-09,-1.4301480000000001e-08,7.31229e-09,-1.561896e-08
2026-06-17 11:54:00+00:00,-1.41479e-09,-1.430229e-08,7.3550600000000004e-09,-1.571708e-08
2026-06-17 11:55:00+00:00,-1.5127e-09,-1.4302820000000001e-08,7.397410000000001e-09,-1.581552e-08
2026-06-17 11:56:00+00:00,-1.60928e-09,-1.4301890000000001e-08,7.438215000000001e-09,-1.591117e-08
2026-06-17 11:57:00+00:00,-1.7069700000000002e-09,-1.429989e-08,7.48024e-09,-1.600686e-08
2026-06-17 11:58:00+00:00,-1.8062700000000002e-09,-1.43006e-08,7.521805e-09,-1.610687e-08
2026-06-17 11:59:00+00:00,-1.9059600000000003e-09,-1.430122e-08,7.563010000000001e-09,-1.6207180000000002e-08
2026-06-17 12:00:00+00:00,-2.00603e-09,-1.4301780000000002e-08,7.603865e-09,-1.6307810000000002e-08
2026-06-17 12:01:00+00:00,-2.10646e-09,-1.4302170000000001e-08,7.644345000000001e-09,-1.640863e-08
2026-06-17 12:02:00+00:00,-2.2045e-09,-1.430004e-08,7.6824e-09,-1.650454e-08
2026-06-17 12:03:00+00:00,-2.30443e-09,-1.429753e-08,7.72224e-09,-1.660196e-08
2026-06-17 12:04:00+00:00,-2.4058500000000003e-09,-1.4297650000000001e-08,7.761590000000002e-09,-1.67035e-08
2026-06-17 12:05:00+00:00,-2.5076200000000005e-09,-1.4297630000000001e-08,7.800555e-09,-1.680525e-08
2026-06-17 12:06:00+00:00,-2.6096900000000003e-09,-1.4297520000000001e-08,7.839185e-09,-1.690721e-08
2026-06-17 12:07:00+00:00,-2.71209e-09,-1.4297340000000001e-08,7.877435000000001e-09,-1.7009430000000002e-08
2026-06-17 12:08:00+00:00,-2.8148200000000004e-09,-1.4297090000000001e-08,7.915325000000001e-09,-1.7111910000000002e-08
2026-06-17 12:09:00+00:00,-2.9137800000000003e-09,-1.4291490000000001e-08,7.950845e-09,-1.720527e-08
2026-06-17 12:10:00+00:00,-3.0170200000000004e-09,-1.429087e-08,7.987915000000001e-09,-1.730789e-08
2026-06-17 12:11:00+00:00,-3.1205500000000004e-09,-1.4290210000000002e-08,8.02464e-09,-1.7410760000000002e-08
2026-06-17 12:12:00+00:00,-3.2243400000000005e-09,-1.4289440000000001e-08,8.06098e-09,-1.7513780000000003e-08
2026-06-17 12:13:00+00:00,-3.3283900000000003e-09,-1.428853e-08,8.09693e-09,-1.761692e-08
2026-06-17 12:14:00+00:00,-3.43268e-09,-1.428742e-08,8.13248e-09,-1.77201e-08
2026-06-17 12:15:00+00:00,-3.53455e-09,-1.4283810000000001e-08,8.165910000000001e-09,-1.781836e-08
2026-06-17 12:16:00+00:00,-3.6379000000000004e-09,-1.4279880000000001e-08,8.20051e-09,-1.791778e-08
2026-06-17 12:17:00+00:00,-3.74287e-09,-1.427845e-08,8.2349e-09,-1.802132e-08
2026-06-17 12:18:00+00:00,-3.84805e-09,-1.4276840000000001e-08,8.268895e-09,-1.8124890000000003e-08
2026-06-17 12:19:00+00:00,-3.95342e-09,-1.4275090000000001e-08,8.302505000000001e-09,-1.822851e-08
2026-06-17 12:20:00+00:00,-4.05899e-09,-1.427324e-08,8.335735000000001e-09,-1.8332230000000002e-08
2026-06-17 12:21:00+00:00,-4.16227e-09,-1.4269200000000001e-08,8.367125e-09,-1.8431470000000002e-08
2026-06-17 12:22:00+00:00,-4.26704e-09,-1.426433e-08,8.399295e-09,-1.853137e-08
2026-06-17 12:23:00+00:00,-4.372620000000001e-09,-1.4261690000000001e-08,8.431054999999999e-09,-1.8634310000000003e-08
2026-06-17 12:24:00+00:00,-4.47886e-09,-1.4259240000000001e-08,8.4627e-09,-1.87381e-08
2026-06-17 12:25:00+00:00,-4.58524e-09,-1.4256640000000001e-08,8.49394e-09,-1.884188e-08
2026-06-17 12:26:00+00:00,-4.69177e-09,-1.4253880000000001e-08,8.524785e-09,-1.894565e-08
2026-06-17 12:27:00+00:00,-4.79582e-09,-1.4248840000000001e-08,8.553760000000001e-09,-1.904466e-08
2026-06-17 12:28:00+00:00,-4.90148e-09,-1.4243090000000001e-08,8.583495000000002e-09,-1.9144570000000002e-08
2026-06-17 12:29:00+00:00,-5.008350000000001e-09,-1.4239830000000001e-08,8.613159999999999e-09,-1.9248180000000002e-08
2026-06-17 12:30:00+00:00,-5.114790000000001e-09,-1.4236120000000001e-08,8.642135e-09,-1.9350910000000003e-08
2026-06-17 12:31:00+00:00,-5.2218500000000005e-09,-1.423247e-08,8.670940000000001e-09,-1.945432e-08
2026-06-17 12:32:00+00:00,-5.3289700000000005e-09,-1.4228680000000002e-08,8.699345000000001e-09,-1.9557650000000003e-08
2026-06-17 12:33:00+00:00,-5.43354e-09,-1.4222720000000001e-08,8.72594e-09,-1.965626e-08
2026-06-17 12:34:00+00:00,-5.5401200000000005e-09,-1.421642e-08,8.75356e-09,-1.9756540000000002e-08
2026-06-17 12:35:00+00:00,-5.6470300000000005e-09,-1.421158e-08,8.780405e-09,-1.985861e-08
2026-06-17 12:36:00+00:00,-5.754400000000001e-09,-1.4207100000000002e-08,8.807210000000001e-09,-1.9961500000000003e-08
2026-06-17 12:37:00+00:00,-5.861250000000001e-09,-1.420215e-08,8.83334e-09,-2.00634e-08
2026-06-17 12:38:00+00:00,-5.96866e-09,-1.419727e-08,8.859295e-09,-2.016593e-08
2026-06-17 12:39:00+00:00,-6.07348e-09,-1.4190530000000002e-08,8.883465e-09,-2.0264010000000002e-08
2026-06-17 12:40:00+00:00,-6.180170000000001e-09,-1.4182760000000002e-08,8.908574999999999e-09,-2.0362930000000003e-08
2026-06-17 12:41:00+00:00,-6.28761e-09,-1.4177320000000001e-08,8.933305e-09,-2.0464930000000002e-08
2026-06-17 12:42:00+00:00,-6.3946e-09,-1.4171170000000001e-08,8.957275000000002e-09,-2.056577e-08
2026-06-17 12:43:00+00:00,-6.502020000000001e-09,-1.416535e-08,8.981195e-09,-2.066737e-08
2026-06-17 12:44:00+00:00,-6.608790000000001e-09,-1.4158960000000002e-08,9.004415e-09,-2.0767750000000004e-08
2026-06-17 12:45:00+00:00,-6.71611e-09,-1.415269e-08,9.027490000000001e-09,-2.08688e-08
2026-06-17 12:46:00+00:00,-6.81999e-09,-1.414213e-08,9.048729999999999e-09,-2.096212e-08
2026-06-17 12:47:00+00:00,-6.92722e-09,-1.4135460000000002e-08,9.070980000000001e-09,-2.1062680000000002e-08
2026-06-17 12:48:00+00:00,-7.03391e-09,-1.4128040000000002e-08,9.092445000000003e-09,-2.1161950000000002e-08
2026-06-17 12:49:00+00:00,-7.1409700000000004e-09,-1.412092e-08,9.113865000000001e-09,-2.126189e-08
2026-06-17 12:50:00+00:00,-7.24792e-09,-1.411357e-08,9.134835e-09,-2.136149e-08
2026-06-17 12:51:00+00:00,-7.354210000000001e-09,-1.4105740000000002e-08,9.155175000000001e-09,-2.1459950000000002e-08
2026-06-17 12:52:00+00:00,-7.45758e-09,-1.4093920000000001e-08,9.173920000000001e-09,-2.15515e-08
2026-06-17 12:53:00+00:00,-7.56419e-09,-1.408584e-08,9.193615000000002e-09,-2.165003e-08
2026-06-17 12:54:00+00:00,-7.670740000000001e-09,-1.407762e-08,9.21295e-09,-2.174836e-08
2026-06-17 12:55:00+00:00,-7.77662e-09,-1.4068630000000001e-08,9.231484999999999e-09,-2.1845250000000002e-08
2026-06-17 12:56:00+00:00,-7.88287e-09,-1.4059950000000002e-08,9.249970000000002e-09,-2.1942820000000002e-08
2026-06-17 12:57:00+00:00,-7.98891e-09,-1.405093e-08,9.267989999999999e-09,-2.203984e-08
2026-06-17 12:58:00+00:00,-8.091430000000001e-09,-1.4037770000000001e-08,9.28421e-09,-2.2129200000000003e-08
2026-06-17 12:59:00+00:00,-8.19657e-09,-1.402807e-08,9.301200000000001e-09,-2.222464e-08
2026-06-17 13:00:00+00:00,-8.30211e-09,-1.401839e-08,9.317980000000003e-09,-2.23205e-08
2026-06-17 13:01:00+00:00,-8.406960000000001e-09,-1.400797e-08,9.333985e-09,-2.2414930000000003e-08
2026-06-17 13:02:00+00:00,-8.51212e-09,-1.399775e-08,9.349945e-09,-2.250987e-08
2026-06-17 13:03:00+00:00,-8.617070000000001e-09,-1.398734e-08,9.365475e-09,-2.260441e-08
2026-06-17 13:04:00+00:00,-8.718400000000001e-09,-1.397273e-08,9.379175e-09,-2.2691130000000003e-08
2026-06-17 13:05:00+00:00,-8.82288e-09,-1.39618e-08,9.393860000000001e-09,-2.278468e-08
2026-06-17 13:06:00+00:00,-8.9265e-09,-1.3950270000000001e-08,9.407875e-09,-2.287677e-08
2026-06-17 13:07:00+00:00,-9.03047e-09,-1.3938780000000001e-08,9.421695e-09,-2.296925e-08
2026-06-17 13:08:00+00:00,-9.13369e-09,-1.3926570000000001e-08,9.434770000000001e-09,-2.306026e-08
2026-06-17 13:09:00+00:00,-9.23715e-09,-1.3914560000000001e-08,9.447765e-09,-2.315171e-08
2026-06-17 13:10:00+00:00,-9.336980000000001e-09,-1.3898410000000001e-08,9.458935000000001e-09,-2.323539e-08
2026-06-17 13:11:00+00:00,-9.439870000000002e-09,-1.388586e-08,9.471085000000002e-09,-2.332573e-08
2026-06-17 13:12:00+00:00,-9.542450000000002e-09,-1.3873030000000001e-08,9.482800000000002e-09,-2.3415480000000002e-08
2026-06-17 13:13:00+00:00,-9.64414e-09,-1.3859680000000002e-08,9.4939e-09,-2.3503820000000002e-08
2026-06-17 13:14:00+00:00,-9.7461e-09,-1.384624e-08,9.504770000000001e-09,-2.359234e-08
2026-06-17 13:15:00+00:00,-9.847200000000001e-09,-1.383208e-08,9.51487e-09,-2.367928e-08
2026-06-17 13:16:00+00:00,-9.94517e-09,-1.3814370000000001e-08,9.52354e-09,-2.375954e-08
2026-06-17 13:17:00+00:00,-1.004617e-08,-1.3800150000000001e-08,9.53317e-09,-2.3846320000000003e-08
2026-06-17 13:18:00+00:00,-1.01468e-08,-1.3785640000000001e-08,9.54239e-09,-2.393244e-08
2026-06-17 13:19:00+00:00,-1.024701e-08,-1.3770730000000001e-08,9.55112e-09,-2.401774e-08
2026-06-17 13:20:00+00:00,-1.03463e-08,-1.3755390000000002e-08,9.559295e-09,-2.410169e-08
2026-06-17 13:21:00+00:00,-1.044526e-08,-1.373951e-08,9.566905e-09,-2.418477e-08
2026-06-17 13:22:00+00:00,-1.0544370000000002e-08,-1.372378e-08,9.574414999999999e-09,-2.4268150000000004e-08
2026-06-17 13:23:00+00:00,-1.0639740000000001e-08,-1.3704010000000001e-08,9.580115e-09,-2.4343750000000003e-08
2026-06-17 13:24:00+00:00,-1.0738060000000001e-08,-1.368771e-08,9.586805e-09,-2.4425770000000003e-08
2026-06-17 13:25:00+00:00,-1.083595e-08,-1.3671090000000001e-08,9.593070000000001e-09,-2.4507040000000002e-08
2026-06-17 13:26:00+00:00,-1.093345e-08,-1.365416e-08,9.598945e-09,-2.4587610000000003e-08
2026-06-17 13:27:00+00:00,-1.102983e-08,-1.36366e-08,9.604145e-09,-2.4666430000000002e-08
2026-06-17 13:28:00+00:00,-1.112585e-08,-1.3618570000000001e-08,9.60882e-09,-2.474442e-08
2026-06-17 13:29:00+00:00,-1.121871e-08,-1.35971e-08,9.612065e-09,-2.481581e-08
2026-06-17 13:30:00+00:00,-1.1314370000000002e-08,-1.3578900000000002e-08,9.616245000000002e-09,-2.4893270000000003e-08
2026-06-17 13:31:00+00:00,-1.1409560000000001e-08,-1.3560340000000001e-08,9.619990000000001e-09,-2.4969900000000002e-08
2026-06-17 13:32:00+00:00,-1.150428e-08,-1.3541490000000001e-08,9.623335e-09,-2.504577e-08
2026-06-17 13:33:00+00:00,-1.159854e-08,-1.3522330000000001e-08,9.626285e-09,-2.5120870000000002e-08
2026-06-17 13:34:00+00:00,-1.169169e-08,-1.350258e-08,9.628644999999999e-09,-2.519427e-08
2026-06-17 13:35:00+00:00,-1.178107e-08,-1.3478830000000002e-08,9.629080000000002e-09,-2.5259900000000004e-08
2026-06-17 13:36:00+00:00,-1.187374e-08,-1.3458600000000001e-08,9.630730000000002e-09,-2.533234e-08
2026-06-17 13:37:00+00:00,-1.196594e-08,-1.3438110000000001e-08,9.632025e-09,-2.5404050000000003e-08
2026-06-17 13:38:00+00:00,-1.205763e-08,-1.3417310000000002e-08,9.63293e-09,-2.5474940000000002e-08
2026-06-17 13:39:00+00:00,-1.214876e-08,-1.3396150000000001e-08,9.633405000000001e-09,-2.554491e-08
2026-06-17 13:40:00+00:00,-1.223927e-08,-1.337455e-08,9.633409999999998e-09,-2.561382e-08
2026-06-17 13:41:00+00:00,-1.232491e-08,-1.334864e-08,9.631245e-09,-2.567355e-08
2026-06-17 13:42:00+00:00,-1.2414360000000002e-08,-1.3326460000000002e-08,9.6305e-09,-2.5740820000000004e-08
2026-06-17 13:43:00+00:00,-1.2503230000000002e-08,-1.330393e-08,9.629339999999999e-09,-2.5807160000000002e-08
2026-06-17 13:44:00+00:00,-1.2591480000000001e-08,-1.328097e-08,9.627735000000002e-09,-2.587245e-08
2026-06-17 13:45:00+00:00,-1.26792e-08,-1.325775e-08,9.625785e-09,-2.593695e-08
2026-06-17 13:46:00+00:00,-1.276629e-08,-1.3234150000000001e-08,9.623410000000001e-09,-2.6000440000000002e-08
2026-06-17 13:47:00+00:00,-1.284962e-08,-1.320688e-08,9.619310000000001e-09,-2.60565e-08
2026-06-17 13:48:00+00:00,-1.293427e-08,-1.3181930000000001e-08,9.61564e-09,-2.61162e-08
2026-06-17 13:49:00+00:00,-1.3019500000000001e-08,-1.315722e-08,9.612040000000003e-09,-2.617672e-08
2026-06-17 13:50:00+00:00,-1.3104110000000001e-08,-1.31322e-08,9.608065e-09,-2.6236310000000004e-08
2026-06-17 13:51:00+00:00,-1.318812e-08,-1.3106840000000001e-08,9.60371e-09,-2.6294960000000002e-08
2026-06-17 13:52:00+00:00,-1.3271430000000002e-08,-1.308108e-08,9.598935000000001e-09,-2.635251e-08
2026-06-17 13:53:00+00:00,-1.335094e-08,-1.305167e-08,9.592414999999999e-09,-2.6402610000000003e-08
2026-06-17 13:54:00+00:00,-1.34323e-08,-1.302474e-08,9.586510000000001e-09,-2.6457040000000003e-08
2026-06-17 13:55:00+00:00,-1.351362e-08,-1.2997890000000001e-08,9.580555e-09,-2.6511510000000002e-08
2026-06-17 13:56:00+00:00,-1.359366e-08,-1.297048e-08,9.574060000000001e-09,-2.656414e-08
2026-06-17 13:57:00+00:00,-1.3673590000000002e-08,-1.294282e-08,9.567295000000002e-09,-2.6616410000000003e-08
2026-06-17 13:58:00+00:00,-1.3752840000000001e-08,-1.291485e-08,9.560165e-09,-2.666769e-08
2026-06-17 13:59:00+00:00,-1.383157e-08,-1.288468e-08,9.552354999999999e-09,-2.671625e-08
2026-06-17 14:00:00+00:00,-1.3906200000000001e-08,-1.2854640000000001e-08,9.543440000000001e-09,-2.6760840000000002e-08
2026-06-17 14:01:00+00:00,-1.398266e-08,-1.2825070000000001e-08,9.534805e-09,-2.680773e-08
2026-06-17 14:02:00+00:00,-1.405898e-08,-1.279552e-08,9.526080000000001e-09,-2.68545e-08
2026-06-17 14:03:00+00:00,-1.413402e-08,-1.276546e-08,9.516889999999998e-09,-2.6899480000000002e-08
2026-06-17 14:04:00+00:00,-1.4208900000000001e-08,-1.273518e-08,9.50744e-09,-2.6944080000000002e-08
2026-06-17 14:05:00+00:00,-1.4283340000000002e-08,-1.270278e-08,9.49731e-09,-2.6986120000000003e-08
2026-06-17 14:06:00+00:00,-1.435348e-08,-1.2670410000000002e-08,9.486085000000002e-09,-2.7023890000000002e-08
2026-06-17 14:07:00+00:00,-1.4426090000000002e-08,-1.2638920000000001e-08,9.475485000000001e-09,-2.706501e-08
2026-06-17 14:08:00+00:00,-1.4497260000000001e-08,-1.260671e-08,9.464205e-09,-2.710397e-08
2026-06-17 14:09:00+00:00,-1.4568310000000001e-08,-1.257447e-08,9.452850000000002e-09,-2.7142780000000003e-08
2026-06-17 14:10:00+00:00,-1.4637920000000001e-08,-1.254161e-08,9.440975e-09,-2.717953e-08
2026-06-17 14:11:00+00:00,-1.4707660000000001e-08,-1.2507070000000002e-08,9.428575000000003e-09,-2.7214730000000002e-08
2026-06-17 14:12:00+00:00,-1.477324e-08,-1.247227e-08,9.415175e-09,-2.724551e-08
2026-06-17 14:13:00+00:00,-1.4841080000000001e-08,-1.243844e-08,9.40234e-09,-2.7279520000000003e-08
2026-06-17 14:14:00+00:00,-1.490739e-08,-1.240373e-08,9.38877e-09,-2.731112e-08
2026-06-17 14:15:00+00:00,-1.49736e-08,-1.23691e-08,9.37521e-09,-2.73427e-08
2026-06-17 14:16:00+00:00,-1.503894e-08,-1.2334040000000001e-08,9.361259999999999e-09,-2.7372980000000003e-08
2026-06-17 14:17:00+00:00,-1.510321e-08,-1.2296960000000001e-08,9.346515e-09,-2.7400170000000002e-08
2026-06-17 14:18:00+00:00,-1.516378e-08,-1.225977e-08,9.330925000000002e-09,-2.7423549999999997e-08
2026-06-17 14:19:00+00:00,-1.52266e-08,-1.2223470000000002e-08,9.315895000000002e-09,-2.745007e-08
2026-06-17 14:20:00+00:00,-1.528861e-08,-1.218676e-08,9.300505e-09,-2.747537e-08
2026-06-17 14:21:00+00:00,-1.534898e-08,-1.214928e-08,9.28445e-09,-2.7498260000000003e-08
2026-06-17 14:22:00+00:00,-1.54092e-08,-1.211177e-08,9.268365e-09,-2.7520970000000002e-08
2026-06-17 14:23:00+00:00,-1.5468870000000003e-08,-1.207237e-08,9.251520000000002e-09,-2.7541240000000002e-08
2026-06-17 14:24:00+00:00,-1.55237e-08,-1.203261e-08,9.233735e-09,-2.755631e-08
2026-06-17 14:25:00+00:00,-1.558124e-08,-1.1993840000000002e-08,9.216580000000001e-09,-2.757508e-08
2026-06-17 14:26:00+00:00,-1.563795e-08,-1.195469e-08,9.1991e-09,-2.7592640000000002e-08
2026-06-17 14:27:00+00:00,-1.569293e-08,-1.191463e-08,9.1809e-09,-2.7607560000000003e-08
2026-06-17 14:28:00+00:00,-1.5747820000000002e-08,-1.187462e-08,9.16273e-09,-2.7622440000000002e-08
2026-06-17 14:29:00+00:00,-1.5801710000000002e-08,-1.183415e-08,9.144180000000002e-09,-2.7635860000000002e-08
2026-06-17 14:30:00+00:00,-1.585209e-08,-1.17907e-08,9.124085e-09,-2.764279e-08
2026-06-17 14:31:00+00:00,-1.590364e-08,-1.174927e-08,9.104785e-09,-2.765291e-08
2026-06-17 14:32:00+00:00,-1.595471e-08,-1.170751e-08,9.0852e-09,-2.766222e-08
2026-06-17 14:33:00+00:00,-1.600491e-08,-1.166537e-08,9.06533e-09,-2.767028e-08
2026-06-17 14:34:00+00:00,-1.605342e-08,-1.1622400000000002e-08,9.044790000000002e-09,-2.767582e-08
2026-06-17 14:35:00+00:00,-1.610168e-08,-1.1579370000000001e-08,9.024235e-09,-2.7681050000000004e-08
2026-06-17 14:36:00+00:00,-1.614952e-08,-1.1534380000000001e-08,9.002870000000003e-09,-2.7683900000000003e-08
2026-06-17 14:37:00+00:00,-1.6192810000000004e-08,-1.1489560000000001e-08,8.980905e-09,-2.7682370000000005e-08
2026-06-17 14:38:00+00:00,-1.623765e-08,-1.1445130000000001e-08,8.959289999999999e-09,-2.768278e-08
2026-06-17 14:39:00+00:00,-1.628202e-08,-1.140039e-08,8.937424999999997e-09,-2.768241e-08
2026-06-17 14:40:00+00:00,-1.632544e-08,-1.1355140000000001e-08,8.91522e-09,-2.768058e-08
2026-06-17 14:41:00+00:00,-1.6367120000000002e-08,-1.130918e-08,8.892419999999998e-09,-2.7676300000000002e-08
2026-06-17 14:42:00+00:00,-1.6409140000000003e-08,-1.126169e-08,8.869125000000002e-09,-2.7670830000000002e-08
2026-06-17 14:43:00+00:00,-1.644655e-08,-1.12143e-08,8.845274999999997e-09,-2.766085e-08
2026-06-17 14:44:00+00:00,-1.6485980000000003e-08,-1.116737e-08,8.821825000000002e-09,-2.7653350000000002e-08
2026-06-17 14:45:00+00:00,-1.6523820000000002e-08,-1.1119870000000001e-08,8.797975e-09,-2.7643690000000003e-08
2026-06-17 14:46:00+00:00,-1.656119e-08,-1.1072050000000001e-08,8.773900000000001e-09,-2.763324e-08
2026-06-17 14:47:00+00:00,-1.659686e-08,-1.102346e-08,8.749240000000002e-09,-2.762032e-08
2026-06-17 14:48:00+00:00,-1.6632870000000002e-08,-1.0973380000000002e-08,8.724055000000002e-09,-2.7606250000000003e-08
2026-06-17 14:49:00+00:00,-1.666417e-08,-1.092338e-08,8.698365e-09,-2.758755e-08
2026-06-17 14:50:00+00:00,-1.6697410000000002e-08,-1.0873810000000001e-08,8.673080000000003e-09,-2.7571220000000003e-08
2026-06-17 14:51:00+00:00,-1.672965e-08,-1.082379e-08,8.647500000000002e-09,-2.755344e-08
2026-06-17 14:52:00+00:00,-1.6760340000000002e-08,-1.077324e-08,8.621570000000001e-09,-2.7533580000000002e-08
2026-06-17 14:53:00+00:00,-1.679045e-08,-1.0722260000000002e-08,8.595355000000001e-09,-2.7512710000000003e-08
2026-06-17 14:54:00+00:00,-1.681949e-08,-1.066927e-08,8.568079999999998e-09,-2.748876e-08
2026-06-17 14:55:00+00:00,-1.684464e-08,-1.0616730000000002e-08,8.540705e-09,-2.7461370000000002e-08
2026-06-17 14:56:00+00:00,-1.687157e-08,-1.056448e-08,8.513665e-09,-2.7436049999999998e-08
2026-06-17 14:57:00+00:00,-1.6897379999999998e-08,-1.051173e-08,8.486294999999999e-09,-2.740911e-08
2026-06-17 14:58:00+00:00,-1.692215e-08,-1.045858e-08,8.458675e-09,-2.738073e-08
2026-06-17 14:59:00+00:00,-1.694588e-08,-1.040499e-08,8.430795e-09,-2.735087e-08
2026-06-17 15:00:00+00:00,-1.6968060000000003e-08,-1.0349460000000002e-08,8.40183e-09,-2.7317520000000006e-08
2026-06-17 15:01:00+00:00,-1.6986920000000003e-08,-1.0294150000000001e-08,8.372735e-09,-2.7281070000000004e-08
2026-06-17 15:02:00+00:00,-1.70073e-08,-1.023917e-08,8.343975e-09,-2.7246470000000002e-08
2026-06-17 15:03:00+00:00,-1.702667e-08,-1.0183790000000001e-08,8.314999999999999e-09,-2.7210460000000004e-08
2026-06-17 15:04:00+00:00,-1.7044940000000002e-08,-1.012796e-08,8.28575e-09,-2.7172900000000002e-08
2026-06-17 15:05:00+00:00,-1.7062090000000003e-08,-1.007167e-08,8.256220000000002e-09,-2.7133760000000003e-08
2026-06-17 15:06:00+00:00,-1.707878e-08,-1.001376e-08,8.22585e-09,-2.7092540000000002e-08
2026-06-17 15:07:00+00:00,-1.709003e-08,-9.95555e-09,8.194929999999999e-09,-2.704558e-08
2026-06-17 15:08:00+00:00,-1.710388e-08,-9.897930000000001e-09,8.164635000000002e-09,-2.700181e-08
2026-06-17 15:09:00+00:00,-1.7116610000000002e-08,-9.839850000000001e-09,8.134080000000001e-09,-2.695646e-08
2026-06-17 15:10:00+00:00,-1.712811e-08,-9.78124e-09,8.103204999999999e-09,-2.6909350000000002e-08
2026-06-17 15:11:00+00:00,-1.7138570000000004e-08,-9.722250000000001e-09,8.072140000000001e-09,-2.6860820000000007e-08
2026-06-17 15:12:00+00:00,-1.714867e-08,-9.66179e-09,8.04029e-09,-2.681046e-08
2026-06-17 15:13:00+00:00,-1.7157000000000003e-08,-9.60174e-09,8.00864e-09,-2.6758740000000005e-08
2026-06-17 15:14:00+00:00,-1.716044e-08,-9.54062e-09,7.976090000000002e-09,-2.670106e-08
2026-06-17 15:15:00+00:00,-1.71663e-08,-9.47979e-09,7.943995e-09,-2.664609e-08
2026-06-17 15:16:00+00:00,-1.717111e-08,-9.41855e-09,7.91171e-09,-2.658966e-08
2026-06-17 15:17:00+00:00,-1.717477e-08,-9.356850000000001e-09,7.879189999999998e-09,-2.653162e-08
2026-06-17 15:18:00+00:00,-1.7178090000000002e-08,-9.29373e-09,7.845870000000001e-09,-2.6471820000000003e-08
2026-06-17 15:19:00+00:00,-1.717947e-08,-9.23092e-09,7.812745e-09,-2.6410389999999998e-08
2026-06-17 15:20:00+00:00,-1.717645e-08,-9.1672e-09,7.778824999999999e-09,-2.634365e-08
2026-06-17 15:21:00+00:00,-1.717524e-08,-9.103740000000001e-09,7.7454e-09,-2.627898e-08
2026-06-17 15:22:00+00:00,-1.717316e-08,-9.039790000000001e-09,7.711735e-09,-2.6212950000000002e-08
2026-06-17 15:23:00+00:00,-1.7169840000000003e-08,-8.97534e-09,7.6778e-09,-2.6145180000000005e-08
2026-06-17 15:24:00+00:00,-1.716624e-08,-8.90957e-09,7.643114999999998e-09,-2.607581e-08
2026-06-17 15:25:00+00:00,-1.716079e-08,-8.844160000000001e-09,7.608715e-09,-2.600495e-08
2026-06-17 15:26:00+00:00,-1.715168e-08,-8.77806e-09,7.57376e-09,-2.592974e-08
2026-06-17 15:27:00+00:00,-1.7143070000000003e-08,-8.71161e-09,7.538770000000002e-09,-2.5854680000000003e-08
2026-06-17 15:28:00+00:00,-1.713365e-08,-8.644980000000001e-09,7.503795000000001e-09,-2.5778630000000003e-08
2026-06-17 15:29:00+00:00,-1.7123420000000002e-08,-8.5779e-09,7.46864e-09,-2.5701320000000002e-08
2026-06-17 15:30:00+00:00,-1.711287e-08,-8.5095e-09,7.432695000000001e-09,-2.562237e-08
2026-06-17 15:31:00+00:00,-1.7100410000000003e-08,-8.441380000000001e-09,7.397035e-09,-2.5541790000000004e-08
2026-06-17 15:32:00+00:00,-1.708428e-08,-8.37267e-09,7.3608749999999996e-09,-2.5456949999999998e-08
2026-06-17 15:33:00+00:00,-1.706864e-08,-8.30356e-09,7.32468e-09,-2.53722e-08
2026-06-17 15:34:00+00:00,-1.7052540000000003e-08,-8.23425e-09,7.288535e-09,-2.5286790000000003e-08
2026-06-17 15:35:00+00:00,-1.703499e-08,-8.164540000000001e-09,7.252225000000002e-09,-2.5199530000000003e-08
2026-06-17 15:36:00+00:00,-1.701644e-08,-8.094290000000001e-09,7.215665000000001e-09,-2.511073e-08
2026-06-17 15:37:00+00:00,-1.699777e-08,-8.02271e-09,7.17825e-09,-2.5020480000000003e-08
2026-06-17 15:38:00+00:00,-1.697477e-08,-7.95147e-09,7.14105e-09,-2.492624e-08
2026-06-17 15:39:00+00:00,-1.6952770000000002e-08,-7.879920000000001e-09,7.1039750000000006e-09,-2.4832690000000002e-08
2026-06-17 15:40:00+00:00,-1.692886e-08,-7.807730000000001e-09,7.066515000000001e-09,-2.473659e-08
2026-06-17 15:41:00+00:00,-1.690439e-08,-7.735290000000001e-09,7.02907e-09,-2.4639679999999998e-08
2026-06-17 15:42:00+00:00,-1.687858e-08,-7.66252e-09,6.991520000000001e-09,-2.45411e-08
2026-06-17 15:43:00+00:00,-1.685283e-08,-7.58835e-09,6.953040000000002e-09,-2.444118e-08
2026-06-17 15:44:00+00:00,-1.682282e-08,-7.51455e-09,6.9148450000000004e-09,-2.433737e-08
2026-06-17 15:45:00+00:00,-1.6793600000000003e-08,-7.4403700000000004e-09,6.876745e-09,-2.4233970000000004e-08
2026-06-17 15:46:00+00:00,-1.6763290000000002e-08,-7.365750000000001e-09,6.838490000000002e-09,-2.4129040000000003e-08
2026-06-17 15:47:00+00:00,-1.6731030000000002e-08,-7.2905300000000005e-09,6.799900000000001e-09,-2.4021560000000004e-08
2026-06-17 15:48:00+00:00,-1.669839e-08,-7.215080000000001e-09,6.7613750000000005e-09,-2.391347e-08
2026-06-17 15:49:00+00:00,-1.66651e-08,-7.1385e-09,6.7220100000000004e-09,-2.3803599999999997e-08
2026-06-17 15:50:00+00:00,-1.6630120000000003e-08,-7.062070000000001e-09,6.683075000000002e-09,-2.3692190000000002e-08
2026-06-17 15:51:00+00:00,-1.65919e-08,-6.985350000000001e-09,6.643845e-09,-2.357725e-08
2026-06-17 15:52:00+00:00,-1.6554420000000002e-08,-6.90816e-09,6.6047100000000004e-09,-2.346258e-08
2026-06-17 15:53:00+00:00,-1.6514970000000003e-08,-6.830330000000001e-09,6.565200000000001e-09,-2.3345300000000005e-08
2026-06-17 15:54:00+00:00,-1.6475130000000002e-08,-6.7522900000000005e-09,6.5258100000000015e-09,-2.3227420000000002e-08
2026-06-17 15:55:00+00:00,-1.643506e-08,-6.67315e-09,6.485605e-09,-2.310821e-08
2026-06-17 15:56:00+00:00,-1.639292e-08,-6.594170000000001e-09,6.4458350000000015e-09,-2.298709e-08
2026-06-17 15:57:00+00:00,-1.634752e-08,-6.515080000000001e-09,6.40587e-09,-2.2862600000000003e-08
2026-06-17 15:58:00+00:00,-1.6302820000000003e-08,-6.4353200000000005e-09,6.3659200000000015e-09,-2.2738140000000003e-08
2026-06-17 15:59:00+00:00,-1.625701e-08,-6.35516e-09,6.325865e-09,-2.2612170000000002e-08
2026-06-17 16:00:00+00:00,-1.620929e-08,-6.27442e-09,6.285505e-09,-2.2483709999999998e-08
2026-06-17 16:01:00+00:00,-1.616209e-08,-6.19279e-09,6.244519999999999e-09,-2.2354880000000002e-08
2026-06-17 16:02:00+00:00,-1.611281e-08,-6.11128e-09,6.204015e-09,-2.222409e-08
2026-06-17 16:03:00+00:00,-1.6060600000000002e-08,-6.029680000000001e-09,6.163350000000001e-09,-2.2090280000000004e-08
2026-06-17 16:04:00+00:00,-1.600867e-08,-5.94757e-09,6.12277e-09,-2.195624e-08
2026-06-17 16:05:00+00:00,-1.595575e-08,-5.86492e-09,6.0820450000000006e-09,-2.182067e-08
2026-06-17 16:06:00+00:00,-1.590155e-08,-5.7818300000000005e-09,6.0411899999999995e-09,-2.1683380000000002e-08
2026-06-17 16:07:00+00:00,-1.584658e-08,-5.697650000000001e-09,5.999375e-09,-2.154423e-08
2026-06-17 16:08:00+00:00,-1.579023e-08,-5.61369e-09,5.9582600000000005e-09,-2.1403920000000002e-08
2026-06-17 16:09:00+00:00,-1.5731120000000002e-08,-5.52975e-09,5.9170350000000005e-09,-2.1260870000000002e-08
2026-06-17 16:10:00+00:00,-1.56723e-08,-5.44508e-09,5.875830000000001e-09,-2.111738e-08
2026-06-17 16:11:00+00:00,-1.561209e-08,-5.360120000000001e-09,5.834565000000001e-09,-2.097221e-08
2026-06-17 16:12:00+00:00,-1.5550900000000003e-08,-5.274610000000001e-09,5.793155000000001e-09,-2.0825510000000003e-08
2026-06-17 16:13:00+00:00,-1.5488910000000002e-08,-5.1880800000000006e-09,5.7507950000000005e-09,-2.0676990000000004e-08
2026-06-17 16:14:00+00:00,-1.542551e-08,-5.10173e-09,5.70915e-09,-2.052724e-08
2026-06-17 16:15:00+00:00,-1.535938e-08,-5.01544e-09,5.66742e-09,-2.037482e-08
2026-06-17 16:16:00+00:00,-1.529356e-08,-4.92841e-09,5.625745e-09,-2.022197e-08
2026-06-17 16:17:00+00:00,-1.522653e-08,-4.840960000000001e-09,5.583985e-09,-2.006749e-08
2026-06-17 16:18:00+00:00,-1.5158260000000003e-08,-4.75328e-09,5.542200000000002e-09,-1.9911540000000002e-08
2026-06-17 16:19:00+00:00,-1.508987e-08,-4.664500000000001e-09,5.499495000000001e-09,-1.975437e-08
2026-06-17 16:20:00+00:00,-1.5018860000000002e-08,-4.57574e-09,5.45728e-09,-1.9594600000000003e-08
2026-06-17 16:21:00+00:00,-1.494601e-08,-4.48726e-09,5.415215e-09,-1.943327e-08
2026-06-17 16:22:00+00:00,-1.4873210000000001e-08,-4.397910000000001e-09,5.37315e-09,-1.9271120000000003e-08
2026-06-17 16:23:00+00:00,-1.479929e-08,-4.30816e-09,5.3310250000000004e-09,-1.910745e-08
2026-06-17 16:24:00+00:00,-1.4724060000000001e-08,-4.21799e-09,5.288815000000001e-09,-1.894205e-08
2026-06-17 16:25:00+00:00,-1.4648840000000001e-08,-4.12719e-09,5.245845e-09,-1.8776030000000002e-08
2026-06-17 16:26:00+00:00,-1.4570980000000002e-08,-4.036190000000001e-09,5.2033250000000005e-09,-1.8607170000000004e-08
2026-06-17 16:27:00+00:00,-1.4492430000000001e-08,-3.94494e-09,5.160995000000001e-09,-1.843737e-08
2026-06-17 16:28:00+00:00,-1.4411660000000001e-08,-3.85393e-09,5.118595e-09,-1.826559e-08
2026-06-17 16:29:00+00:00,-1.4330830000000001e-08,-3.761950000000001e-09,5.0762e-09,-1.809278e-08
2026-06-17 16:30:00+00:00,-1.4248950000000001e-08,-3.6696200000000004e-09,5.0337950000000014e-09,-1.7918570000000002e-08
2026-06-17 16:31:00+00:00,-1.4166940000000001e-08,-3.5764900000000003e-09,4.990525e-09,-1.774343e-08
2026-06-17 16:32:00+00:00,-1.4082670000000002e-08,-3.4835900000000004e-09,4.94804e-09,-1.7566260000000003e-08
2026-06-17 16:33:00+00:00,-1.399692e-08,-3.3900700000000005e-09,4.9052850000000014e-09,-1.7386990000000002e-08
2026-06-17 16:34:00+00:00,-1.390965e-08,-3.29702e-09,4.862765e-09,-1.720667e-08
2026-06-17 16:35:00+00:00,-1.3822110000000002e-08,-3.2029e-09,4.820215000000001e-09,-1.7025010000000002e-08
2026-06-17 16:36:00+00:00,-1.3733390000000002e-08,-3.1084e-09,4.777605e-09,-1.6841790000000002e-08
2026-06-17 16:37:00+00:00,-1.3644720000000001e-08,-3.0132e-09,4.734210000000001e-09,-1.665792e-08
2026-06-17 16:38:00+00:00,-1.3553900000000001e-08,-2.91803e-09,4.691595000000001e-09,-1.647193e-08
2026-06-17 16:39:00+00:00,-1.3462130000000002e-08,-2.82271e-09,4.64894e-09,-1.6284840000000002e-08
2026-06-17 16:40:00+00:00,-1.3367860000000001e-08,-2.72767e-09,4.606215000000001e-09,-1.609553e-08
2026-06-17 16:41:00+00:00,-1.3273640000000001e-08,-2.63145e-09,4.5635750000000005e-09,-1.590509e-08
2026-06-17 16:42:00+00:00,-1.3178430000000002e-08,-2.5349400000000003e-09,4.520955000000001e-09,-1.5713370000000002e-08
2026-06-17 16:43:00+00:00,-1.3083180000000002e-08,-2.43775e-09,4.477505e-09,-1.552093e-08
2026-06-17 16:44:00+00:00,-1.2985880000000001e-08,-2.34058e-09,4.434900000000001e-09,-1.5326460000000002e-08
2026-06-17 16:45:00+00:00,-1.288748e-08,-2.2430000000000002e-09,4.392120000000001e-09,-1.513048e-08
2026-06-17 16:46:00+00:00,-1.278701e-08,-2.14636e-09,4.349545000000001e-09,-1.493337e-08
2026-06-17 16:47:00+00:00,-1.2686450000000001e-08,-2.04822e-09,4.306965000000001e-09,-1.4734670000000002e-08
2026-06-17 16:48:00+00:00,-1.258484e-08,-1.9497400000000003e-09,4.2643800000000005e-09,-1.4534580000000001e-08
2026-06-17 16:49:00+00:00,-1.248205e-08,-1.8509300000000001e-09,4.2218099999999995e-09,-1.433298e-08
2026-06-17 16:50:00+00:00,-1.2379400000000001e-08,-1.75156e-09,4.178440000000001e-09,-1.4130960000000001e-08
2026-06-17 16:51:00+00:00,-1.227479e-08,-1.65212e-09,4.135805e-09,-1.392691e-08
2026-06-17 16:52:00+00:00,-1.216861e-08,-1.55344e-09,4.093415000000001e-09,-1.372205e-08
2026-06-17 16:53:00+00:00,-1.2061270000000001e-08,-1.45345e-09,4.050840000000001e-09,-1.351472e-08
2026-06-17 16:54:00+00:00,-1.195342e-08,-1.3533900000000002e-09,4.0084649999999996e-09,-1.330681e-08
2026-06-17 16:55:00+00:00,-1.184452e-08,-1.25278e-09,3.96608e-09,-1.3097300000000001e-08
2026-06-17 16:56:00+00:00,-1.173566e-08,-1.15163e-09,3.922885e-09,-1.2887290000000001e-08
2026-06-17 16:57:00+00:00,-1.1624900000000001e-08,-1.0504e-09,3.88046e-09,-1.26753e-08
2026-06-17 16:58:00+00:00,-1.151272e-08,-9.5002e-10,3.83827e-09,-1.246274e-08
2026-06-17 16:59:00+00:00,-1.1399290000000001e-08,-8.483000000000001e-10,3.795945e-09,-1.2247590000000002e-08
2026-06-17 17:00:00+00:00,-1.128534e-08,-7.4625e-10,3.753765e-09,-1.203159e-08
2026-06-17 17:01:00+00:00,-1.1170590000000001e-08,-6.4421e-10,3.71171e-09,-1.1814800000000001e-08
2026-06-17 17:02:00+00:00,-1.1055640000000001e-08,-5.4138e-10,3.6687500000000006e-09,-1.1597020000000001e-08
2026-06-17 17:03:00+00:00,-1.0938860000000001e-08,-4.3847000000000004e-10,3.6266050000000006e-09,-1.1377330000000001e-08
2026-06-17 17:04:00+00:00,-1.082101e-08,-3.3531e-10,3.58466e-09,-1.115632e-08
2026-06-17 17:05:00+00:00,-1.07022e-08,-2.3313e-10,3.5428849999999996e-09,-1.093533e-08
2026-06-17 17:06:00+00:00,-1.058196e-08,-1.2952e-10,3.5009500000000004e-09,-1.071148e-08
2026-06-17 17:07:00+00:00,-1.046112e-08,-2.5570000000000002e-11,3.459165e-09,-1.048669e-08
2026-06-17 17:08:00+00:00,-1.034066e-08,7.848e-11,3.4166599999999997e-09,-1.026218e-08
2026-06-17 17:09:00+00:00,-1.0218130000000001e-08,1.8295000000000002e-10,3.3749000000000004e-09,-1.0035180000000001e-08
2026-06-17 17:10:00+00:00,-1.0094530000000001e-08,2.8767e-10,3.3333300000000005e-09,-9.806860000000001e-09
2026-06-17 17:11:00+00:00,-9.97017e-09,3.9127000000000004e-10,3.2919899999999995e-09,-9.5789e-09
2026-06-17 17:12:00+00:00,-9.8447e-09,4.9648e-10,3.25058e-09,-9.34822e-09
2026-06-17 17:13:00+00:00,-9.717930000000002e-09,6.0181e-10,3.2091800000000003e-09,-9.116120000000002e-09
2026-06-17 17:14:00+00:00,-9.591690000000001e-09,7.076200000000001e-10,3.167025e-09,-8.884070000000001e-09
2026-06-17 17:15:00+00:00,-9.46382e-09,8.1321e-10,3.1258250000000002e-09,-8.65061e-09
2026-06-17 17:16:00+00:00,-9.33472e-09,9.1935e-10,3.0847550000000005e-09,-8.41537e-09
2026-06-17 17:17:00+00:00,-9.205090000000001e-09,1.0242500000000003e-09,3.04397e-09,-8.180840000000001e-09
2026-06-17 17:18:00+00:00,-9.07429e-09,1.1308300000000001e-09,3.00306e-09,-7.94346e-09
2026-06-17 17:19:00+00:00,-8.9421e-09,1.2375300000000002e-09,2.9621850000000006e-09,-7.70457e-09
2026-06-17 17:20:00+00:00,-8.810520000000001e-09,1.3446400000000002e-09,2.9205900000000006e-09,-7.46588e-09
2026-06-17 17:21:00+00:00,-8.677020000000002e-09,1.4518800000000002e-09,2.8800000000000004e-09,-7.225140000000002e-09
2026-06-17 17:22:00+00:00,-8.54309e-09,1.55896e-09,2.839475e-09,-6.98413e-09
2026-06-17 17:23:00+00:00,-8.408460000000001e-09,1.66505e-09,2.799285e-09,-6.743410000000001e-09
2026-06-17 17:24:00+00:00,-8.27239e-09,1.7729e-09,2.758975e-09,-6.49949e-09
2026-06-17 17:25:00+00:00,-8.13557e-09,1.88093e-09,2.71882e-09,-6.25464e-09
2026-06-17 17:26:00+00:00,-7.99854e-09,1.98908e-09,2.6777900000000005e-09,-6.0094600000000005e-09
2026-06-17 17:27:00+00:00,-7.86002e-09,2.09752e-09,2.63784e-09,-5.7625e-09
2026-06-17 17:28:00+00:00,-7.72074e-09,2.20616e-09,2.5978700000000007e-09,-5.51458e-09
2026-06-17 17:29:00+00:00,-7.58166e-09,2.3129e-09,2.5584900000000003e-09,-5.26876e-09
2026-06-17 17:30:00+00:00,-7.4407e-09,2.4218700000000004e-09,2.518905e-09,-5.018829999999999e-09
2026-06-17 17:31:00+00:00,-7.29902e-09,2.5310100000000003e-09,2.4794149999999998e-09,-4.76801e-09
2026-06-17 17:32:00+00:00,-7.15719e-09,2.64019e-09,2.43909e-09,-4.517e-09
2026-06-17 17:33:00+00:00,-7.0138900000000005e-09,2.74967e-09,2.39989e-09,-4.26422e-09
2026-06-17 17:34:00+00:00,-6.86995e-09,2.85934e-09,2.360695e-09,-4.01061e-09
2026-06-17 17:35:00+00:00,-6.726020000000001e-09,2.96739e-09,2.3219950000000005e-09,-3.75863e-09
2026-06-17 17:36:00+00:00,-6.5808500000000005e-09,3.0769400000000003e-09,2.283265e-09,-3.50391e-09
2026-06-17 17:37:00+00:00,-6.4345000000000005e-09,3.1870700000000002e-09,2.2445550000000004e-09,-3.2474300000000002e-09
2026-06-17 17:38:00+00:00,-6.28845e-09,3.29731e-09,2.2051e-09,-2.99114e-09
2026-06-17 17:39:00+00:00,-6.14042e-09,3.40753e-09,2.1666650000000004e-09,-2.7328899999999996e-09
2026-06-17 17:40:00+00:00,-5.992060000000001e-09,3.51808e-09,2.1282800000000004e-09,-2.473980000000001e-09
2026-06-17 17:41:00+00:00,-5.84275e-09,3.6287900000000002e-09,2.09016e-09,-2.21396e-09
2026-06-17 17:42:00+00:00,-5.69396e-09,3.73772e-09,2.0524699999999996e-09,-1.95624e-09
2026-06-17 17:43:00+00:00,-5.54376e-09,3.84825e-09,2.0147649999999997e-09,-1.69551e-09
2026-06-17 17:44:00+00:00,-5.3934900000000006e-09,3.95926e-09,1.9761350000000002e-09,-1.4342300000000003e-09
2026-06-17 17:45:00+00:00,-5.24143e-09,4.07046e-09,1.938615e-09,-1.1709700000000006e-09
2026-06-17 17:46:00+00:00,-5.08873e-09,4.1815300000000006e-09,1.9011199999999997e-09,-9.071999999999995e-10
2026-06-17 17:47:00+00:00,-4.93538e-09,4.29297e-09,1.8639250000000003e-09,-6.424100000000001e-10
2026-06-17 17:48:00+00:00,-4.782720000000001e-09,4.402510000000001e-09,1.827165e-09,-3.8020999999999987e-10
2026-06-17 17:49:00+00:00,-4.62813e-09,4.514140000000001e-09,1.7903049999999996e-09,-1.1398999999999952e-10
2026-06-17 17:50:00+00:00,-4.474280000000001e-09,4.62534e-09,1.7527100000000005e-09,1.5105999999999927e-10
2026-06-17 17:51:00+00:00,-4.3183999999999995e-09,4.737180000000001e-09,1.7161799999999998e-09,4.187800000000013e-10
2026-06-17 17:52:00+00:00,-4.16188e-09,4.84884e-09,1.6796600000000002e-09,6.869600000000003e-10
2026-06-17 17:53:00+00:00,-4.00479e-09,4.96083e-09,1.64344e-09,9.5604e-10
2026-06-17 17:54:00+00:00,-3.84848e-09,5.0708600000000004e-09,1.6076900000000003e-09,1.2223800000000005e-09
2026-06-17 17:55:00+00:00,-3.6902000000000003e-09,5.1830200000000006e-09,1.57184e-09,1.4928200000000002e-09
2026-06-17 17:56:00+00:00,-3.5313300000000005e-09,5.2952700000000005e-09,1.53616e-09,1.76394e-09
2026-06-17 17:57:00+00:00,-3.37288e-09,5.40743e-09,1.4996750000000002e-09,2.0345499999999998e-09
2026-06-17 17:58:00+00:00,-3.2134200000000003e-09,5.51935e-09,1.4643050000000001e-09,2.30593e-09
2026-06-17 17:59:00+00:00,-3.0527400000000004e-09,5.631500000000001e-09,1.4291399999999999e-09,2.5787600000000003e-09
2026-06-17 18:00:00+00:00,-2.89327e-09,5.741830000000001e-09,1.3944800000000001e-09,2.8485600000000008e-09
2026-06-17 18:01:00+00:00,-2.73165e-09,5.85438e-09,1.3596850000000004e-09,3.12273e-09
2026-06-17 18:02:00+00:00,-2.56946e-09,5.966980000000001e-09,1.3251e-09,3.397520000000001e-09
2026-06-17 18:03:00+00:00,-2.40765e-09,6.07945e-09,1.28975e-09,3.6717999999999997e-09
2026-06-17 18:04:00+00:00,-2.2446000000000003e-09,6.19211e-09,1.2553850000000004e-09,3.947509999999999e-09
2026-06-17 18:05:00+00:00,-2.0814300000000003e-09,6.304330000000001e-09,1.22145e-09,4.2229e-09
2026-06-17 18:06:00+00:00,-1.91897e-09,6.4145400000000005e-09,1.1878950000000003e-09,4.4955700000000004e-09
2026-06-17 18:07:00+00:00,-1.7542400000000001e-09,6.527300000000001e-09,1.1542499999999998e-09,4.773060000000001e-09
2026-06-17 18:08:00+00:00,-1.5891100000000001e-09,6.6401100000000006e-09,1.1208100000000002e-09,5.051e-09
2026-06-17 18:09:00+00:00,-1.4244300000000002e-09,6.75273e-09,1.08663e-09,5.3282999999999995e-09
2026-06-17 18:10:00+00:00,-1.2584100000000002e-09,6.8655500000000006e-09,1.0535500000000006e-09,5.60714e-09
2026-06-17 18:11:00+00:00,-1.09196e-09,6.9783400000000005e-09,1.0205799999999998e-09,5.886380000000001e-09
2026-06-17 18:12:00+00:00,-9.2753e-10,7.088e-09,9.883249999999997e-10,6.16047e-09
2026-06-17 18:13:00+00:00,-7.602200000000001e-10,7.2008500000000004e-09,9.558950000000005e-10,6.440630000000001e-09
2026-06-17 18:14:00+00:00,-5.924500000000001e-10,7.31372e-09,9.236550000000006e-10,6.72127e-09
2026-06-17 18:15:00+00:00,-4.2513e-10,7.426300000000001e-09,8.906749999999999e-10,7.001170000000001e-09
2026-06-17 18:16:00+00:00,-2.5657e-10,7.53912e-09,8.588749999999999e-10,7.282550000000001e-09
2026-06-17 18:17:00+00:00,-8.777000000000001e-11,7.651880000000001e-09,8.271250000000002e-10,7.564110000000001e-09
2026-06-17 18:18:00+00:00,8.156e-11,7.76467e-09,7.95715e-10,7.84623e-09
2026-06-17 18:19:00+00:00,2.4848e-10,7.87408e-09,7.649299999999998e-10,8.122560000000001e-09
2026-06-17 18:20:00+00:00,4.1856e-10,7.986810000000001e-09,7.339650000000005e-10,8.405370000000002e-09
2026-06-17 18:21:00+00:00,5.8805e-10,8.09924e-09,7.022749999999993e-10,8.68729e-09
2026-06-17 18:22:00+00:00,7.5877e-10,8.21189e-09,6.717499999999995e-10,8.97066e-09
2026-06-17 18:23:00+00:00,9.296700000000001e-10,8.324450000000002e-09,6.412800000000001e-10,9.254120000000002e-09
2026-06-17 18:24:00+00:00,1.1011e-09,8.437e-09,6.111800000000001e-10,9.5381e-09
2026-06-17 18:25:00+00:00,1.2704e-09,8.546569999999999e-09,5.816249999999998e-10,9.816969999999998e-09
2026-06-17 18:26:00+00:00,1.4417e-09,8.658480000000001e-09,5.520599999999991e-10,1.0100180000000002e-08
2026-06-17 18:27:00+00:00,1.6130300000000002e-09,8.77057e-09,5.216900000000005e-10,1.03836e-08
2026-06-17 18:28:00+00:00,1.78559e-09,8.88287e-09,4.924800000000005e-10,1.0668460000000001e-08
2026-06-17 18:29:00+00:00,1.95826e-09,8.995060000000001e-09,4.6339000000000045e-10,1.0953320000000002e-08
2026-06-17 18:30:00+00:00,2.13129e-09,9.10724e-09,4.346150000000009e-10,1.1238530000000001e-08
2026-06-17 18:31:00+00:00,2.30205e-09,9.2167e-09,4.0640500000000037e-10,1.1518749999999999e-08
2026-06-17 18:32:00+00:00,2.4754900000000005e-09,9.32828e-09,3.7812499999999987e-10,1.180377e-08
2026-06-17 18:33:00+00:00,2.64774e-09,9.439280000000001e-09,3.4920999999999936e-10,1.208702e-08
2026-06-17 18:34:00+00:00,2.82165e-09,9.551119999999999e-09,3.213950000000008e-10,1.2372769999999999e-08
2026-06-17 18:35:00+00:00,2.99568e-09,9.66278e-09,2.936899999999998e-10,1.265846e-08
2026-06-17 18:36:00+00:00,3.16999e-09,9.77438e-09,2.662849999999999e-10,1.294437e-08
2026-06-17 18:37:00+00:00,3.34191e-09,9.883170000000001e-09,2.3946999999999985e-10,1.3225080000000002e-08
2026-06-17 18:38:00+00:00,3.51659e-09,9.99456e-09,2.1259499999999943e-10,1.351115e-08
2026-06-17 18:39:00+00:00,3.69047e-09,1.010501e-08,1.8503999999999989e-10,1.379548e-08
2026-06-17 18:40:00+00:00,3.86475e-09,1.0215590000000002e-08,1.5870000000000052e-10,1.4080340000000002e-08
2026-06-17 18:41:00+00:00,4.03982e-09,1.032658e-08,1.3240000000000052e-10,1.43664e-08
2026-06-17 18:42:00+00:00,4.215090000000001e-09,1.043747e-08,1.0647000000000073e-10,1.4652560000000001e-08
2026-06-17 18:43:00+00:00,4.38763e-09,1.0545410000000001e-08,8.106999999999953e-11,1.493304e-08
2026-06-17 18:44:00+00:00,4.5631000000000005e-09,1.0656010000000001e-08,5.561499999999953e-11,1.521911e-08
2026-06-17 18:45:00+00:00,4.737720000000001e-09,1.0765620000000002e-08,2.951999999999888e-11,1.5503340000000002e-08
2026-06-17 18:46:00+00:00,4.9134300000000005e-09,1.0875920000000002e-08,4.564999999999486e-12,1.5789350000000002e-08
2026-06-17 18:47:00+00:00,5.08834e-09,1.0985440000000002e-08,-2.019999999999911e-11,1.607378e-08
2026-06-17 18:48:00+00:00,5.2641600000000006e-09,1.109548e-08,-4.4679999999999613e-11,1.635964e-08
2026-06-17 18:49:00+00:00,5.43706e-09,1.120244e-08,-6.85899999999986e-11,1.66395e-08
2026-06-17 18:50:00+00:00,5.612980000000001e-09,1.1312080000000001e-08,-9.259000000000129e-11,1.692506e-08
2026-06-17 18:51:00+00:00,5.78811e-09,1.142112e-08,-1.1722499999999948e-10,1.720923e-08
2026-06-17 18:52:00+00:00,5.9639e-09,1.152994e-08,-1.406700000000001e-10,1.749384e-08
2026-06-17 18:53:00+00:00,6.13978e-09,1.163903e-08,-1.6402500000000055e-10,1.7778810000000002e-08
2026-06-17 18:54:00+00:00,6.315820000000001e-09,1.1748e-08,-1.869999999999994e-10,1.806382e-08
2026-06-17 18:55:00+00:00,6.49104e-09,1.1856180000000002e-08,-2.0965999999999954e-10,1.8347220000000003e-08
2026-06-17 18:56:00+00:00,6.66386e-09,1.1961770000000001e-08,-2.3186500000000088e-10,1.8625630000000002e-08
2026-06-17 18:57:00+00:00,6.83898e-09,1.2069630000000001e-08,-2.5499499999999923e-10,1.8908610000000002e-08
2026-06-17 18:58:00+00:00,7.01466e-09,1.2177240000000001e-08,-2.7693999999999977e-10,1.9191900000000002e-08
2026-06-17 18:59:00+00:00,7.190500000000001e-09,1.2285190000000001e-08,-2.986450000000005e-10,1.9475690000000002e-08
2026-06-17 19:00:00+00:00,7.36616e-09,1.239285e-08,-3.202149999999993e-10,1.975901e-08
2026-06-17 19:01:00+00:00,7.5419e-09,1.2500400000000001e-08,-3.414300000000008e-10,2.00423e-08
2026-06-17 19:02:00+00:00,7.71347e-09,1.2604050000000001e-08,-3.6203000000000077e-10,2.0317520000000003e-08
2026-06-17 19:03:00+00:00,7.889e-09,1.2711060000000001e-08,-3.8274999999999974e-10,2.0600060000000002e-08
2026-06-17 19:04:00+00:00,8.063660000000001e-09,1.281738e-08,-4.0407999999999867e-10,2.088104e-08
2026-06-17 19:05:00+00:00,8.23869e-09,1.2923400000000001e-08,-4.242349999999995e-10,2.1162090000000003e-08
2026-06-17 19:06:00+00:00,8.413750000000001e-09,1.302966e-08,-4.4428500000000076e-10,2.144341e-08
2026-06-17 19:07:00+00:00,8.58883e-09,1.3135730000000001e-08,-4.6394000000000093e-10,2.1724560000000003e-08
2026-06-17 19:08:00+00:00,8.76034e-09,1.3238500000000001e-08,-4.830700000000015e-10,2.199884e-08
2026-06-17 19:09:00+00:00,8.934270000000001e-09,1.334348e-08,-5.021949999999986e-10,2.2277750000000002e-08
2026-06-17 19:10:00+00:00,9.108090000000002e-09,1.3448240000000001e-08,-5.219750000000012e-10,2.2556330000000003e-08
2026-06-17 19:11:00+00:00,9.28252e-09,1.3553280000000002e-08,-5.406199999999988e-10,2.2835800000000003e-08
2026-06-17 19:12:00+00:00,9.45629e-09,1.3657410000000001e-08,-5.590600000000005e-10,2.31137e-08
2026-06-17 19:13:00+00:00,9.6303e-09,1.376192e-08,-5.771800000000003e-10,2.339222e-08
2026-06-17 19:14:00+00:00,9.800560000000002e-09,1.3862980000000002e-08,-5.947700000000005e-10,2.3663540000000005e-08
2026-06-17 19:15:00+00:00,9.97413e-09,1.3966950000000001e-08,-6.123700000000003e-10,2.394108e-08
2026-06-17 19:16:00+00:00,1.014595e-08,1.40694e-08,-6.305449999999997e-10,2.421535e-08
2026-06-17 19:17:00+00:00,1.031905e-08,1.4172750000000002e-08,-6.476100000000003e-10,2.44918e-08
2026-06-17 19:18:00+00:00,1.0491410000000001e-08,1.4275130000000002e-08,-6.6451e-10,2.4766540000000005e-08
2026-06-17 19:19:00+00:00,1.066397e-08,1.4377870000000001e-08,-6.810700000000001e-10,2.5041840000000002e-08
2026-06-17 19:20:00+00:00,1.0832660000000001e-08,1.447707e-08,-6.971050000000006e-10,2.530973e-08
2026-06-17 19:21:00+00:00,1.100468e-08,1.457922e-08,-7.131299999999997e-10,2.55839e-08
2026-06-17 19:22:00+00:00,1.117569e-08,1.468048e-08,-7.297849999999998e-10,2.585617e-08
2026-06-17 19:23:00+00:00,1.134626e-08,1.4781330000000001e-08,-7.452549999999985e-10,2.6127590000000002e-08
2026-06-17 19:24:00+00:00,1.1517300000000001e-08,1.488241e-08,-7.606149999999997e-10,2.6399710000000002e-08
2026-06-17 19:25:00+00:00,1.1687650000000001e-08,1.498264e-08,-7.755650000000003e-10,2.667029e-08
2026-06-17 19:26:00+00:00,1.1854329999999999e-08,1.5079860000000002e-08,-7.900450000000011e-10,2.6934190000000003e-08
2026-06-17 19:27:00+00:00,1.2024390000000001e-08,1.518003e-08,-8.045200000000001e-10,2.720442e-08
2026-06-17 19:28:00+00:00,1.2193460000000001e-08,1.527925e-08,-8.19564999999999e-10,2.7472710000000004e-08
2026-06-17 19:29:00+00:00,1.236282e-08,1.5378710000000002e-08,-8.335349999999995e-10,2.774153e-08
2026-06-17 19:30:00+00:00,1.253084e-08,1.547712e-08,-8.472799999999978e-10,2.800796e-08
2026-06-17 19:31:00+00:00,1.269896e-08,1.5575250000000002e-08,-8.60665000000001e-10,2.8274210000000003e-08
2026-06-17 19:32:00+00:00,1.286718e-08,1.5673690000000002e-08,-8.738349999999997e-10,2.8540870000000002e-08
2026-06-17 19:33:00+00:00,1.3031090000000002e-08,1.5768350000000002e-08,-8.865099999999996e-10,2.8799440000000003e-08
2026-06-17 19:34:00+00:00,1.3197800000000001e-08,1.5865380000000002e-08,-8.999800000000012e-10,2.9063180000000005e-08
2026-06-17 19:35:00+00:00,1.3364710000000001e-08,1.5962680000000003e-08,-9.123549999999999e-10,2.9327390000000004e-08
2026-06-17 19:36:00+00:00,1.3531100000000001e-08,1.6059550000000002e-08,-9.246250000000025e-10,2.9590650000000004e-08
2026-06-17 19:37:00+00:00,1.3696240000000001e-08,1.615539e-08,-9.364349999999996e-10,2.985163e-08
2026-06-17 19:38:00+00:00,1.386132e-08,1.625089e-08,-9.479949999999989e-10,3.011221e-08
2026-06-17 19:39:00+00:00,1.402245e-08,1.6343250000000003e-08,-9.591300000000002e-10,3.0365700000000006e-08
2026-06-17 19:40:00+00:00,1.418643e-08,1.6437960000000002e-08,-9.710349999999988e-10,3.062439e-08
2026-06-17 19:41:00+00:00,1.4350560000000001e-08,1.653293e-08,-9.81865000000001e-10,3.0883490000000003e-08
2026-06-17 19:42:00+00:00,1.4514040000000001e-08,1.6627320000000003e-08,-9.925599999999993e-10,3.114136e-08
2026-06-17 19:43:00+00:00,1.4677170000000001e-08,1.672153e-08,-1.0028700000000015e-09,3.13987e-08
2026-06-17 19:44:00+00:00,1.4838860000000001e-08,1.6814620000000003e-08,-1.0129000000000003e-09,3.1653480000000006e-08
2026-06-17 19:45:00+00:00,1.499633e-08,1.690383e-08,-1.0224600000000006e-09,3.190016e-08
2026-06-17 19:46:00+00:00,1.5157190000000002e-08,1.6995940000000003e-08,-1.032795000000002e-09,3.2153130000000005e-08
2026-06-17 19:47:00+00:00,1.531812e-08,1.708842e-08,-1.0420800000000004e-09,3.240654e-08
2026-06-17 19:48:00+00:00,1.5478520000000002e-08,1.718049e-08,-1.0511249999999972e-09,3.265901e-08
2026-06-17 19:49:00+00:00,1.563822e-08,1.727199e-08,-1.0600249999999996e-09,3.291021e-08
2026-06-17 19:50:00+00:00,1.579747e-08,1.7363160000000003e-08,-1.0685449999999986e-09,3.316063e-08
2026-06-17 19:51:00+00:00,1.595051e-08,1.7449040000000002e-08,-1.076554999999999e-09,3.3399550000000003e-08
2026-06-17 19:52:00+00:00,1.6107920000000002e-08,1.753859e-08,-1.0853450000000002e-09,3.3646510000000006e-08
2026-06-17 19:53:00+00:00,1.626533e-08,1.762842e-08,-1.093124999999999e-09,3.389375e-08
2026-06-17 19:54:00+00:00,1.6422100000000002e-08,1.771774e-08,-1.100629999999999e-09,3.413984e-08
2026-06-17 19:55:00+00:00,1.6578170000000003e-08,1.780656e-08,-1.1080050000000021e-09,3.438473e-08
2026-06-17 19:56:00+00:00,1.6733720000000003e-08,1.789508e-08,-1.1150199999999977e-09,3.46288e-08
2026-06-17 19:57:00+00:00,1.6884370000000003e-08,1.7979540000000002e-08,-1.1216350000000014e-09,3.4863910000000005e-08
2026-06-17 19:58:00+00:00,1.703737e-08,1.8065550000000003e-08,-1.1288499999999999e-09,3.510292000000001e-08
2026-06-17 19:59:00+00:00,1.7189990000000004e-08,1.815188e-08,-1.1350850000000001e-09,3.5341870000000005e-08
2026-06-17 20:00:00+00:00,1.734281e-08,1.8238440000000002e-08,-1.141095e-09,3.558125e-08
2026-06-17 20:01:00+00:00,1.7494890000000003e-08,1.832442e-08,-1.1469750000000012e-09,3.5819310000000004e-08
2026-06-17 20:02:00+00:00,1.764633e-08,1.841e-08,-1.1525150000000012e-09,3.605633e-08
2026-06-17 20:03:00+00:00,1.779285e-08,1.849157e-08,-1.15766e-09,3.628442e-08
2026-06-17 20:04:00+00:00,1.794166e-08,1.857462e-08,-1.1633599999999973e-09,3.6516280000000004e-08
2026-06-17 20:05:00+00:00,1.809093e-08,1.865872e-08,-1.1681550000000024e-09,3.6749649999999996e-08
2026-06-17 20:06:00+00:00,1.823857e-08,1.874164e-08,-1.172695000000001e-09,3.698021e-08
2026-06-17 20:07:00+00:00,1.838629e-08,1.8824590000000003e-08,-1.1771000000000029e-09,3.721088e-08
2026-06-17 20:08:00+00:00,1.853335e-08,1.8907180000000003e-08,-1.1811749999999962e-09,3.744053e-08
2026-06-17 20:09:00+00:00,1.867965e-08,1.8989270000000002e-08,-1.1849999999999987e-09,3.7668920000000006e-08
2026-06-17 20:10:00+00:00,1.8820850000000002e-08,1.906726e-08,-1.1884750000000005e-09,3.7888110000000003e-08
2026-06-17 20:11:00+00:00,1.896435e-08,1.91467e-08,-1.1924849999999979e-09,3.811105e-08
2026-06-17 20:12:00+00:00,1.910826e-08,1.922714e-08,-1.19557e-09,3.83354e-08
2026-06-17 20:13:00+00:00,1.925042e-08,1.9306360000000003e-08,-1.1985400000000013e-09,3.855678e-08
2026-06-17 20:14:00+00:00,1.939277e-08,1.938583e-08,-1.2011799999999973e-09,3.87786e-08
2026-06-17 20:15:00+00:00,1.953426e-08,1.9464710000000003e-08,-1.2035950000000001e-09,3.899897e-08
2026-06-17 20:16:00+00:00,1.967053e-08,1.9539410000000002e-08,-1.2056700000000015e-09,3.920994e-08
2026-06-17 20:17:00+00:00,1.980982e-08,1.96164e-08,-1.2083000000000013e-09,3.942622e-08
2026-06-17 20:18:00+00:00,1.99481e-08,1.969287e-08,-1.2099649999999969e-09,3.964097e-08
2026-06-17 20:19:00+00:00,2.008619e-08,1.976951e-08,-1.2115299999999998e-09,3.98557e-08
2026-06-17 20:20:00+00:00,2.0222560000000004e-08,1.984498e-08,-1.2127699999999991e-09,4.0067540000000004e-08
2026-06-17 20:21:00+00:00,2.035898e-08,1.9920600000000002e-08,-1.2138099999999987e-09,4.027958e-08
2026-06-17 20:22:00+00:00,2.049006e-08,1.999198e-08,-1.21453e-09,4.0482040000000004e-08
2026-06-17 20:23:00+00:00,2.0624110000000002e-08,2.0065550000000005e-08,-1.2157700000000027e-09,4.0689660000000006e-08
2026-06-17 20:24:00+00:00,2.075714e-08,2.0138700000000003e-08,-1.2160699999999985e-09,4.089584e-08
2026-06-17 20:25:00+00:00,2.088987e-08,2.021188e-08,-1.2162749999999997e-09,4.110175e-08
2026-06-17 20:26:00+00:00,2.102179e-08,2.028465e-08,-1.2161699999999983e-09,4.130644e-08
2026-06-17 20:27:00+00:00,2.115192e-08,2.035619e-08,-1.215865000000001e-09,4.1508110000000005e-08
2026-06-17 20:28:00+00:00,2.12775e-08,2.042411e-08,-1.2152850000000016e-09,4.170161e-08
2026-06-17 20:29:00+00:00,2.1406070000000002e-08,2.0494170000000003e-08,-1.215169999999997e-09,4.190024000000001e-08
2026-06-17 20:30:00+00:00,2.1534240000000003e-08,2.056459e-08,-1.2142049999999997e-09,4.2098830000000004e-08
2026-06-17 20:31:00+00:00,2.166071e-08,2.0633620000000003e-08,-1.2129750000000001e-09,4.229433e-08
2026-06-17 20:32:00+00:00,2.178689e-08,2.070273e-08,-1.211660000000002e-09,4.248962e-08
2026-06-17 20:33:00+00:00,2.1912150000000003e-08,2.077133e-08,-1.210040000000003e-09,4.2683480000000007e-08
2026-06-17 20:34:00+00:00,2.2031110000000003e-08,2.083506e-08,-1.208195e-09,4.286617e-08
2026-06-17 20:35:00+00:00,2.2153860000000003e-08,2.09015e-08,-1.2067900000000016e-09,4.3055360000000006e-08
2026-06-17 20:36:00+00:00,2.227618e-08,2.096831e-08,-1.2045549999999993e-09,4.3244490000000004e-08
2026-06-17 20:37:00+00:00,2.2397480000000003e-08,2.103446e-08,-1.202099999999998e-09,4.343194e-08
2026-06-17 20:38:00+00:00,2.2516980000000003e-08,2.1099160000000004e-08,-1.199490000000001e-09,4.361614e-08
2026-06-17 20:39:00+00:00,2.2636260000000002e-08,2.1164120000000002e-08,-1.1966300000000025e-09,4.3800380000000004e-08
2026-06-17 20:40:00+00:00,2.2749990000000002e-08,2.1224740000000003e-08,-1.1935749999999992e-09,4.397473000000001e-08
2026-06-17 20:41:00+00:00,2.286582e-08,2.1286850000000002e-08,-1.190925e-09,4.4152670000000006e-08
2026-06-17 20:42:00+00:00,2.2982030000000003e-08,2.1349930000000003e-08,-1.1874700000000013e-09,4.4331960000000003e-08
2026-06-17 20:43:00+00:00,2.3097190000000003e-08,2.1412400000000002e-08,-1.1838150000000027e-09,4.450959e-08
2026-06-17 20:44:00+00:00,2.3210370000000003e-08,2.1473240000000003e-08,-1.1799950000000018e-09,4.4683610000000006e-08
2026-06-17 20:45:00+00:00,2.3323440000000004e-08,2.1534490000000003e-08,-1.1759550000000019e-09,4.485793000000001e-08
2026-06-17 20:46:00+00:00,2.343537e-08,2.159499e-08,-1.171710000000001e-09,4.5030359999999996e-08
2026-06-17 20:47:00+00:00,2.354121e-08,2.1650200000000003e-08,-1.167855000000003e-09,4.519141e-08
2026-06-17 20:48:00+00:00,2.365014e-08,2.1708810000000002e-08,-1.1632749999999988e-09,4.5358950000000007e-08
2026-06-17 20:49:00+00:00,2.375886e-08,2.1767430000000004e-08,-1.1584650000000032e-09,4.552629e-08
2026-06-17 20:50:00+00:00,2.386641e-08,2.1825240000000002e-08,-1.1535449999999976e-09,4.569165e-08
2026-06-17 20:51:00+00:00,2.397206e-08,2.188169e-08,-1.148325e-09,4.585375e-08
2026-06-17 20:52:00+00:00,2.407752e-08,2.1938410000000003e-08,-1.142975e-09,4.6015930000000004e-08
2026-06-17 20:53:00+00:00,2.4176730000000002e-08,2.198964e-08,-1.1380049999999997e-09,4.6166370000000003e-08
2026-06-17 20:54:00+00:00,2.4279900000000004e-08,2.204498e-08,-1.1322900000000013e-09,4.632488e-08
2026-06-17 20:55:00+00:00,2.4381920000000004e-08,2.2099620000000004e-08,-1.126380000000001e-09,4.6481540000000004e-08
2026-06-17 20:56:00+00:00,2.4481890000000002e-08,2.2152850000000002e-08,-1.1203900000000005e-09,4.6634740000000004e-08
2026-06-17 20:57:00+00:00,2.4580760000000003e-08,2.2205300000000002e-08,-1.1141100000000037e-09,4.6786060000000005e-08
2026-06-17 20:58:00+00:00,2.467944e-08,2.2258050000000003e-08,-1.1076949999999997e-09,4.693749e-08
2026-06-17 20:59:00+00:00,2.47718e-08,2.230521e-08,-1.101655000000001e-09,4.707701e-08
2026-06-17 21:00:00+00:00,2.486808e-08,2.2356510000000002e-08,-1.094884999999998e-09,4.722459e-08
2026-06-17 21:01:00+00:00,2.496322e-08,2.240715e-08,-1.0879650000000006e-09,4.737037e-08
2026-06-17 21:02:00+00:00,2.505709e-08,2.245696e-08,-1.0809350000000003e-09,4.751405e-08
2026-06-17 21:03:00+00:00,2.514897e-08,2.2505550000000002e-08,-1.0736999999999989e-09,4.7654520000000005e-08
2026-06-17 21:04:00+00:00,2.5239660000000004e-08,2.255324e-08,-1.0662400000000007e-09,4.7792900000000004e-08
2026-06-17 21:05:00+00:00,2.5325080000000002e-08,2.259642e-08,-1.0592199999999963e-09,4.7921500000000003e-08
2026-06-17 21:06:00+00:00,2.541432e-08,2.2643640000000002e-08,-1.0514900000000013e-09,4.8057960000000006e-08
2026-06-17 21:07:00+00:00,2.5502300000000002e-08,2.2690130000000002e-08,-1.0436049999999995e-09,4.8192430000000004e-08
2026-06-17 21:08:00+00:00,2.5588960000000002e-08,2.2735730000000003e-08,-1.0356050000000004e-09,4.8324690000000005e-08
2026-06-17 21:09:00+00:00,2.5674560000000002e-08,2.2780870000000002e-08,-1.0273949999999986e-09,4.8455430000000004e-08
2026-06-17 21:10:00+00:00,2.57581e-08,2.282467e-08,-1.019084999999997e-09,4.8582770000000005e-08
2026-06-17 21:11:00+00:00,2.5835290000000003e-08,2.2862670000000002e-08,-1.0111000000000026e-09,4.8697960000000004e-08
2026-06-17 21:12:00+00:00,2.591717e-08,2.2905650000000004e-08,-1.0024400000000001e-09,4.882282000000001e-08
2026-06-17 21:13:00+00:00,2.5997890000000004e-08,2.294799e-08,-9.936500000000025e-10,4.894588000000001e-08
2026-06-17 21:14:00+00:00,2.6077230000000003e-08,2.298941e-08,-9.847800000000008e-10,4.906664e-08
2026-06-17 21:15:00+00:00,2.615544e-08,2.303032e-08,-9.756999999999998e-10,4.9185760000000004e-08
2026-06-17 21:16:00+00:00,2.62323e-08,2.30704e-08,-9.664800000000008e-10,4.93027e-08
2026-06-17 21:17:00+00:00,2.6301820000000002e-08,2.3104690000000005e-08,-9.572649999999996e-10,4.940651000000001e-08
2026-06-17 21:18:00+00:00,2.637567e-08,2.314227e-08,-9.48189999999997e-10,4.951794e-08
2026-06-17 21:19:00+00:00,2.6448910000000002e-08,2.3180370000000002e-08,-9.385700000000023e-10,4.9629280000000004e-08
2026-06-17 21:20:00+00:00,2.6520720000000003e-08,2.321758e-08,-9.288200000000018e-10,4.973830000000001e-08
2026-06-17 21:21:00+00:00,2.6591300000000003e-08,2.325404e-08,-9.190000000000005e-10,4.984534e-08
2026-06-17 21:22:00+00:00,2.666067e-08,2.328992e-08,-9.089849999999978e-10,4.9950590000000003e-08
2026-06-17 21:23:00+00:00,2.672873e-08,2.332506e-08,-8.988550000000011e-10,5.005379e-08
2026-06-17 21:24:00+00:00,2.6788810000000005e-08,2.3353120000000003e-08,-8.891550000000024e-10,5.014193000000001e-08
2026-06-17 21:25:00+00:00,2.68542e-08,2.3386700000000003e-08,-8.787699999999994e-10,5.02409e-08
2026-06-17 21:26:00+00:00,2.691846e-08,2.3419720000000004e-08,-8.682800000000022e-10,5.033818e-08
2026-06-17 21:27:00+00:00,2.6981250000000002e-08,2.3451740000000004e-08,-8.577350000000018e-10,5.043299e-08
2026-06-17 21:28:00+00:00,2.704288e-08,2.3483260000000003e-08,-8.470099999999975e-10,5.0526140000000004e-08
2026-06-17 21:29:00+00:00,2.7103130000000003e-08,2.3513970000000002e-08,-8.361599999999996e-10,5.06171e-08
2026-06-17 21:30:00+00:00,2.715619e-08,2.3538190000000003e-08,-8.257099999999973e-10,5.0694380000000006e-08
2026-06-17 21:31:00+00:00,2.721307e-08,2.3566870000000003e-08,-8.147099999999981e-10,5.077994e-08
2026-06-17 21:32:00+00:00,2.7269440000000002e-08,2.3595440000000002e-08,-8.035500000000013e-10,5.086488e-08
2026-06-17 21:33:00+00:00,2.732437e-08,2.3623050000000002e-08,-7.923299999999963e-10,5.094742e-08
2026-06-17 21:34:00+00:00,2.737807e-08,2.3650110000000002e-08,-7.809700000000036e-10,5.102818e-08
2026-06-17 21:35:00+00:00,2.7430460000000002e-08,2.367643e-08,-7.695049999999988e-10,5.110689000000001e-08
2026-06-17 21:36:00+00:00,2.7476590000000003e-08,2.3697140000000002e-08,-7.584450000000018e-10,5.1173730000000005e-08
2026-06-17 21:37:00+00:00,2.7525340000000002e-08,2.372104e-08,-7.467700000000015e-10,5.124638e-08
2026-06-17 21:38:00+00:00,2.7572930000000002e-08,2.37445e-08,-7.350750000000019e-10,5.131743000000001e-08
2026-06-17 21:39:00+00:00,2.761986e-08,2.3767650000000002e-08,-7.232649999999979e-10,5.1387510000000006e-08
2026-06-17 21:40:00+00:00,2.7665600000000003e-08,2.379026e-08,-7.113499999999995e-10,5.145586e-08
2026-06-17 21:41:00+00:00,2.7709940000000002e-08,2.3812100000000004e-08,-6.993300000000034e-10,5.152204e-08
2026-06-17 21:42:00+00:00,2.774802e-08,2.382826e-08,-6.877199999999988e-10,5.157628e-08
2026-06-17 21:43:00+00:00,2.778964e-08,2.384857e-08,-6.755350000000001e-10,5.1638209999999996e-08
2026-06-17 21:44:00+00:00,2.782894e-08,2.3867200000000002e-08,-6.632700000000008e-10,5.169614000000001e-08
2026-06-17 21:45:00+00:00,2.7867100000000003e-08,2.388532e-08,-6.510299999999987e-10,5.175242e-08
2026-06-17 21:46:00+00:00,2.79046e-08,2.3903310000000002e-08,-6.386049999999983e-10,5.180791e-08
2026-06-17 21:47:00+00:00,2.7940880000000003e-08,2.3920670000000004e-08,-6.261250000000019e-10,5.186155000000001e-08
2026-06-17 21:48:00+00:00,2.797094e-08,2.3932390000000004e-08,-6.140549999999969e-10,5.1903330000000004e-08
2026-06-17 21:49:00+00:00,2.8004390000000002e-08,2.3948160000000002e-08,-6.014250000000026e-10,5.1952550000000004e-08
2026-06-17 21:50:00+00:00,2.8035530000000003e-08,2.3962270000000003e-08,-5.887199999999987e-10,5.19978e-08
2026-06-17 21:51:00+00:00,2.8066120000000003e-08,2.3976310000000002e-08,-5.759950000000025e-10,5.204243000000001e-08
2026-06-17 21:52:00+00:00,2.8095490000000002e-08,2.3989840000000004e-08,-5.631750000000011e-10,5.2085330000000005e-08
2026-06-17 21:53:00+00:00,2.812279e-08,2.400201e-08,-5.503699999999973e-10,5.21248e-08
2026-06-17 21:54:00+00:00,2.8144760000000004e-08,2.4009260000000004e-08,-5.379100000000002e-10,5.215402000000001e-08
2026-06-17 21:55:00+00:00,2.816993e-08,2.4020420000000004e-08,-5.24915e-10,5.2190350000000005e-08
2026-06-17 21:56:00+00:00,2.819382e-08,2.403092e-08,-5.118699999999983e-10,5.222474e-08
2026-06-17 21:57:00+00:00,2.8215170000000003e-08,2.403946e-08,-4.987949999999977e-10,5.225463e-08
2026-06-17 21:58:00+00:00,2.8236280000000002e-08,2.4048410000000003e-08,-4.856649999999974e-10,5.228469000000001e-08
2026-06-17 21:59:00+00:00,2.8255930000000003e-08,2.405653e-08,-4.724700000000013e-10,5.231246e-08
2026-06-17 22:00:00+00:00,2.827298e-08,2.4062110000000003e-08,-4.595149999999997e-10,5.233509000000001e-08
2026-06-17 22:01:00+00:00,2.828597e-08,2.406531e-08,-4.4649000000000075e-10,5.235128e-08
2026-06-17 22:02:00+00:00,2.830153e-08,2.4071200000000002e-08,-4.3318500000000175e-10,5.237273e-08
2026-06-17 22:03:00+00:00,2.831461e-08,2.40752e-08,-4.1986499999999796e-10,5.238981e-08
2026-06-17 22:04:00+00:00,2.8327340000000002e-08,2.40795e-08,-4.06480000000002e-10,5.240684e-08
2026-06-17 22:05:00+00:00,2.8338750000000003e-08,2.4083100000000003e-08,-3.930750000000032e-10,5.242185e-08
2026-06-17 22:06:00+00:00,2.834797e-08,2.408448e-08,-3.797950000000015e-10,5.243245e-08
2026-06-17 22:07:00+00:00,2.8352190000000002e-08,2.40827e-08,-3.6667499999999724e-10,5.2434890000000004e-08
2026-06-17 22:08:00+00:00,2.8359390000000005e-08,2.4083960000000003e-08,-3.5316500000000066e-10,5.244335000000001e-08
2026-06-17 22:09:00+00:00,2.836525e-08,2.40845e-08,-3.3964499999999733e-10,5.244975e-08
2026-06-17 22:10:00+00:00,2.836855e-08,2.408309e-08,-3.261399999999988e-10,5.245164e-08
2026-06-17 22:11:00+00:00,2.8371620000000002e-08,2.4082110000000002e-08,-3.1258499999999856e-10,5.245373e-08
2026-06-17 22:12:00+00:00,2.8372430000000002e-08,2.4078830000000002e-08,-2.9915000000000093e-10,5.245126e-08
2026-06-17 22:13:00+00:00,2.836894e-08,2.407293e-08,-2.8584499999999835e-10,5.2441870000000006e-08
2026-06-17 22:14:00+00:00,2.836731e-08,2.406919e-08,-2.7231999999999705e-10,5.24365e-08
2026-06-17 22:15:00+00:00,2.8364800000000002e-08,2.4065150000000002e-08,-2.5871499999999873e-10,5.2429950000000004e-08
2026-06-17 22:16:00+00:00,2.836075e-08,2.406008e-08,-2.4511499999999843e-10,5.242083e-08
2026-06-17 22:17:00+00:00,2.835444e-08,2.405353e-08,-2.3150499999999852e-10,5.240797e-08
2026-06-17 22:18:00+00:00,2.834696e-08,2.4045710000000003e-08,-2.1800499999999802e-10,5.2392670000000005e-08
2026-06-17 22:19:00+00:00,2.8335220000000003e-08,2.4035280000000003e-08,-2.0467000000000013e-10,5.2370500000000006e-08
2026-06-17 22:20:00+00:00,2.832574e-08,2.4027360000000003e-08,-1.9106000000000024e-10,5.2353100000000004e-08
2026-06-17 22:21:00+00:00,2.8314370000000003e-08,2.401825e-08,-1.7753000000000086e-10,5.233262000000001e-08
2026-06-17 22:22:00+00:00,2.830203e-08,2.400866e-08,-1.6393499999999862e-10,5.231069e-08
2026-06-17 22:23:00+00:00,2.828738e-08,2.39975e-08,-1.5035999999999916e-10,5.2284879999999996e-08
2026-06-17 22:24:00+00:00,2.8272360000000002e-08,2.3986570000000004e-08,-1.367750000000001e-10,5.225893e-08
2026-06-17 22:25:00+00:00,2.8251550000000003e-08,2.397011e-08,-1.2358000000000047e-10,5.222166e-08
2026-06-17 22:26:00+00:00,2.8233760000000003e-08,2.395761e-08,-1.100349999999999e-10,5.219137e-08
2026-06-17 22:27:00+00:00,2.8214590000000003e-08,2.394438e-08,-9.650499999999696e-11,5.215897000000001e-08
2026-06-17 22:28:00+00:00,2.819352e-08,2.3929840000000002e-08,-8.307999999999894e-11,5.2123360000000005e-08
2026-06-17 22:29:00+00:00,2.8171500000000005e-08,2.391502e-08,-6.95900000000016e-11,5.208652e-08
2026-06-17 22:30:00+00:00,2.8147170000000002e-08,2.3898550000000003e-08,-5.6150000000002366e-11,5.2045720000000005e-08
2026-06-17 22:31:00+00:00,2.811827e-08,2.387766e-08,-4.3065000000002135e-11,5.199593e-08
2026-06-17 22:32:00+00:00,2.8092220000000002e-08,2.3860650000000002e-08,-2.9665000000001385e-11,5.195287000000001e-08
2026-06-17 22:33:00+00:00,2.806478e-08,2.384285e-08,-1.6294999999999506e-11,5.190763e-08
2026-06-17 22:34:00+00:00,2.8035730000000004e-08,2.3824010000000002e-08,-2.960000000001628e-12,5.1859740000000006e-08
2026-06-17 22:35:00+00:00,2.800518e-08,2.3804390000000004e-08,1.0255000000000793e-11,5.180957e-08
2026-06-17 22:36:00+00:00,2.797264e-08,2.37834e-08,2.3500000000002077e-11,5.175604e-08
2026-06-17 22:37:00+00:00,2.793884e-08,2.37611e-08,3.6699999999999735e-11,5.169994e-08
2026-06-17 22:38:00+00:00,2.790121e-08,2.3736370000000004e-08,4.955999999999961e-11,5.163758e-08
2026-06-17 22:39:00+00:00,2.786559e-08,2.3714080000000002e-08,6.268499999999833e-11,5.157967e-08
2026-06-17 22:40:00+00:00,2.782848e-08,2.3690840000000002e-08,7.575999999999895e-11,5.151932e-08
2026-06-17 22:41:00+00:00,2.779015e-08,2.3667070000000002e-08,8.878999999999948e-11,5.145722e-08
2026-06-17 22:42:00+00:00,2.7749960000000004e-08,2.3642070000000003e-08,1.0168499999999626e-10,5.1392030000000004e-08
2026-06-17 22:43:00+00:00,2.7707e-08,2.361433e-08,1.1460499999999742e-10,5.1321330000000006e-08
2026-06-17 22:44:00+00:00,2.766145e-08,2.3585260000000003e-08,1.2714499999999874e-10,5.124671e-08
2026-06-17 22:45:00+00:00,2.761772e-08,2.355851e-08,1.3994500000000088e-10,5.1176229999999995e-08
2026-06-17 22:46:00+00:00,2.757247e-08,2.3530750000000004e-08,1.5268000000000016e-10,5.110322000000001e-08
2026-06-17 22:47:00+00:00,2.7525940000000002e-08,2.3502420000000002e-08,1.6536999999999937e-10,5.102836000000001e-08
2026-06-17 22:48:00+00:00,2.747817e-08,2.3473430000000003e-08,1.779800000000016e-10,5.0951600000000003e-08
2026-06-17 22:49:00+00:00,2.7427790000000005e-08,2.344182e-08,1.9049499999999855e-10,5.0869610000000006e-08
2026-06-17 22:50:00+00:00,2.737339e-08,2.340747e-08,2.025999999999968e-10,5.0780860000000005e-08
2026-06-17 22:51:00+00:00,2.732152e-08,2.337618e-08,2.1499999999999988e-10,5.0697700000000005e-08
2026-06-17 22:52:00+00:00,2.7268280000000003e-08,2.3344000000000004e-08,2.2733000000000205e-10,5.061228000000001e-08
2026-06-17 22:53:00+00:00,2.7213860000000003e-08,2.3311340000000002e-08,2.395800000000001e-10,5.052520000000001e-08
2026-06-17 22:54:00+00:00,2.7158130000000002e-08,2.3277940000000002e-08,2.517449999999997e-10,5.0436070000000005e-08
2026-06-17 22:55:00+00:00,2.7100010000000004e-08,2.3242180000000002e-08,2.6391499999999727e-10,5.034219e-08
2026-06-17 22:56:00+00:00,2.703794e-08,2.320359e-08,2.7555500000000066e-10,5.0241529999999997e-08
2026-06-17 22:57:00+00:00,2.6977910000000003e-08,2.316761e-08,2.873899999999985e-10,5.0145520000000004e-08
2026-06-17 22:58:00+00:00,2.6916970000000002e-08,2.3131350000000003e-08,2.9920999999999865e-10,5.004832000000001e-08
2026-06-17 22:59:00+00:00,2.685445e-08,2.3094e-08,3.109649999999995e-10,4.994845e-08
2026-06-17 23:00:00+00:00,2.679086e-08,2.3056230000000002e-08,3.2261500000000256e-10,4.9847090000000005e-08
2026-06-17 23:01:00+00:00,2.6725010000000003e-08,2.3016190000000003e-08,3.342699999999965e-10,4.9741200000000006e-08
2026-06-17 23:02:00+00:00,2.665625e-08,2.297428e-08,3.453850000000003e-10,4.9630530000000005e-08
2026-06-17 23:03:00+00:00,2.6587890000000004e-08,2.2933480000000002e-08,3.567149999999977e-10,4.952137e-08
2026-06-17 23:04:00+00:00,2.651877e-08,2.2892420000000002e-08,3.678949999999972e-10,4.9411190000000006e-08
2026-06-17 23:05:00+00:00,2.644869e-08,2.285092e-08,3.790550000000011e-10,4.929961e-08
2026-06-17 23:06:00+00:00,2.6377420000000003e-08,2.280885e-08,3.9011500000000155e-10,4.918627e-08
2026-06-17 23:07:00+00:00,2.6303830000000004e-08,2.276449e-08,4.0118999999999973e-10,4.906832e-08
2026-06-17 23:08:00+00:00,2.622746e-08,2.2718270000000002e-08,4.1167500000000246e-10,4.894573000000001e-08
2026-06-17 23:09:00+00:00,2.6152510000000002e-08,2.267419e-08,4.224099999999993e-10,4.88267e-08
2026-06-17 23:10:00+00:00,2.6075320000000003e-08,2.2628450000000004e-08,4.3298499999999863e-10,4.870377000000001e-08
2026-06-17 23:11:00+00:00,2.59974e-08,2.2582370000000002e-08,4.434150000000017e-10,4.857977e-08
2026-06-17 23:12:00+00:00,2.591854e-08,2.253604e-08,4.537900000000015e-10,4.8454580000000005e-08
2026-06-17 23:13:00+00:00,2.5837430000000003e-08,2.248746e-08,4.64215000000003e-10,4.832489e-08
2026-06-17 23:14:00+00:00,2.57562e-08,2.2439830000000003e-08,4.743649999999988e-10,4.8196030000000006e-08
2026-06-17 23:15:00+00:00,2.5671420000000004e-08,2.238892e-08,4.840300000000007e-10,4.8060340000000004e-08
2026-06-17 23:16:00+00:00,2.558691e-08,2.233909e-08,4.938800000000008e-10,4.7926e-08
2026-06-17 23:17:00+00:00,2.550181e-08,2.228913e-08,5.0366e-10,4.779094e-08
2026-06-17 23:18:00+00:00,2.541548e-08,2.223844e-08,5.132300000000001e-10,4.765392e-08
2026-06-17 23:19:00+00:00,2.5327030000000002e-08,2.218572e-08,5.229350000000004e-10,4.751275e-08
2026-06-17 23:20:00+00:00,2.523853e-08,2.2134e-08,5.32305000000001e-10,4.737253e-08
2026-06-17 23:21:00+00:00,2.5146590000000002e-08,2.2079000000000002e-08,5.411950000000019e-10,4.7225590000000004e-08
2026-06-17 23:22:00+00:00,2.5055730000000003e-08,2.202594e-08,5.502949999999985e-10,4.7081670000000005e-08
2026-06-17 23:23:00+00:00,2.4962710000000003e-08,2.1971170000000003e-08,5.592399999999991e-10,4.6933880000000003e-08
2026-06-17 23:24:00+00:00,2.486949e-08,2.191676e-08,5.680650000000008e-10,4.678625e-08
2026-06-17 23:25:00+00:00,2.477359e-08,2.1859590000000004e-08,5.76900000000002e-10,4.663318e-08
2026-06-17 23:26:00+00:00,2.467806e-08,2.18039e-08,5.854299999999988e-10,4.648196e-08
2026-06-17 23:27:00+00:00,2.457932e-08,2.174505e-08,5.934950000000009e-10,4.6324370000000004e-08
2026-06-17 23:28:00+00:00,2.4481490000000003e-08,2.1688030000000002e-08,6.017299999999963e-10,4.616952e-08
2026-06-17 23:29:00+00:00,2.4381480000000003e-08,2.162926e-08,6.098099999999996e-10,4.6010740000000004e-08
2026-06-17 23:30:00+00:00,2.4281330000000003e-08,2.157089e-08,6.177499999999974e-10,4.585222e-08
2026-06-17 23:31:00+00:00,2.418004e-08,2.1511880000000002e-08,6.255299999999977e-10,4.5691920000000004e-08
2026-06-17 23:32:00+00:00,2.407621e-08,2.1450220000000004e-08,6.333649999999977e-10,4.5526430000000005e-08
2026-06-17 23:33:00+00:00,2.397086e-08,2.138758e-08,6.405099999999991e-10,4.5358439999999996e-08
2026-06-17 23:34:00+00:00,2.386619e-08,2.132662e-08,6.478250000000045e-10,4.519281e-08
2026-06-17 23:35:00+00:00,2.376033e-08,2.126487e-08,6.550300000000001e-10,4.5025200000000005e-08
2026-06-17 23:36:00+00:00,2.3652650000000004e-08,2.12018e-08,6.619750000000018e-10,4.4854450000000004e-08
2026-06-17 23:37:00+00:00,2.3544840000000002e-08,2.113907e-08,6.688050000000025e-10,4.468391e-08
2026-06-17 23:38:00+00:00,2.343442e-08,2.107378e-08,6.757600000000004e-10,4.45082e-08
2026-06-17 23:39:00+00:00,2.3322550000000002e-08,2.1007180000000002e-08,6.818750000000016e-10,4.432973e-08
2026-06-17 23:40:00+00:00,2.3211390000000004e-08,2.094246e-08,6.882149999999961e-10,4.4153850000000005e-08
2026-06-17 23:41:00+00:00,2.3099070000000003e-08,2.0876980000000002e-08,6.944049999999997e-10,4.3976050000000006e-08
2026-06-17 23:42:00+00:00,2.298573e-08,2.081099e-08,7.00409999999998e-10,4.379672e-08
2026-06-17 23:43:00+00:00,2.287063e-08,2.0743610000000002e-08,7.061600000000042e-10,4.3614240000000006e-08
2026-06-17 23:44:00+00:00,2.2754000000000003e-08,2.0674790000000004e-08,7.121249999999969e-10,4.3428790000000004e-08
